price,rooms,bathroom,lift,terrace,square_meters,real_state,neighborhood
3000,3,2,FALSE,FALSE,150,apartment,Eixample
1250,1,1,FALSE,FALSE,35,apartment,Eixample
2200,4,2,FALSE,FALSE,90,apartment,Gracia
3468,3,2,FALSE,FALSE,98,apartment,Ciutat Vella
1100,1,1,TRUE,FALSE,45,apartment,Les Corts
2500,3,2,TRUE,FALSE,180,apartment,Eixample
1500,2,2,TRUE,FALSE,60,apartment,Eixample
2057,1,1,TRUE,FALSE,74,apartment,Sant Martí
1800,3,2,FALSE,FALSE,100,apartment,Ciutat Vella
1800,1,1,FALSE,FALSE,90,apartment,Gracia
3144,2,2,FALSE,FALSE,62,apartment,Eixample
1550,3,1,FALSE,FALSE,63,apartment,Sants-Montjuic
1800,1,1,FALSE,FALSE,55,apartment,Sants-Montjuic
2400,2,1,FALSE,FALSE,65,apartment,Ciutat Vella
1600,1,1,FALSE,FALSE,48,apartment,Ciutat Vella
976,3,1,FALSE,FALSE,80,apartment,Ciutat Vella
976,3,1,FALSE,FALSE,80,apartment,Ciutat Vella
2021,2,1,FALSE,FALSE,60,apartment,Eixample
1540,2,1,FALSE,FALSE,75,apartment,Eixample
1500,1,1,TRUE,FALSE,58,apartment,Sant Martí
2300,3,2,TRUE,FALSE,90,apartment,Eixample
2250,3,2,TRUE,FALSE,100,apartment,Eixample
3500,3,3,TRUE,FALSE,205,apartment,Eixample
650,0,1,TRUE,FALSE,28,apartment,Ciutat Vella
1220,1,1,TRUE,FALSE,75,apartment,Sarria-Sant Gervasi
1050,1,1,TRUE,FALSE,61,apartment,Ciutat Vella
1150,2,1,TRUE,FALSE,60,apartment,Ciutat Vella
1200,3,1,TRUE,FALSE,75,apartment,Ciutat Vella
850,1,1,FALSE,FALSE,40,apartment,Ciutat Vella
4000,2,2,TRUE,FALSE,115,apartment,Ciutat Vella
2500,3,2,TRUE,FALSE,139,apartment,Ciutat Vella
1360,2,1,TRUE,TRUE,57,apartment,Ciutat Vella
1690,3,2,FALSE,FALSE,130,apartment,Ciutat Vella
1290,4,2,TRUE,FALSE,120,apartment,Ciutat Vella
1500,2,1,TRUE,TRUE,62,apartment,Ciutat Vella
1130,1,1,TRUE,TRUE,47,apartment,Ciutat Vella
1000,2,3,TRUE,FALSE,70,apartment,Ciutat Vella
1250,2,1,TRUE,TRUE,62,apartment,Ciutat Vella
2300,4,3,TRUE,FALSE,147,apartment,Ciutat Vella
2500,2,2,TRUE,FALSE,122,apartment,Ciutat Vella
2700,4,2,TRUE,TRUE,162,apartment,Ciutat Vella
1100,2,2,TRUE,FALSE,75,apartment,Ciutat Vella
1000,2,2,TRUE,FALSE,66,apartment,Ciutat Vella
1350,1,1,FALSE,TRUE,50,apartment,Gracia
1300,2,1,TRUE,FALSE,60,apartment,Gracia
1350,2,1,TRUE,FALSE,60,apartment,Gracia
2229,3,2,FALSE,FALSE,80,apartment,Eixample
2150,1,1,FALSE,FALSE,35,apartment,Sants-Montjuic
1806,2,2,FALSE,FALSE,80,apartment,Sant Martí
2155,3,2,FALSE,FALSE,80,apartment,Eixample
2317,3,2,FALSE,FALSE,80,apartment,Eixample
2008,3,2,FALSE,FALSE,80,apartment,Eixample
2040,1,1,FALSE,FALSE,45,apartment,Sants-Montjuic
2760,3,2,FALSE,FALSE,80,apartment,Eixample
2000,2,2,TRUE,TRUE,115,apartment,Ciutat Vella
1200,2,1,TRUE,TRUE,61,apartment,Ciutat Vella
1700,2,2,TRUE,TRUE,120,apartment,Ciutat Vella
4900,4,3,TRUE,FALSE,170,apartment,Sarria-Sant Gervasi
2900,4,3,TRUE,FALSE,247,apartment,Sarria-Sant Gervasi
1300,2,1,TRUE,FALSE,60,apartment,Ciutat Vella
1700,2,1,TRUE,TRUE,95,apartment,Ciutat Vella
1800,2,1,TRUE,FALSE,89,apartment,Sant Martí
3900,3,2,TRUE,TRUE,135,apartment,Sant Martí
1050,2,1,TRUE,FALSE,45,apartment,Ciutat Vella
1300,2,1,TRUE,TRUE,55,apartment,Les Corts
2300,2,2,TRUE,TRUE,130,apartment,Les Corts
4200,5,4,TRUE,TRUE,273,apartment,Les Corts
2500,2,3,TRUE,TRUE,150,apartment,Les Corts
2950,5,3,TRUE,FALSE,250,apartment,Les Corts
3000,5,3,TRUE,TRUE,233,apartment,Les Corts
3600,4,4,TRUE,FALSE,248,apartment,Les Corts
3500,3,3,TRUE,TRUE,191,apartment,Les Corts
1100,2,1,TRUE,FALSE,60,apartment,Sarria-Sant Gervasi
8500,3,3,TRUE,TRUE,140,apartment,Eixample
2500,3,2,TRUE,FALSE,105,apartment,Eixample
2200,3,2,TRUE,TRUE,155,apartment,Sarria-Sant Gervasi
2000,3,2,TRUE,FALSE,150,apartment,Ciutat Vella
1300,1,1,TRUE,FALSE,45,apartment,Ciutat Vella
2100,2,2,TRUE,TRUE,92,apartment,Eixample
1100,1,1,TRUE,FALSE,55,apartment,Sarria-Sant Gervasi
1200,2,1,TRUE,FALSE,72,apartment,Eixample
850,2,1,TRUE,FALSE,58,apartment,Eixample
1050,1,1,FALSE,FALSE,50,apartment,Gracia
1500,2,1,TRUE,TRUE,85,apartment,Sant Martí
1100,1,1,TRUE,FALSE,50,apartment,Sant Martí
3750,2,2,TRUE,TRUE,105,apartment,Sarria-Sant Gervasi
1450,3,2,TRUE,FALSE,84,apartment,Eixample
1450,4,1,FALSE,FALSE,128,apartment,Eixample
2500,2,2,TRUE,FALSE,105,apartment,Eixample
2200,3,2,TRUE,FALSE,100,apartment,Eixample
1500,2,1,TRUE,FALSE,62,apartment,Eixample
1200,1,1,TRUE,FALSE,53,apartment,Eixample
2100,4,2,TRUE,FALSE,116,apartment,Eixample
1272,1,1,TRUE,FALSE,67,apartment,Eixample
1900,5,2,TRUE,FALSE,139,apartment,Eixample
1500,2,1,TRUE,TRUE,60,apartment,Eixample
1300,2,1,TRUE,TRUE,60,apartment,Eixample
2400,1,1,TRUE,TRUE,67,apartment,Eixample
2000,2,1,TRUE,FALSE,70,apartment,Eixample
3100,1,1,TRUE,TRUE,50,apartment,Eixample
600,2,1,FALSE,FALSE,42,apartment,Ciutat Vella
4000,6,3,TRUE,TRUE,228,apartment,Eixample
6500,5,5,TRUE,TRUE,234,apartment,Eixample
3800,5,3,TRUE,TRUE,150,apartment,Eixample
2200,2,2,TRUE,FALSE,121,apartment,Eixample
3500,0,3,TRUE,TRUE,260,apartment,Eixample
1950,2,2,TRUE,TRUE,85,apartment,Eixample
1800,2,1,TRUE,FALSE,92,apartment,Eixample
1500,2,1,FALSE,FALSE,45,apartment,Eixample
700,2,1,FALSE,FALSE,50,apartment,Ciutat Vella
840,2,1,TRUE,FALSE,50,apartment,Les Corts
1250,2,2,TRUE,FALSE,151,apartment,Sant Martí
650,1,1,TRUE,FALSE,40,apartment,Gracia
1200,1,1,TRUE,FALSE,40,apartment,Eixample
2505,1,1,FALSE,FALSE,90,apartment,Sant Martí
1260,1,1,FALSE,FALSE,52,apartment,Ciutat Vella
1217,1,1,FALSE,FALSE,40,apartment,Ciutat Vella
3400,5,3,TRUE,FALSE,220,apartment,Sarria-Sant Gervasi
1600,2,1,TRUE,FALSE,50,apartment,Ciutat Vella
1936,1,1,TRUE,FALSE,69,apartment,Sant Martí
2300,2,2,TRUE,FALSE,62,apartment,Sant Martí
680,1,1,FALSE,FALSE,36,apartment,Ciutat Vella
1050,2,1,FALSE,FALSE,55,apartment,Les Corts
550,2,1,FALSE,FALSE,35,apartment,Ciutat Vella
968,1,1,FALSE,FALSE,43,apartment,Ciutat Vella
6213,3,2,FALSE,FALSE,120,apartment,Sant Martí
1702,2,1,FALSE,FALSE,65,apartment,Eixample
1670,1,1,FALSE,FALSE,50,apartment,Ciutat Vella
2600,2,2,FALSE,FALSE,95,apartment,Ciutat Vella
1300,2,1,TRUE,FALSE,80,apartment,Ciutat Vella
850,0,1,FALSE,FALSE,54,apartment,Ciutat Vella
725,0,1,TRUE,FALSE,40,apartment,Eixample
550,1,1,TRUE,FALSE,37,apartment,Sant Andreu
940,2,1,TRUE,FALSE,66,apartment,Sants-Montjuic
1650,3,3,TRUE,FALSE,140,apartment,Eixample
725,0,1,TRUE,FALSE,40,apartment,Eixample
700,0,1,FALSE,FALSE,38,apartment,Ciutat Vella
670,1,1,FALSE,FALSE,32,apartment,Ciutat Vella
840,2,1,TRUE,FALSE,60,apartment,Ciutat Vella
800,2,1,TRUE,FALSE,65,apartment,Sarria-Sant Gervasi
1500,2,1,TRUE,FALSE,80,apartment,Gracia
3500,1,1,TRUE,FALSE,66,apartment,Sant Martí
14800,1,1,TRUE,FALSE,80,apartment,Ciutat Vella
6126,3,2,FALSE,FALSE,130,apartment,Eixample
1900,1,1,FALSE,FALSE,60,apartment,Eixample
2970,3,2,FALSE,FALSE,100,apartment,Eixample
1540,4,1,FALSE,FALSE,73,apartment,Eixample
1500,3,1,FALSE,FALSE,75,apartment,Sants-Montjuic
3080,1,1,FALSE,FALSE,115,apartment,Sarria-Sant Gervasi
4000,3,2,FALSE,FALSE,85,apartment,Les Corts
2492,3,2,FALSE,FALSE,71,apartment,Eixample
1760,1,1,FALSE,FALSE,60,apartment,Sant Martí
2922,3,2,FALSE,FALSE,71,apartment,Ciutat Vella
3540,5,4,FALSE,FALSE,120,apartment,Eixample
2388,2,2,FALSE,FALSE,79,apartment,Ciutat Vella
1739,4,2,FALSE,FALSE,125,apartment,Ciutat Vella
2148,3,2,FALSE,FALSE,90,apartment,Eixample
1211,4,2,FALSE,FALSE,140,apartment,Ciutat Vella
1249,4,2,FALSE,FALSE,140,apartment,Ciutat Vella
1249,4,2,FALSE,FALSE,140,apartment,Ciutat Vella
2142,4,2,FALSE,FALSE,98,apartment,Eixample
2331,4,2,FALSE,FALSE,95,apartment,Eixample
2293,1,1,FALSE,FALSE,50,apartment,Eixample
6998,3,2,FALSE,FALSE,130,apartment,Eixample
2447,3,1,FALSE,FALSE,77,apartment,Eixample
7192,2,1,FALSE,FALSE,55,apartment,Eixample
1250,1,1,FALSE,FALSE,35,apartment,Eixample
1600,2,1,FALSE,FALSE,65,apartment,Ciutat Vella
3180,3,3,TRUE,FALSE,220,apartment,Eixample
1900,2,2,TRUE,FALSE,96,apartment,Ciutat Vella
1900,2,3,TRUE,FALSE,150,apartment,Les Corts
7200,2,3,TRUE,FALSE,164,apartment,Sant Martí
1300,2,1,TRUE,TRUE,70,apartment,Eixample
1150,1,1,TRUE,FALSE,65,apartment,Ciutat Vella
1100,2,2,TRUE,FALSE,70,apartment,Sarria-Sant Gervasi
1800,1,1,TRUE,FALSE,46,apartment,Sant Martí
3000,2,2,TRUE,FALSE,77,apartment,Sant Martí
1300,4,1,TRUE,FALSE,107,apartment,Les Corts
1875,3,1,FALSE,TRUE,105,apartment,Ciutat Vella
1380,4,2,TRUE,FALSE,100,apartment,Eixample
1000,2,1,TRUE,FALSE,77,apartment,Eixample
850,3,1,FALSE,FALSE,46,apartment,Gracia
1512,1,1,FALSE,FALSE,60,apartment,Sant Martí
2179,3,2,FALSE,FALSE,109,apartment,Eixample
1540,3,1,FALSE,FALSE,70,apartment,Eixample
4000,2,1,FALSE,FALSE,60,apartment,Eixample
1905,1,1,FALSE,FALSE,60,apartment,Horta- Guinardo
2500,1,1,FALSE,FALSE,45,apartment,Eixample
2142,4,2,FALSE,FALSE,100,apartment,Eixample
1436,4,2,FALSE,FALSE,120,apartment,Ciutat Vella
1246,1,1,FALSE,FALSE,40,apartment,Eixample
2970,3,2,FALSE,FALSE,130,apartment,Eixample
3373,2,1,FALSE,FALSE,62,apartment,Gracia
1250,1,1,FALSE,FALSE,35,apartment,Eixample
2252,4,2,FALSE,FALSE,100,apartment,Eixample
2142,4,2,FALSE,FALSE,100,apartment,Eixample
2288,4,2,FALSE,FALSE,100,apartment,Eixample
1661,1,1,FALSE,FALSE,45,apartment,Eixample
2354,3,2,FALSE,FALSE,92,apartment,Sant Martí
1377,1,1,FALSE,FALSE,20,apartment,Gracia
1640,3,1,FALSE,FALSE,65,apartment,Eixample
2063,3,2,FALSE,FALSE,100,apartment,Eixample
1643,2,1,FALSE,FALSE,60,apartment,Sants-Montjuic
1500,1,1,FALSE,FALSE,35,apartment,Sant Andreu
2145,2,1,FALSE,FALSE,75,apartment,Ciutat Vella
2241,4,2,FALSE,FALSE,100,apartment,Eixample
1870,3,1,FALSE,FALSE,85,apartment,Ciutat Vella
1870,3,2,FALSE,FALSE,85,apartment,Ciutat Vella
1870,2,1,FALSE,FALSE,65,apartment,Eixample
1967,2,2,FALSE,FALSE,85,apartment,Eixample
2969,1,1,FALSE,FALSE,44,apartment,Gracia
2142,4,2,FALSE,FALSE,100,apartment,Eixample
1889,2,2,FALSE,FALSE,84,apartment,Eixample
2654,2,1,FALSE,FALSE,62,apartment,Sant Martí
2142,4,2,FALSE,FALSE,100,apartment,Eixample
1889,2,2,FALSE,FALSE,84,apartment,Eixample
2654,2,1,FALSE,FALSE,62,apartment,Sant Martí
2032,3,2,FALSE,FALSE,62,apartment,Ciutat Vella
5589,4,2,FALSE,FALSE,95,apartment,Eixample
1495,1,1,FALSE,FALSE,40,apartment,Ciutat Vella
1200,2,1,FALSE,FALSE,55,apartment,Ciutat Vella
1504,1,1,FALSE,FALSE,25,apartment,Ciutat Vella
1942,2,1,FALSE,FALSE,75,apartment,Ciutat Vella
7147,4,2,TRUE,FALSE,110,apartment,Eixample
695,1,1,TRUE,FALSE,50,apartment,Gracia
900,2,1,TRUE,FALSE,55,apartment,Sarria-Sant Gervasi
2000,2,2,TRUE,FALSE,73,apartment,Eixample
1150,2,1,TRUE,FALSE,64,apartment,Sarria-Sant Gervasi
779,2,1,FALSE,FALSE,42,apartment,Sant Martí
1100,1,1,TRUE,FALSE,45,apartment,Sarria-Sant Gervasi
1700,2,3,FALSE,TRUE,180,apartment,Sants-Montjuic
1418,1,1,FALSE,FALSE,45,apartment,Eixample
1348,2,1,FALSE,FALSE,58,apartment,Eixample
1430,1,1,FALSE,FALSE,60,apartment,Ciutat Vella
1102,1,1,FALSE,FALSE,40,apartment,Eixample
4600,4,4,FALSE,FALSE,220,apartment,Sarria-Sant Gervasi
1600,1,1,TRUE,FALSE,75,apartment,Ciutat Vella
1100,3,1,TRUE,FALSE,80,apartment,Eixample
1600,2,2,TRUE,FALSE,87,apartment,Eixample
1250,2,1,TRUE,FALSE,60,apartment,Ciutat Vella
2200,2,2,TRUE,FALSE,90,apartment,Eixample
675,1,1,FALSE,FALSE,34,apartment,Ciutat Vella
775,1,1,FALSE,FALSE,45,apartment,Ciutat Vella
700,1,1,FALSE,FALSE,36,apartment,Eixample
625,1,1,FALSE,FALSE,30,apartment,Ciutat Vella
1050,2,1,FALSE,FALSE,55,apartment,Les Corts
795,2,1,TRUE,FALSE,56,apartment,Sants-Montjuic
1800,1,1,TRUE,FALSE,65,apartment,Eixample
980,2,1,TRUE,TRUE,69,apartment,Sant Martí
13272,5,2,FALSE,FALSE,140,apartment,Eixample
2200,2,1,FALSE,FALSE,60,apartment,Sarria-Sant Gervasi
1333,1,1,FALSE,FALSE,50,apartment,Eixample
1797,1,1,FALSE,FALSE,50,apartment,Eixample
1467,1,1,FALSE,FALSE,55,apartment,Eixample
2600,1,1,FALSE,FALSE,45,apartment,Eixample
3450,1,1,FALSE,FALSE,60,apartment,Eixample
2117,2,1,FALSE,FALSE,45,apartment,Les Corts
1333,1,1,FALSE,FALSE,50,apartment,Eixample
2250,3,2,FALSE,FALSE,100,apartment,Ciutat Vella
2255,2,2,FALSE,FALSE,55,apartment,Sarria-Sant Gervasi
2255,2,2,FALSE,FALSE,55,apartment,Sarria-Sant Gervasi
2806,2,2,FALSE,FALSE,69,apartment,Eixample
1200,1,1,FALSE,FALSE,36,apartment,Ciutat Vella
950,1,1,TRUE,FALSE,50,apartment,Sarria-Sant Gervasi
2300,3,2,TRUE,FALSE,110,apartment,Eixample
2580,3,2,TRUE,FALSE,140,apartment,Eixample
1350,2,2,TRUE,FALSE,69,apartment,Ciutat Vella
1840,3,1,FALSE,FALSE,63,apartment,Gracia
1250,3,1,FALSE,FALSE,70,apartment,Sants-Montjuic
1475,1,1,FALSE,FALSE,41,apartment,Ciutat Vella
1475,1,1,FALSE,FALSE,41,apartment,Ciutat Vella
1452,1,1,FALSE,FALSE,45,apartment,Ciutat Vella
1785,1,1,FALSE,FALSE,50,apartment,Sant Martí
1736,1,1,FALSE,FALSE,47,apartment,Sant Martí
890,1,1,FALSE,FALSE,56,apartment,Gracia
3500,3,2,TRUE,TRUE,135,apartment,Ciutat Vella
2300,1,1,TRUE,TRUE,81,apartment,Eixample
850,1,1,TRUE,FALSE,39,apartment,Sarria-Sant Gervasi
15000,4,3,TRUE,FALSE,450,apartment,Sarria-Sant Gervasi
1800,2,2,TRUE,FALSE,112,apartment,Eixample
800,2,1,TRUE,FALSE,59,apartment,Sarria-Sant Gervasi
2457,2,2,FALSE,FALSE,75,apartment,Ciutat Vella
2000,4,1,FALSE,FALSE,140,apartment,Horta- Guinardo
900,1,1,FALSE,FALSE,40,apartment,Sant Andreu
1500,2,2,FALSE,FALSE,95,apartment,Les Corts
2200,2,2,FALSE,FALSE,65,apartment,Eixample
1452,1,1,FALSE,FALSE,45,apartment,Ciutat Vella
1500,2,1,FALSE,FALSE,86,apartment,Ciutat Vella
850,1,1,FALSE,FALSE,25,apartment,Ciutat Vella
1500,1,1,TRUE,TRUE,51,apartment,Eixample
3850,5,3,TRUE,FALSE,277,apartment,Sarria-Sant Gervasi
3164,5,3,TRUE,TRUE,274,apartment,Sarria-Sant Gervasi
1200,1,1,TRUE,FALSE,55,apartment,Sarria-Sant Gervasi
2300,5,3,TRUE,TRUE,149,apartment,Sarria-Sant Gervasi
1300,3,2,TRUE,FALSE,117,apartment,Sarria-Sant Gervasi
1750,3,3,TRUE,FALSE,97,apartment,Sarria-Sant Gervasi
1150,1,1,TRUE,FALSE,42,apartment,Eixample
940,0,1,TRUE,FALSE,56,apartment,Les Corts
1050,1,1,TRUE,TRUE,70,apartment,Sarria-Sant Gervasi
1290,2,1,TRUE,FALSE,83,apartment,Les Corts
700,1,1,TRUE,FALSE,42,apartment,Sant Martí
975,1,1,TRUE,FALSE,75,apartment,Sarria-Sant Gervasi
790,1,1,TRUE,FALSE,58,apartment,Ciutat Vella
1500,2,2,FALSE,FALSE,91,apartment,Ciutat Vella
1575,1,1,FALSE,FALSE,50,apartment,Eixample
5476,4,2,FALSE,FALSE,60,apartment,Sants-Montjuic
3450,2,1,FALSE,FALSE,105,apartment,Ciutat Vella
1938,1,1,FALSE,FALSE,60,apartment,Ciutat Vella
850,1,1,TRUE,FALSE,45,apartment,Les Corts
1040,2,1,TRUE,FALSE,66,apartment,Sants-Montjuic
1195,1,1,FALSE,FALSE,70,apartment,Sarria-Sant Gervasi
1800,1,1,TRUE,FALSE,75,apartment,Ciutat Vella
2800,3,2,TRUE,TRUE,138,apartment,Eixample
2550,2,2,FALSE,FALSE,135,apartment,Ciutat Vella
1200,1,1,TRUE,FALSE,50,apartment,Sarria-Sant Gervasi
1000,3,1,FALSE,FALSE,78,apartment,Sant Martí
525,0,1,FALSE,FALSE,27,apartment,Ciutat Vella
850,2,2,FALSE,FALSE,85,apartment,Ciutat Vella
1735,2,1,FALSE,FALSE,70,apartment,Eixample
1210,1,1,FALSE,FALSE,65,apartment,Eixample
1735,2,1,FALSE,FALSE,70,apartment,Eixample
1161,1,1,FALSE,FALSE,28,apartment,Eixample
2303,2,2,TRUE,FALSE,100,apartment,Eixample
4700,3,2,FALSE,FALSE,80,apartment,Ciutat Vella
1256,1,1,FALSE,FALSE,45,apartment,Sant Martí
1050,2,1,TRUE,FALSE,55,apartment,Les Corts
700,1,1,FALSE,FALSE,31,apartment,Sarria-Sant Gervasi
1600,3,2,TRUE,FALSE,130,apartment,Ciutat Vella
1500,2,1,FALSE,FALSE,90,apartment,Eixample
1675,3,2,TRUE,TRUE,94,apartment,Eixample
700,0,1,FALSE,FALSE,29,apartment,Ciutat Vella
720,2,1,FALSE,FALSE,45,apartment,Eixample
2500,5,3,TRUE,TRUE,181,apartment,Sarria-Sant Gervasi
2300,2,2,TRUE,FALSE,105,apartment,Eixample
3300,2,2,TRUE,FALSE,185,apartment,Eixample
1800,2,1,TRUE,FALSE,75,apartment,Ciutat Vella
1400,1,1,TRUE,FALSE,45,apartment,Ciutat Vella
550,1,1,FALSE,FALSE,30,apartment,Ciutat Vella
1500,2,2,TRUE,TRUE,86,apartment,Ciutat Vella
2000,2,2,TRUE,FALSE,90,apartment,Eixample
649,1,1,FALSE,TRUE,44,apartment,Ciutat Vella
1600,3,2,TRUE,TRUE,100,apartment,Sarria-Sant Gervasi
600,1,1,FALSE,TRUE,50,apartment,Gracia
1400,4,2,TRUE,FALSE,176,apartment,Sarria-Sant Gervasi
2800,3,3,TRUE,TRUE,160,apartment,Eixample
2200,2,2,TRUE,TRUE,165,apartment,Sarria-Sant Gervasi
3500,3,2,TRUE,FALSE,150,apartment,Les Corts
1650,2,1,TRUE,FALSE,80,apartment,Ciutat Vella
1100,1,1,TRUE,FALSE,50,apartment,Ciutat Vella
800,2,1,FALSE,FALSE,60,apartment,Sants-Montjuic
680,2,1,TRUE,FALSE,60,apartment,Eixample
750,2,1,FALSE,FALSE,55,apartment,Horta- Guinardo
720,1,1,FALSE,FALSE,33,apartment,Ciutat Vella
845,1,1,TRUE,FALSE,55,apartment,Eixample
890,1,1,TRUE,FALSE,60,apartment,Eixample
675,1,1,TRUE,FALSE,35,apartment,Sarria-Sant Gervasi
1150,1,1,TRUE,TRUE,60,apartment,Ciutat Vella
6000,1,2,TRUE,FALSE,133,apartment,Sant Martí
1540,1,1,FALSE,FALSE,40,apartment,Ciutat Vella
2545,2,2,FALSE,FALSE,120,apartment,Eixample
2500,2,1,FALSE,FALSE,60,apartment,Sarria-Sant Gervasi
2000,3,1,FALSE,FALSE,70,apartment,Eixample
1825,1,1,FALSE,FALSE,56,apartment,Eixample
1820,1,1,FALSE,FALSE,55,apartment,Ciutat Vella
2200,1,1,FALSE,FALSE,55,apartment,Ciutat Vella
3450,2,1,FALSE,FALSE,90,apartment,Ciutat Vella
1440,1,1,FALSE,FALSE,43,apartment,Ciutat Vella
1820,1,1,FALSE,FALSE,45,apartment,Ciutat Vella
2800,4,3,TRUE,TRUE,214,apartment,Sarria-Sant Gervasi
4700,2,2,TRUE,FALSE,97,apartment,Sant Martí
3550,2,2,TRUE,FALSE,185,apartment,Les Corts
650,1,1,TRUE,FALSE,50,apartment,Eixample
1325,1,1,TRUE,FALSE,45,apartment,Eixample
550,0,1,FALSE,TRUE,30,apartment,Eixample
1700,2,1,FALSE,FALSE,55,apartment,Eixample
1600,1,1,FALSE,FALSE,60,apartment,Ciutat Vella
1886,2,1,FALSE,FALSE,60,apartment,Eixample
2994,2,2,FALSE,FALSE,70,apartment,Eixample
1800,2,2,TRUE,TRUE,100,apartment,Sarria-Sant Gervasi
842,3,1,TRUE,FALSE,68,apartment,Horta- Guinardo
1100,1,1,TRUE,FALSE,48,apartment,Gracia
975,1,1,TRUE,FALSE,52,apartment,Ciutat Vella
740,1,1,TRUE,TRUE,50,apartment,Sant Martí
1354,1,2,FALSE,FALSE,55,apartment,Ciutat Vella
1995,3,2,FALSE,FALSE,100,apartment,Eixample
1250,2,1,TRUE,FALSE,65,apartment,Sarria-Sant Gervasi
850,1,1,TRUE,FALSE,35,apartment,Eixample
600,1,1,FALSE,FALSE,70,apartment,Horta- Guinardo
2288,1,1,FALSE,FALSE,65,apartment,Eixample
1250,1,1,FALSE,FALSE,25,apartment,Ciutat Vella
990,2,1,FALSE,FALSE,59,apartment,Sants-Montjuic
1390,1,1,TRUE,FALSE,54,apartment,Ciutat Vella
1950,4,2,FALSE,FALSE,140,apartment,Sarria-Sant Gervasi
1150,3,1,TRUE,FALSE,80,apartment,Eixample
1050,3,1,TRUE,FALSE,80,apartment,Eixample
750,1,1,TRUE,FALSE,49,apartment,Gracia
1210,1,1,FALSE,FALSE,45,apartment,Ciutat Vella
1581,3,2,TRUE,FALSE,80,apartment,Eixample
750,1,1,FALSE,FALSE,32,apartment,Ciutat Vella
825,4,1,TRUE,FALSE,72,apartment,Sants-Montjuic
800,1,1,FALSE,FALSE,50,apartment,Ciutat Vella
1400,2,1,TRUE,TRUE,56,apartment,Les Corts
2300,2,2,TRUE,FALSE,90,apartment,Sant Martí
1700,2,1,TRUE,FALSE,70,apartment,Les Corts
6000,0,1,FALSE,FALSE,290,apartment,Ciutat Vella
2500,3,2,TRUE,FALSE,179,apartment,Eixample
1200,2,1,FALSE,FALSE,65,apartment,Eixample
1800,3,2,TRUE,TRUE,75,apartment,Sarria-Sant Gervasi
800,1,1,TRUE,TRUE,35,apartment,Sarria-Sant Gervasi
779,2,1,FALSE,FALSE,42,apartment,Sant Martí
1000,3,2,TRUE,FALSE,89,apartment,Ciutat Vella
850,3,2,FALSE,FALSE,66,apartment,Ciutat Vella
1200,6,3,TRUE,FALSE,178,apartment,Eixample
800,1,1,FALSE,FALSE,40,apartment,Ciutat Vella
1100,2,1,TRUE,TRUE,62,apartment,Eixample
1250,1,1,TRUE,FALSE,45,apartment,Sarria-Sant Gervasi
590,0,1,TRUE,FALSE,38,apartment,Eixample
990,2,1,FALSE,FALSE,62,apartment,Eixample
3067,3,2,FALSE,FALSE,95,apartment,Eixample
2316,3,2,FALSE,FALSE,80,apartment,Eixample
2030,2,2,FALSE,FALSE,80,apartment,Ciutat Vella
2068,2,2,FALSE,FALSE,75,apartment,Ciutat Vella
1100,3,2,TRUE,TRUE,84,apartment,Les Corts
970,4,1,FALSE,FALSE,91,apartment,Ciutat Vella
1963,2,1,FALSE,FALSE,65,apartment,Eixample
1712,1,1,FALSE,FALSE,32,apartment,Eixample
980,2,1,FALSE,FALSE,65,apartment,Ciutat Vella
13427,4,2,FALSE,FALSE,140,apartment,Eixample
1600,3,1,FALSE,FALSE,60,apartment,Ciutat Vella
1350,1,1,FALSE,FALSE,45,apartment,Eixample
895,1,1,TRUE,TRUE,60,apartment,Les Corts
980,2,1,TRUE,FALSE,59,apartment,Gracia
825,1,1,FALSE,TRUE,45,apartment,Les Corts
1400,2,1,TRUE,TRUE,139,apartment,Sarria-Sant Gervasi
1250,3,1,TRUE,TRUE,85,apartment,Sant Martí
3800,5,5,TRUE,FALSE,287,apartment,Sarria-Sant Gervasi
4000,5,3,TRUE,FALSE,245,apartment,Sarria-Sant Gervasi
1050,2,1,TRUE,FALSE,50,apartment,Sarria-Sant Gervasi
3800,4,3,TRUE,FALSE,253,apartment,Sarria-Sant Gervasi
2500,3,3,TRUE,TRUE,181,apartment,Sarria-Sant Gervasi
3200,3,2,TRUE,FALSE,149,apartment,Sarria-Sant Gervasi
935,1,1,TRUE,TRUE,57,apartment,Sarria-Sant Gervasi
3390,0,3,FALSE,TRUE,300,apartment,Sarria-Sant Gervasi
2300,1,1,TRUE,FALSE,55,apartment,Sarria-Sant Gervasi
15000,4,4,TRUE,TRUE,475,apartment,Sarria-Sant Gervasi
2500,2,1,TRUE,FALSE,65,apartment,Sarria-Sant Gervasi
1700,3,2,TRUE,FALSE,100,apartment,Sarria-Sant Gervasi
800,1,1,FALSE,FALSE,47,apartment,Sarria-Sant Gervasi
2450,2,2,TRUE,FALSE,153,apartment,Sant Martí
2300,7,2,TRUE,FALSE,202,apartment,Eixample
1200,2,1,FALSE,FALSE,55,apartment,Sants-Montjuic
2255,2,1,FALSE,FALSE,55,apartment,Sants-Montjuic
1936,2,2,FALSE,FALSE,65,apartment,Ciutat Vella
1200,4,2,FALSE,FALSE,90,apartment,Ciutat Vella
1771,2,1,FALSE,FALSE,65,apartment,Gracia
1714,2,1,FALSE,FALSE,65,apartment,Gracia
1600,2,2,TRUE,FALSE,60,apartment,Eixample
900,1,1,FALSE,FALSE,50,apartment,Sants-Montjuic
1100,2,2,FALSE,FALSE,60,apartment,Sarria-Sant Gervasi
750,0,1,TRUE,FALSE,40,apartment,Sarria-Sant Gervasi
784,1,1,TRUE,FALSE,48,apartment,Ciutat Vella
1200,2,2,FALSE,TRUE,50,apartment,Ciutat Vella
1980,1,1,FALSE,FALSE,55,apartment,Eixample
900,2,1,FALSE,FALSE,80,apartment,Ciutat Vella
695,2,1,TRUE,FALSE,45,apartment,Horta- Guinardo
700,0,1,TRUE,FALSE,41,apartment,Ciutat Vella
2414,2,1,FALSE,FALSE,65,apartment,Eixample
2715,2,1,FALSE,FALSE,65,apartment,Eixample
1375,1,1,FALSE,FALSE,45,apartment,Eixample
2410,4,2,FALSE,FALSE,150,apartment,Sarria-Sant Gervasi
700,0,1,FALSE,FALSE,35,apartment,Gracia
2491,3,1,FALSE,FALSE,70,apartment,Eixample
1654,2,1,FALSE,FALSE,70,apartment,Eixample
1575,1,1,FALSE,FALSE,50,apartment,Eixample
1575,2,1,FALSE,FALSE,65,apartment,Eixample
1995,3,2,FALSE,FALSE,100,apartment,Eixample
1703,3,2,FALSE,FALSE,63,apartment,Eixample
4180,4,2,FALSE,FALSE,75,apartment,Eixample
2727,3,2,FALSE,FALSE,85,apartment,Eixample
1685,2,2,FALSE,FALSE,80,apartment,Eixample
3505,3,2,FALSE,FALSE,80,apartment,Eixample
4161,4,2,FALSE,FALSE,85,apartment,Eixample
3464,3,2,FALSE,FALSE,62,apartment,Eixample
4184,4,2,TRUE,FALSE,80,apartment,Eixample
1250,1,2,TRUE,FALSE,55,apartment,Sarria-Sant Gervasi
750,0,1,TRUE,TRUE,35,apartment,Gracia
1810,1,1,TRUE,FALSE,60,apartment,Sarria-Sant Gervasi
1810,1,1,TRUE,FALSE,60,apartment,Sarria-Sant Gervasi
2255,2,2,FALSE,FALSE,55,apartment,Sarria-Sant Gervasi
2255,2,2,FALSE,FALSE,55,apartment,Sarria-Sant Gervasi
1300,3,2,TRUE,FALSE,70,apartment,Eixample
650,1,1,TRUE,FALSE,29,apartment,Eixample
1450,2,2,TRUE,FALSE,110,apartment,Les Corts
1450,2,1,FALSE,FALSE,50,apartment,Ciutat Vella
1290,2,1,TRUE,TRUE,86,apartment,Les Corts
1200,1,2,FALSE,TRUE,75,apartment,Ciutat Vella
1750,2,1,FALSE,TRUE,80,apartment,Ciutat Vella
1800,2,1,TRUE,TRUE,85,apartment,Eixample
1850,2,2,TRUE,FALSE,144,apartment,Ciutat Vella
1750,3,2,TRUE,TRUE,114,apartment,Ciutat Vella
1190,2,1,FALSE,FALSE,45,apartment,Ciutat Vella
1900,1,1,FALSE,FALSE,45,apartment,Eixample
1190,2,1,FALSE,FALSE,45,apartment,Ciutat Vella
1250,2,2,TRUE,FALSE,75,apartment,Gracia
625,1,1,TRUE,FALSE,35,apartment,Eixample
3479,2,1,FALSE,FALSE,75,apartment,Sant Martí
1104,1,1,FALSE,FALSE,50,apartment,Horta- Guinardo
2250,3,2,FALSE,TRUE,198,apartment,Horta- Guinardo
720,1,1,TRUE,FALSE,45,apartment,Sarria-Sant Gervasi
2450,3,2,TRUE,TRUE,140,apartment,Les Corts
3368,3,2,FALSE,FALSE,75,apartment,Eixample
1650,3,1,FALSE,FALSE,65,apartment,Nou Barris
625,1,1,TRUE,FALSE,40,apartment,Horta- Guinardo
750,1,1,TRUE,FALSE,51,apartment,Sarria-Sant Gervasi
1185,1,1,FALSE,FALSE,35,apartment,Ciutat Vella
2000,2,2,TRUE,FALSE,93,apartment,Eixample
1950,2,1,TRUE,FALSE,100,apartment,Eixample
1195,1,1,FALSE,FALSE,39,apartment,Ciutat Vella
1791,1,1,FALSE,FALSE,35,apartment,Sant Martí
1490,1,1,FALSE,FALSE,35,apartment,Sant Martí
685,1,1,TRUE,FALSE,33,apartment,Ciutat Vella
1680,2,1,TRUE,FALSE,70,apartment,Eixample
1600,1,2,TRUE,FALSE,70,apartment,Eixample
1200,3,1,FALSE,FALSE,55,apartment,Ciutat Vella
650,1,1,TRUE,FALSE,35,apartment,Eixample
1250,2,1,FALSE,FALSE,65,apartment,Ciutat Vella
1300,2,1,TRUE,TRUE,70,apartment,Sant Martí
1590,2,1,FALSE,FALSE,60,apartment,Ciutat Vella
1428,1,1,FALSE,FALSE,47,apartment,Ciutat Vella
1626,1,1,FALSE,FALSE,79,apartment,Eixample
2482,2,1,FALSE,FALSE,60,apartment,Ciutat Vella
1200,4,1,TRUE,FALSE,85,apartment,Gracia
2200,3,2,TRUE,FALSE,109,apartment,Eixample
825,1,1,TRUE,TRUE,55,apartment,Les Corts
2258,4,2,FALSE,FALSE,90,apartment,Eixample
1200,2,2,TRUE,FALSE,68,apartment,Les Corts
890,3,1,FALSE,FALSE,60,apartment,Sants-Montjuic
1100,3,1,TRUE,TRUE,85,apartment,Ciutat Vella
750,1,1,TRUE,FALSE,42,apartment,Sarria-Sant Gervasi
1400,3,2,TRUE,FALSE,120,apartment,Eixample
4180,2,2,FALSE,FALSE,95,apartment,Eixample
4143,2,2,FALSE,FALSE,95,apartment,Eixample
695,1,1,FALSE,FALSE,31,apartment,Gracia
695,1,1,FALSE,FALSE,40,apartment,Sants-Montjuic
1350,3,2,TRUE,TRUE,80,apartment,Eixample
2810,3,2,FALSE,FALSE,120,apartment,Ciutat Vella
1188,3,1,FALSE,FALSE,65,apartment,Horta- Guinardo
1076,1,1,FALSE,FALSE,35,apartment,Ciutat Vella
1674,4,2,FALSE,FALSE,90,apartment,Eixample
2872,2,2,FALSE,FALSE,67,apartment,Eixample
2255,2,2,FALSE,FALSE,55,apartment,Sarria-Sant Gervasi
3069,2,2,FALSE,FALSE,60,apartment,Eixample
4000,2,2,FALSE,FALSE,89,apartment,Eixample
3450,2,2,FALSE,FALSE,60,apartment,Eixample
3650,1,2,FALSE,FALSE,80,apartment,Eixample
2603,1,1,FALSE,FALSE,65,apartment,Eixample
1150,1,1,FALSE,FALSE,20,apartment,Ciutat Vella
1150,1,1,FALSE,FALSE,20,apartment,Ciutat Vella
2200,1,1,FALSE,FALSE,55,apartment,Sants-Montjuic
3717,3,3,FALSE,FALSE,92,apartment,Eixample
4093,2,2,FALSE,FALSE,70,apartment,Sants-Montjuic
4219,4,2,FALSE,FALSE,110,apartment,Eixample
5495,3,2,FALSE,FALSE,90,apartment,Eixample
2193,1,1,FALSE,FALSE,56,apartment,Sant Martí
1000,1,1,FALSE,FALSE,52,apartment,Ciutat Vella
1100,2,1,FALSE,FALSE,45,apartment,Sants-Montjuic
1750,2,1,FALSE,FALSE,64,apartment,Eixample
1610,2,1,FALSE,FALSE,70,apartment,Eixample
1523,3,1,FALSE,FALSE,75,apartment,Eixample
4185,1,1,FALSE,FALSE,70,apartment,Eixample
3184,2,2,FALSE,FALSE,66,apartment,Eixample
2473,1,1,FALSE,FALSE,50,apartment,Eixample
1069,1,1,FALSE,FALSE,37,apartment,Ciutat Vella
1300,1,1,FALSE,FALSE,40,apartment,Sarria-Sant Gervasi
1280,1,1,FALSE,FALSE,30,apartment,Gracia
2500,3,2,FALSE,FALSE,125,apartment,Eixample
1925,3,2,FALSE,FALSE,65,apartment,Eixample
1925,2,2,FALSE,FALSE,65,apartment,Eixample
2775,1,1,FALSE,FALSE,30,apartment,Gracia
4546,3,2,FALSE,FALSE,135,apartment,Eixample
3266,2,1,TRUE,FALSE,50,apartment,Eixample
3343,3,2,FALSE,FALSE,75,apartment,Eixample
2200,3,2,FALSE,FALSE,100,apartment,Ciutat Vella
1740,2,1,FALSE,FALSE,48,apartment,Ciutat Vella
4166,3,2,FALSE,FALSE,92,apartment,Eixample
5000,3,2,FALSE,FALSE,100,apartment,Sant Martí
1500,2,1,FALSE,FALSE,50,apartment,Ciutat Vella
2299,4,2,FALSE,FALSE,90,apartment,Eixample
4696,1,1,FALSE,FALSE,55,apartment,Eixample
1680,3,2,FALSE,FALSE,80,apartment,Eixample
1085,1,1,FALSE,FALSE,37,apartment,Ciutat Vella
1786,2,1,FALSE,FALSE,60,apartment,Gracia
1054,1,1,FALSE,FALSE,40,apartment,Eixample
900,1,1,FALSE,FALSE,30,apartment,Sant Andreu
3489,2,1,FALSE,FALSE,80,apartment,Eixample
2060,2,2,FALSE,FALSE,77,apartment,Eixample
3500,2,1,FALSE,FALSE,60,apartment,Eixample
5000,1,1,FALSE,FALSE,45,apartment,Eixample
6000,3,2,FALSE,FALSE,85,apartment,Eixample
2249,1,1,FALSE,FALSE,45,apartment,Sant Martí
2805,2,1,FALSE,FALSE,54,apartment,Sants-Montjuic
3526,3,2,FALSE,FALSE,80,apartment,Eixample
4173,3,2,TRUE,FALSE,110,apartment,Eixample
2931,2,1,FALSE,FALSE,65,apartment,Sants-Montjuic
3654,3,2,FALSE,FALSE,110,apartment,Eixample
1986,2,1,FALSE,FALSE,85,apartment,Eixample
2366,2,2,FALSE,FALSE,65,apartment,Eixample
1783,2,2,FALSE,FALSE,85,apartment,Eixample
1210,1,1,FALSE,FALSE,48,apartment,Ciutat Vella
1986,2,1,FALSE,FALSE,54,apartment,Eixample
1967,4,2,FALSE,FALSE,140,apartment,Ciutat Vella
2212,4,2,FALSE,FALSE,100,apartment,Eixample
3500,3,2,FALSE,FALSE,79,apartment,Eixample
2000,2,1,FALSE,FALSE,80,apartment,Sarria-Sant Gervasi
1650,2,2,FALSE,FALSE,90,apartment,Ciutat Vella
2083,3,1,FALSE,FALSE,80,apartment,Sarria-Sant Gervasi
1667,1,1,FALSE,FALSE,40,apartment,Eixample
950,1,1,FALSE,FALSE,35,apartment,Ciutat Vella
1438,2,1,FALSE,FALSE,70,apartment,Ciutat Vella
1435,2,1,FALSE,FALSE,65,apartment,Ciutat Vella
1200,1,1,FALSE,FALSE,30,apartment,Ciutat Vella
2333,3,2,FALSE,FALSE,90,apartment,Eixample
2300,2,1,FALSE,FALSE,50,apartment,Eixample
1680,2,2,FALSE,FALSE,80,apartment,Eixample
4773,2,2,FALSE,FALSE,90,apartment,Eixample
3500,2,2,FALSE,FALSE,75,apartment,Eixample
1500,4,2,FALSE,FALSE,85,apartment,Eixample
2322,3,2,FALSE,FALSE,84,apartment,Eixample
1833,2,1,FALSE,FALSE,60,apartment,Gracia
2000,2,1,FALSE,FALSE,65,apartment,Sarria-Sant Gervasi
1076,1,1,FALSE,FALSE,39,apartment,Gracia
4146,1,1,FALSE,FALSE,50,apartment,Eixample
1917,2,1,FALSE,FALSE,70,apartment,Sarria-Sant Gervasi
1563,3,1,FALSE,FALSE,75,apartment,Sant Martí
1670,1,1,FALSE,FALSE,50,apartment,Ciutat Vella
2500,2,1,FALSE,FALSE,50,apartment,Sants-Montjuic
2500,3,1,FALSE,FALSE,70,apartment,Sants-Montjuic
4583,3,2,FALSE,FALSE,80,apartment,Ciutat Vella
2984,2,1,FALSE,FALSE,50,apartment,Eixample
1800,2,1,FALSE,FALSE,55,apartment,Eixample
1700,2,2,FALSE,FALSE,120,apartment,Gracia
840,1,1,FALSE,FALSE,50,apartment,Ciutat Vella
850,1,1,TRUE,FALSE,25,apartment,Ciutat Vella
830,2,1,TRUE,FALSE,55,apartment,Sarria-Sant Gervasi
4290,2,2,FALSE,FALSE,95,apartment,Eixample
1600,2,2,TRUE,FALSE,70,apartment,Eixample
1400,2,2,TRUE,FALSE,60,apartment,Ciutat Vella
1200,4,2,TRUE,TRUE,120,apartment,Eixample
950,1,1,FALSE,FALSE,51,apartment,Gracia
2000,2,1,FALSE,FALSE,60,apartment,Gracia
1200,1,1,TRUE,FALSE,51,apartment,Eixample
650,0,1,TRUE,FALSE,25,apartment,Eixample
700,1,1,FALSE,FALSE,45,apartment,Ciutat Vella
1000,1,1,FALSE,FALSE,55,apartment,Ciutat Vella
650,1,1,TRUE,FALSE,22,apartment,Eixample
875,1,1,TRUE,TRUE,54,apartment,Sarria-Sant Gervasi
1050,2,1,TRUE,FALSE,62,apartment,Eixample
1140,2,2,FALSE,FALSE,116,apartment,Ciutat Vella
1574,1,1,FALSE,FALSE,35,apartment,Gracia
1852,1,1,FALSE,FALSE,56,apartment,Eixample
4569,3,2,FALSE,FALSE,80,apartment,Ciutat Vella
4500,3,2,FALSE,FALSE,85,apartment,Eixample
1400,1,1,FALSE,FALSE,35,apartment,Ciutat Vella
2652,2,1,FALSE,FALSE,69,apartment,Sarria-Sant Gervasi
4515,2,2,FALSE,FALSE,90,apartment,Sants-Montjuic
2920,2,1,FALSE,FALSE,85,apartment,Ciutat Vella
2543,2,1,FALSE,FALSE,95,apartment,Eixample
4146,1,1,FALSE,FALSE,55,apartment,Gracia
725,0,1,TRUE,TRUE,29,apartment,Les Corts
3074,3,1,FALSE,FALSE,75,apartment,Sarria-Sant Gervasi
865,2,1,FALSE,FALSE,56,apartment,Ciutat Vella
1000,2,1,TRUE,FALSE,60,apartment,Ciutat Vella
1000,2,2,FALSE,FALSE,55,apartment,Sarria-Sant Gervasi
1100,1,1,FALSE,TRUE,65,apartment,Ciutat Vella
700,1,1,FALSE,FALSE,40,apartment,Ciutat Vella
1903,1,1,FALSE,FALSE,50,apartment,Ciutat Vella
1400,2,1,FALSE,FALSE,65,apartment,Eixample
790,1,1,TRUE,TRUE,49,apartment,Les Corts
1662,2,2,FALSE,FALSE,105,apartment,Eixample
600,1,1,FALSE,FALSE,50,apartment,Horta- Guinardo
1250,2,2,TRUE,FALSE,75,apartment,Eixample
900,1,1,FALSE,FALSE,51,apartment,Ciutat Vella
1700,1,1,TRUE,FALSE,70,apartment,Eixample
1000,1,1,TRUE,FALSE,57,apartment,Sarria-Sant Gervasi
2674,2,2,FALSE,FALSE,65,apartment,Sants-Montjuic
2303,2,2,FALSE,FALSE,54,apartment,Ciutat Vella
2890,1,1,FALSE,FALSE,20,apartment,Eixample
2298,2,1,FALSE,FALSE,75,apartment,Ciutat Vella
2022,2,1,FALSE,FALSE,75,apartment,Ciutat Vella
1000,1,1,FALSE,FALSE,55,apartment,Sants-Montjuic
1700,2,2,TRUE,FALSE,160,apartment,Sarria-Sant Gervasi
1800,1,1,FALSE,FALSE,50,apartment,Sants-Montjuic
785,0,1,TRUE,FALSE,30,apartment,Eixample
790,1,1,FALSE,FALSE,65,apartment,Ciutat Vella
2061,2,2,FALSE,FALSE,65,apartment,Eixample
1320,1,1,TRUE,FALSE,75,apartment,Ciutat Vella
5500,4,3,FALSE,FALSE,220,apartment,Sarria-Sant Gervasi
962,1,1,FALSE,FALSE,30,apartment,Eixample
2397,3,1,FALSE,FALSE,78,apartment,Eixample
3935,2,2,FALSE,FALSE,80,apartment,Gracia
3333,2,1,FALSE,FALSE,80,apartment,Eixample
3668,3,2,FALSE,FALSE,100,apartment,Sants-Montjuic
1562,2,2,FALSE,FALSE,63,apartment,Ciutat Vella
720,1,1,FALSE,FALSE,35,apartment,Ciutat Vella
720,1,1,FALSE,TRUE,32,apartment,Ciutat Vella
800,2,1,TRUE,TRUE,50,apartment,Ciutat Vella
850,2,1,TRUE,FALSE,70,apartment,Ciutat Vella
675,2,1,FALSE,FALSE,49,apartment,Ciutat Vella
3360,2,1,FALSE,FALSE,39,apartment,Eixample
11730,2,2,FALSE,FALSE,85,apartment,Eixample
1200,2,1,TRUE,TRUE,50,apartment,Eixample
1250,1,1,FALSE,FALSE,45,apartment,Ciutat Vella
1540,1,1,TRUE,TRUE,45,apartment,Les Corts
1500,2,2,FALSE,FALSE,70,apartment,Gracia
2000,2,2,TRUE,TRUE,91,apartment,Eixample
1300,1,1,TRUE,FALSE,55,apartment,Sarria-Sant Gervasi
2000,2,1,FALSE,FALSE,90,apartment,Eixample
950,1,1,FALSE,FALSE,38,apartment,Ciutat Vella
2100,1,2,FALSE,TRUE,48,apartment,Eixample
1950,3,2,FALSE,FALSE,100,apartment,Ciutat Vella
2000,2,2,TRUE,TRUE,54,apartment,Eixample
1450,1,1,TRUE,TRUE,55,apartment,Eixample
1450,3,2,TRUE,TRUE,130,apartment,Ciutat Vella
7000,3,2,FALSE,TRUE,120,apartment,Sant Martí
1540,1,1,TRUE,FALSE,45,apartment,Les Corts
950,2,1,FALSE,FALSE,49,apartment,Ciutat Vella
3400,2,2,TRUE,TRUE,60,apartment,Eixample
3900,1,1,TRUE,TRUE,70,apartment,Ciutat Vella
990,1,1,TRUE,FALSE,55,apartment,Sarria-Sant Gervasi
1200,4,2,FALSE,FALSE,102,apartment,Ciutat Vella
750,1,1,FALSE,FALSE,40,apartment,Ciutat Vella
3390,3,2,FALSE,FALSE,70,apartment,Sarria-Sant Gervasi
6738,3,2,FALSE,FALSE,125,apartment,Eixample
4333,2,3,FALSE,FALSE,96,apartment,Eixample
1874,3,1,FALSE,FALSE,65,apartment,Sarria-Sant Gervasi
1150,4,1,TRUE,FALSE,75,apartment,Ciutat Vella
950,1,1,TRUE,FALSE,65,apartment,Sarria-Sant Gervasi
2200,3,2,TRUE,FALSE,155,apartment,Eixample
1750,3,2,FALSE,FALSE,95,apartment,Eixample
3461,1,1,FALSE,FALSE,45,apartment,Eixample
3418,3,2,FALSE,FALSE,85,apartment,Eixample
1894,2,1,FALSE,FALSE,50,apartment,Eixample
950,1,1,FALSE,FALSE,35,apartment,Sarria-Sant Gervasi
4200,5,4,TRUE,TRUE,240,apartment,Eixample
2909,2,1,FALSE,FALSE,54,apartment,Sants-Montjuic
1400,1,1,FALSE,FALSE,35,apartment,Ciutat Vella
1200,2,1,FALSE,FALSE,70,apartment,Ciutat Vella
3054,2,2,FALSE,FALSE,65,apartment,Sants-Montjuic
2300,2,1,FALSE,FALSE,60,apartment,Eixample
1600,2,2,FALSE,FALSE,95,apartment,Sarria-Sant Gervasi
1400,1,1,FALSE,FALSE,35,apartment,Ciutat Vella
950,1,1,TRUE,FALSE,50,apartment,Eixample
1900,2,2,TRUE,FALSE,84,apartment,Eixample
1350,2,1,TRUE,FALSE,55,apartment,Eixample
800,2,1,TRUE,FALSE,57,apartment,Sants-Montjuic
3868,2,2,FALSE,FALSE,95,apartment,Eixample
2890,2,1,TRUE,FALSE,55,apartment,Sants-Montjuic
1730,1,1,FALSE,FALSE,50,apartment,Ciutat Vella
2469,1,1,FALSE,FALSE,50,apartment,Eixample
1400,2,1,FALSE,FALSE,55,apartment,Eixample
1603,1,1,FALSE,FALSE,32,apartment,Eixample
2347,2,1,FALSE,FALSE,65,apartment,Ciutat Vella
1650,2,1,TRUE,TRUE,70,apartment,Ciutat Vella
875,1,1,FALSE,FALSE,34,apartment,Ciutat Vella
1500,2,1,TRUE,TRUE,56,apartment,Ciutat Vella
1600,2,1,TRUE,TRUE,70,apartment,Ciutat Vella
1400,1,1,FALSE,FALSE,35,apartment,Ciutat Vella
750,1,1,FALSE,FALSE,21,apartment,Ciutat Vella
1690,2,2,FALSE,FALSE,65,apartment,Sant Martí
3339,2,1,FALSE,FALSE,85,apartment,Eixample
2578,2,1,TRUE,FALSE,55,apartment,Eixample
3819,1,1,FALSE,FALSE,65,apartment,Eixample
5026,2,2,FALSE,FALSE,110,apartment,Eixample
3788,2,1,FALSE,FALSE,48,apartment,Eixample
4500,3,2,FALSE,FALSE,85,apartment,Eixample
3766,3,2,FALSE,FALSE,107,apartment,Sants-Montjuic
1400,1,1,FALSE,FALSE,35,apartment,Ciutat Vella
1350,2,1,TRUE,FALSE,75,apartment,Ciutat Vella
1395,1,1,TRUE,FALSE,52,apartment,Sarria-Sant Gervasi
936,1,1,TRUE,FALSE,60,apartment,Eixample
800,1,1,TRUE,FALSE,50,apartment,Ciutat Vella
1000,2,1,TRUE,FALSE,50,apartment,Sant Martí
2800,2,1,FALSE,FALSE,55,apartment,Sant Martí
1000,1,1,TRUE,TRUE,55,apartment,Gracia
790,2,1,FALSE,FALSE,49,apartment,Eixample
3478,2,1,FALSE,FALSE,95,apartment,Eixample
900,1,1,TRUE,FALSE,45,apartment,Sarria-Sant Gervasi
1674,1,1,FALSE,FALSE,30,apartment,Eixample
1595,2,2,FALSE,FALSE,60,apartment,Eixample
1595,3,1,FALSE,FALSE,60,apartment,Eixample
1595,1,1,FALSE,FALSE,60,apartment,Eixample
890,1,1,FALSE,FALSE,60,apartment,Ciutat Vella
1050,2,1,FALSE,FALSE,54,apartment,Ciutat Vella
1595,1,2,TRUE,TRUE,60,apartment,Eixample
1750,3,2,TRUE,FALSE,118,apartment,Eixample
1250,2,1,FALSE,TRUE,50,apartment,Sants-Montjuic
1750,2,2,TRUE,FALSE,95,apartment,Eixample
1700,2,1,TRUE,FALSE,80,apartment,Ciutat Vella
1300,2,1,TRUE,FALSE,55,apartment,Ciutat Vella
1700,1,1,FALSE,FALSE,50,apartment,Eixample
1750,2,1,FALSE,FALSE,130,apartment,Ciutat Vella
1590,2,1,TRUE,FALSE,85,apartment,Eixample
1500,1,2,TRUE,FALSE,120,apartment,Ciutat Vella
1650,3,1,TRUE,TRUE,90,apartment,Eixample
3000,1,1,TRUE,FALSE,60,apartment,Ciutat Vella
1650,2,2,TRUE,FALSE,75,apartment,Eixample
1100,1,1,FALSE,TRUE,40,apartment,Ciutat Vella
1650,1,1,TRUE,FALSE,58,apartment,Eixample
2072,1,1,FALSE,FALSE,55,apartment,Horta- Guinardo
1550,1,1,FALSE,FALSE,50,apartment,Eixample
2083,2,1,FALSE,FALSE,75,apartment,Sarria-Sant Gervasi
1150,4,1,FALSE,FALSE,80,apartment,Eixample
1175,2,2,TRUE,TRUE,68,apartment,Sarria-Sant Gervasi
800,1,1,FALSE,TRUE,65,apartment,Sarria-Sant Gervasi
950,1,1,TRUE,FALSE,65,apartment,Sarria-Sant Gervasi
900,1,1,TRUE,FALSE,40,apartment,Les Corts
2300,5,3,TRUE,FALSE,180,apartment,Eixample
1400,1,1,TRUE,FALSE,64,apartment,Eixample
650,1,1,FALSE,FALSE,60,apartment,Gracia
3176,4,2,FALSE,FALSE,100,apartment,Gracia
3050,3,2,FALSE,FALSE,125,apartment,Eixample
2057,2,2,FALSE,FALSE,60,apartment,Ciutat Vella
1448,1,2,FALSE,FALSE,65,apartment,Ciutat Vella
1700,2,1,FALSE,FALSE,70,apartment,Gracia
2300,4,2,FALSE,FALSE,115,apartment,Ciutat Vella
1200,2,1,FALSE,FALSE,55,apartment,Ciutat Vella
1350,2,1,FALSE,TRUE,65,apartment,Ciutat Vella
3000,3,2,FALSE,FALSE,85,apartment,Eixample
2714,2,2,FALSE,FALSE,70,apartment,Eixample
875,1,1,FALSE,FALSE,34,apartment,Ciutat Vella
1800,3,1,FALSE,FALSE,70,apartment,Sarria-Sant Gervasi
2759,2,1,FALSE,FALSE,80,apartment,Eixample
900,1,1,TRUE,FALSE,40,apartment,Sarria-Sant Gervasi
3596,2,1,FALSE,FALSE,55,apartment,Eixample
2493,2,1,FALSE,FALSE,65,apartment,Ciutat Vella
2963,3,2,FALSE,FALSE,85,apartment,Ciutat Vella
765,0,1,TRUE,FALSE,33,apartment,Eixample
1929,1,1,FALSE,FALSE,50,apartment,Les Corts
1400,1,1,FALSE,FALSE,35,apartment,Ciutat Vella
10550,5,3,FALSE,FALSE,140,apartment,Sant Martí
1550,1,1,FALSE,FALSE,50,apartment,Eixample
2478,3,3,FALSE,FALSE,100,apartment,Ciutat Vella
1815,2,2,FALSE,FALSE,50,apartment,Ciutat Vella
2420,1,1,FALSE,FALSE,60,apartment,Eixample
3581,3,2,FALSE,FALSE,100,apartment,Sants-Montjuic
2124,2,1,FALSE,FALSE,62,apartment,Gracia
3357,3,2,FALSE,FALSE,85,apartment,Eixample
2480,1,1,TRUE,FALSE,38,apartment,Eixample
3000,3,2,FALSE,FALSE,95,apartment,Ciutat Vella
2246,1,1,FALSE,FALSE,70,apartment,Gracia
6417,3,2,FALSE,FALSE,110,apartment,Eixample
2512,2,1,FALSE,FALSE,70,apartment,Les Corts
1600,1,1,FALSE,FALSE,42,apartment,Sants-Montjuic
2000,2,1,FALSE,FALSE,55,apartment,Eixample
2500,1,1,FALSE,FALSE,45,apartment,Eixample
1858,3,2,FALSE,FALSE,95,apartment,Ciutat Vella
2670,3,2,FALSE,FALSE,85,apartment,Ciutat Vella
1725,3,2,FALSE,FALSE,120,apartment,Ciutat Vella
2421,2,1,FALSE,FALSE,65,apartment,Eixample
2986,3,2,FALSE,FALSE,90,apartment,Eixample
1400,1,1,FALSE,FALSE,35,apartment,Ciutat Vella
4696,2,2,FALSE,FALSE,70,apartment,Gracia
1718,1,1,FALSE,FALSE,65,apartment,Sarria-Sant Gervasi
1650,2,1,FALSE,FALSE,38,apartment,Ciutat Vella
3437,2,2,FALSE,FALSE,66,apartment,Eixample
3875,2,1,FALSE,FALSE,65,apartment,Eixample
4597,3,2,TRUE,FALSE,85,apartment,Ciutat Vella
1997,1,1,FALSE,FALSE,55,apartment,Eixample
4041,1,1,FALSE,FALSE,70,apartment,Eixample
1450,1,1,FALSE,FALSE,33,apartment,Ciutat Vella
1800,2,2,FALSE,FALSE,60,apartment,Ciutat Vella
2600,2,2,FALSE,FALSE,70,apartment,Ciutat Vella
1750,1,1,FALSE,FALSE,51,apartment,Sants-Montjuic
3025,2,2,FALSE,FALSE,80,apartment,Eixample
1467,2,1,FALSE,FALSE,65,apartment,Eixample
3025,2,2,FALSE,FALSE,80,apartment,Eixample
1467,2,1,FALSE,FALSE,65,apartment,Eixample
1150,1,1,FALSE,FALSE,50,apartment,Ciutat Vella
2015,3,2,FALSE,FALSE,100,apartment,Les Corts
2684,2,1,FALSE,FALSE,65,apartment,Sant Martí
1350,1,1,FALSE,FALSE,45,apartment,Eixample
3200,3,2,FALSE,FALSE,150,apartment,Eixample
4696,2,2,FALSE,FALSE,70,apartment,Eixample
1923,2,2,FALSE,FALSE,55,apartment,Sants-Montjuic
1600,2,2,FALSE,FALSE,60,apartment,Sarria-Sant Gervasi
3245,2,2,FALSE,FALSE,66,apartment,Eixample
3657,2,1,FALSE,FALSE,65,apartment,Gracia
2167,1,1,FALSE,FALSE,55,apartment,Les Corts
4476,2,1,FALSE,FALSE,65,apartment,Eixample
1952,3,1,FALSE,FALSE,61,apartment,Sarria-Sant Gervasi
4764,1,1,FALSE,FALSE,49,apartment,Ciutat Vella
3668,3,1,FALSE,FALSE,70,apartment,Eixample
2717,2,1,FALSE,FALSE,54,apartment,Sants-Montjuic
1375,3,1,FALSE,FALSE,70,apartment,Sants-Montjuic
2166,3,1,FALSE,FALSE,75,apartment,Sant Martí
1350,1,1,FALSE,FALSE,45,apartment,Ciutat Vella
13478,5,2,FALSE,FALSE,140,apartment,Eixample
7074,4,2,TRUE,FALSE,110,apartment,Eixample
3856,2,1,FALSE,FALSE,95,apartment,Eixample
1400,1,1,FALSE,FALSE,35,apartment,Ciutat Vella
3200,4,2,FALSE,FALSE,160,apartment,Eixample
1952,3,1,FALSE,FALSE,70,apartment,Sarria-Sant Gervasi
2300,3,2,FALSE,FALSE,85,apartment,Ciutat Vella
4606,1,1,FALSE,FALSE,63,apartment,Eixample
1045,2,1,FALSE,FALSE,41,apartment,Sants-Montjuic
2475,3,2,FALSE,FALSE,130,apartment,Eixample
1700,1,1,TRUE,TRUE,47,apartment,Eixample
1700,3,2,TRUE,FALSE,100,apartment,Eixample
2104,3,2,FALSE,FALSE,80,apartment,Eixample
2003,2,2,FALSE,FALSE,60,apartment,Sarria-Sant Gervasi
1833,2,1,FALSE,FALSE,60,apartment,Gracia
1990,2,1,FALSE,FALSE,60,apartment,Sarria-Sant Gervasi
1718,2,1,FALSE,FALSE,65,apartment,Gracia
3322,2,1,FALSE,FALSE,70,apartment,Eixample
1350,2,2,TRUE,FALSE,56,apartment,Eixample
4960,2,2,FALSE,FALSE,95,apartment,Eixample
2397,4,2,FALSE,FALSE,70,apartment,Eixample
1874,2,1,FALSE,FALSE,60,apartment,Sarria-Sant Gervasi
2644,1,1,FALSE,FALSE,60,apartment,Sarria-Sant Gervasi
1990,1,1,FALSE,FALSE,50,apartment,Sarria-Sant Gervasi
2499,4,2,FALSE,FALSE,85,apartment,Sants-Montjuic
1150,1,1,FALSE,FALSE,45,apartment,Sant Andreu
2630,1,1,FALSE,FALSE,30,apartment,Eixample
3046,1,1,FALSE,FALSE,55,apartment,Eixample
2161,1,1,FALSE,FALSE,32,apartment,Ciutat Vella
1000,1,1,TRUE,FALSE,50,apartment,Ciutat Vella
1100,1,2,TRUE,FALSE,52,apartment,Ciutat Vella
1495,3,1,FALSE,FALSE,75,apartment,Sant Andreu
4050,5,5,TRUE,FALSE,290,apartment,Sarria-Sant Gervasi
15000,4,5,TRUE,FALSE,380,apartment,Sarria-Sant Gervasi
4000,3,2,FALSE,FALSE,85,apartment,Eixample
2108,3,1,FALSE,FALSE,65,apartment,Sant Martí
1350,3,1,FALSE,FALSE,90,apartment,Ciutat Vella
655,1,1,TRUE,FALSE,34,apartment,Sants-Montjuic
685,1,1,TRUE,FALSE,32,apartment,Eixample
750,1,1,TRUE,FALSE,25,apartment,Horta- Guinardo
1954,1,1,FALSE,FALSE,49,apartment,Ciutat Vella
4351,4,2,FALSE,FALSE,90,apartment,Eixample
2690,3,2,FALSE,FALSE,100,apartment,Ciutat Vella
2050,2,2,TRUE,FALSE,100,apartment,Eixample
870,2,1,TRUE,FALSE,64,apartment,Eixample
1150,1,1,FALSE,FALSE,50,apartment,Ciutat Vella
5440,2,2,FALSE,FALSE,65,apartment,Ciutat Vella
700,1,1,FALSE,FALSE,35,apartment,Ciutat Vella
2420,2,2,FALSE,FALSE,65,apartment,Eixample
2000,3,2,FALSE,FALSE,85,apartment,Eixample
2946,2,1,FALSE,FALSE,70,apartment,Eixample
2921,1,1,TRUE,FALSE,62,apartment,Eixample
1315,2,1,FALSE,FALSE,75,apartment,Horta- Guinardo
3171,1,1,TRUE,FALSE,50,apartment,Sant Martí
3839,2,2,FALSE,FALSE,90,apartment,Eixample
1600,1,1,TRUE,FALSE,80,apartment,Ciutat Vella
1000,1,1,TRUE,FALSE,40,apartment,Ciutat Vella
3209,2,1,FALSE,FALSE,75,apartment,Gracia
695,2,1,TRUE,FALSE,54,apartment,Ciutat Vella
1650,4,2,TRUE,FALSE,140,apartment,Sants-Montjuic
1500,1,1,TRUE,FALSE,50,apartment,Gracia
825,3,1,FALSE,FALSE,59,apartment,Gracia
3203,3,1,FALSE,FALSE,75,apartment,Sarria-Sant Gervasi
1125,2,1,TRUE,FALSE,70,apartment,Eixample
1483,2,2,TRUE,FALSE,80,apartment,Eixample
1000,1,1,TRUE,FALSE,50,apartment,Ciutat Vella
950,1,1,TRUE,FALSE,40,apartment,Eixample
950,1,1,TRUE,FALSE,70,apartment,Eixample
1050,1,1,TRUE,FALSE,52,apartment,Ciutat Vella
915,1,1,FALSE,FALSE,37,apartment,Ciutat Vella
4900,4,4,TRUE,FALSE,184,apartment,Sarria-Sant Gervasi
1600,3,2,TRUE,FALSE,135,apartment,Eixample
990,1,1,FALSE,FALSE,60,apartment,Sarria-Sant Gervasi
850,1,1,TRUE,FALSE,42,apartment,Les Corts
1225,1,1,TRUE,FALSE,50,apartment,Eixample
1750,2,1,TRUE,FALSE,80,apartment,Sarria-Sant Gervasi
750,1,1,TRUE,FALSE,45,apartment,Ciutat Vella
1300,2,1,TRUE,FALSE,57,apartment,Ciutat Vella
900,2,1,TRUE,FALSE,60,apartment,Ciutat Vella
700,1,1,TRUE,FALSE,32,apartment,Ciutat Vella
1600,2,1,TRUE,FALSE,65,apartment,Les Corts
1700,2,2,TRUE,FALSE,60,apartment,Ciutat Vella
650,1,1,TRUE,FALSE,35,apartment,Eixample
495,1,1,FALSE,FALSE,50,apartment,Ciutat Vella
2080,2,2,FALSE,FALSE,80,apartment,Eixample
1180,1,1,FALSE,FALSE,55,apartment,Eixample
2290,2,2,FALSE,FALSE,79,apartment,Sant Martí
1114,1,1,FALSE,FALSE,40,apartment,Sants-Montjuic
1051,1,1,FALSE,FALSE,40,apartment,Eixample
2081,1,1,FALSE,FALSE,50,apartment,Eixample
2100,4,1,FALSE,FALSE,80,apartment,Ciutat Vella
775,1,1,FALSE,FALSE,37,apartment,Sarria-Sant Gervasi
1300,3,2,FALSE,TRUE,143,apartment,Ciutat Vella
3000,4,3,FALSE,TRUE,180,apartment,Ciutat Vella
1050,0,1,FALSE,FALSE,35,apartment,Ciutat Vella
1100,3,2,FALSE,FALSE,118,attic,Horta- Guinardo
950,3,1,TRUE,FALSE,76,attic,Horta- Guinardo
1600,3,2,TRUE,TRUE,78,attic,Gracia
1350,1,1,TRUE,TRUE,60,attic,Ciutat Vella
2200,2,2,TRUE,TRUE,79,attic,Sant Martí
5250,5,3,TRUE,TRUE,395,attic,Ciutat Vella
1600,3,2,TRUE,FALSE,86,attic,Ciutat Vella
3600,3,2,FALSE,FALSE,193,attic,Gracia
1800,2,1,FALSE,TRUE,65,attic,Gracia
950,1,1,TRUE,TRUE,40,attic,Eixample
1100,1,1,TRUE,TRUE,45,attic,Sarria-Sant Gervasi
1000,3,1,TRUE,TRUE,71,attic,Horta- Guinardo
3000,4,3,TRUE,TRUE,193,attic,Eixample
1450,2,2,FALSE,FALSE,80,attic,Sarria-Sant Gervasi
3200,4,3,TRUE,TRUE,155,attic,Sarria-Sant Gervasi
9075,4,5,TRUE,TRUE,215,attic,Sarria-Sant Gervasi
995,1,1,FALSE,TRUE,42,attic,Gracia
3200,4,3,TRUE,TRUE,120,attic,Sarria-Sant Gervasi
1150,2,1,FALSE,TRUE,50,attic,Sarria-Sant Gervasi
1500,3,2,TRUE,FALSE,104,attic,Sant Martí
1800,1,1,TRUE,TRUE,60,attic,Sant Martí
10000,3,3,TRUE,TRUE,185,attic,Sant Martí
4000,3,4,TRUE,TRUE,350,attic,Les Corts
8500,4,3,TRUE,TRUE,190,attic,Les Corts
1300,2,1,TRUE,TRUE,91,attic,Eixample
935,2,1,TRUE,FALSE,65,attic,Sants-Montjuic
1800,4,2,TRUE,FALSE,90,attic,Sant Martí
12000,3,3,TRUE,TRUE,200,attic,Sant Martí
7500,4,3,TRUE,TRUE,160,attic,Sant Martí
8000,4,4,TRUE,TRUE,350,attic,Eixample
1800,3,2,TRUE,TRUE,120,attic,Sarria-Sant Gervasi
8000,4,4,TRUE,TRUE,350,attic,Eixample
1250,3,2,TRUE,TRUE,86,attic,Gracia
6500,5,4,TRUE,TRUE,305,attic,Sarria-Sant Gervasi
895,2,1,FALSE,TRUE,63,attic,Ciutat Vella
550,0,1,TRUE,FALSE,25,attic,Eixample
990,2,1,FALSE,TRUE,50,attic,Sants-Montjuic
2450,0,2,TRUE,TRUE,150,attic,Eixample
1750,3,2,TRUE,TRUE,100,attic,Eixample
1750,2,1,TRUE,TRUE,65,attic,Eixample
1400,1,1,TRUE,TRUE,56,attic,Eixample
1700,1,1,TRUE,TRUE,80,attic,Eixample
1290,3,2,TRUE,TRUE,85,attic,Eixample
3500,2,2,TRUE,TRUE,100,attic,Eixample
5500,4,3,TRUE,TRUE,252,attic,Eixample
950,2,1,FALSE,TRUE,62,attic,Gracia
1750,1,1,TRUE,TRUE,75,attic,Eixample
850,1,1,FALSE,FALSE,46,attic,Sants-Montjuic
900,2,1,FALSE,TRUE,54,attic,Gracia
750,3,1,FALSE,TRUE,61,attic,Nou Barris
1100,1,1,FALSE,TRUE,60,attic,Gracia
625,1,1,TRUE,FALSE,25,attic,Eixample
2000,2,1,TRUE,FALSE,65,attic,Sarria-Sant Gervasi
2400,3,1,TRUE,FALSE,85,attic,Sarria-Sant Gervasi
1400,2,1,TRUE,FALSE,80,attic,Sarria-Sant Gervasi
2400,5,5,TRUE,FALSE,225,attic,Les Corts
1150,3,2,TRUE,FALSE,100,attic,Sants-Montjuic
1500,3,3,TRUE,TRUE,92,attic,Ciutat Vella
3000,4,3,TRUE,FALSE,200,attic,Eixample
740,1,1,TRUE,TRUE,29,attic,Sarria-Sant Gervasi
3375,5,3,TRUE,FALSE,296,attic,Sarria-Sant Gervasi
1150,4,2,TRUE,TRUE,81,attic,Horta- Guinardo
1350,2,1,TRUE,TRUE,60,attic,Sarria-Sant Gervasi
1650,2,1,TRUE,TRUE,62,attic,Eixample
750,0,1,TRUE,FALSE,53,attic,Sants-Montjuic
890,2,1,FALSE,TRUE,50,attic,Horta- Guinardo
7500,5,4,TRUE,TRUE,225,attic,Sarria-Sant Gervasi
3700,6,5,TRUE,FALSE,180,attic,Sarria-Sant Gervasi
1225,2,1,FALSE,FALSE,85,attic,Eixample
1150,2,1,TRUE,TRUE,70,attic,Horta- Guinardo
1800,3,2,TRUE,TRUE,110,attic,Sarria-Sant Gervasi
2790,4,3,TRUE,TRUE,205,attic,Eixample
1000,1,1,TRUE,TRUE,66,attic,Sarria-Sant Gervasi
1000,1,1,TRUE,TRUE,66,attic,Sarria-Sant Gervasi
1200,2,2,TRUE,FALSE,60,attic,Sant Martí
875,2,1,FALSE,FALSE,50,attic,Eixample
770,2,1,FALSE,TRUE,42,attic,Sants-Montjuic
1126,1,1,TRUE,TRUE,50,attic,Eixample
939,3,1,FALSE,TRUE,77,attic,Nou Barris
1400,4,1,TRUE,TRUE,130,attic,Horta- Guinardo
950,2,2,TRUE,TRUE,65,attic,Horta- Guinardo
750,2,1,FALSE,TRUE,60,attic,Sant Andreu
2650,4,3,TRUE,TRUE,180,attic,Eixample
1200,2,1,TRUE,TRUE,86,attic,Eixample
950,1,1,FALSE,TRUE,55,attic,Sant Martí
900,2,1,TRUE,TRUE,55,attic,Horta- Guinardo
800,2,1,FALSE,FALSE,48,attic,Sarria-Sant Gervasi
950,1,1,TRUE,TRUE,55,attic,Gracia
1400,2,1,TRUE,TRUE,62,attic,Eixample
3200,4,3,TRUE,TRUE,155,attic,Sarria-Sant Gervasi
1250,2,1,FALSE,TRUE,90,attic,Gracia
2500,3,3,TRUE,TRUE,165,attic,Sarria-Sant Gervasi
2650,4,3,TRUE,TRUE,78,attic,Eixample
450,0,1,FALSE,FALSE,25,attic,Gracia
750,0,1,TRUE,FALSE,28,attic,Ciutat Vella
660,1,1,TRUE,FALSE,37,attic,Ciutat Vella
3500,4,3,TRUE,TRUE,230,attic,Sarria-Sant Gervasi
1350,2,1,TRUE,TRUE,75,attic,Eixample
5500,4,3,TRUE,TRUE,250,attic,Les Corts
2600,5,5,TRUE,FALSE,272,attic,Les Corts
1960,1,1,TRUE,TRUE,50,attic,Gracia
895,1,1,TRUE,TRUE,32,attic,Gracia
1750,2,2,TRUE,FALSE,116,attic,Gracia
1100,3,2,TRUE,TRUE,95,attic,Eixample
3600,5,4,TRUE,TRUE,200,attic,Horta- Guinardo
2500,3,2,TRUE,TRUE,140,attic,Sarria-Sant Gervasi
900,1,1,TRUE,TRUE,49,attic,Sarria-Sant Gervasi
770,1,1,TRUE,TRUE,30,attic,Sarria-Sant Gervasi
2500,3,2,TRUE,TRUE,140,attic,Sarria-Sant Gervasi
850,3,2,FALSE,FALSE,90,attic,Horta- Guinardo
1040,2,1,TRUE,TRUE,40,attic,Eixample
2650,4,3,TRUE,TRUE,187,attic,Eixample
1050,2,1,TRUE,TRUE,55,attic,Sarria-Sant Gervasi
2800,2,2,TRUE,TRUE,123,attic,Sarria-Sant Gervasi
2500,3,2,TRUE,TRUE,140,attic,Sarria-Sant Gervasi
1050,2,1,TRUE,TRUE,58,attic,Eixample
1600,3,2,TRUE,TRUE,72,attic,Gracia
5200,4,4,TRUE,TRUE,398,attic,Sarria-Sant Gervasi
950,1,1,FALSE,TRUE,40,attic,Eixample
3900,3,3,TRUE,TRUE,191,attic,Les Corts
3000,4,4,TRUE,TRUE,220,attic,Eixample
1100,1,1,FALSE,TRUE,70,attic,Sants-Montjuic
3000,4,3,TRUE,TRUE,190,attic,Eixample
800,1,1,TRUE,FALSE,42,attic,Les Corts
3600,3,3,TRUE,TRUE,200,attic,Eixample
1050,2,1,TRUE,FALSE,56,attic,Eixample
1280,1,1,TRUE,TRUE,69,attic,Ciutat Vella
975,1,1,TRUE,FALSE,55,attic,Eixample
3900,3,2,FALSE,FALSE,150,attic,Sarria-Sant Gervasi
3600,3,3,TRUE,TRUE,220,attic,Eixample
800,0,1,FALSE,FALSE,43,attic,Ciutat Vella
1200,2,1,TRUE,TRUE,68,attic,Eixample
890,1,1,TRUE,FALSE,54,attic,Sarria-Sant Gervasi
1350,2,1,FALSE,TRUE,75,attic,Eixample
650,1,1,TRUE,TRUE,55,attic,Eixample
799,2,1,TRUE,TRUE,54,attic,Nou Barris
2900,4,3,TRUE,TRUE,120,attic,Les Corts
750,1,1,FALSE,TRUE,40,attic,Gracia
900,2,1,TRUE,TRUE,54,attic,Sant Andreu
2150,2,2,TRUE,TRUE,115,attic,Eixample
1075,2,1,TRUE,TRUE,60,attic,Gracia
750,1,1,TRUE,TRUE,35,attic,Sants-Montjuic
3500,2,2,TRUE,FALSE,193,attic,Sarria-Sant Gervasi
1500,3,3,TRUE,TRUE,92,attic,Ciutat Vella
3500,2,2,TRUE,TRUE,113,attic,Eixample
750,3,1,TRUE,FALSE,55,attic,Nou Barris
800,3,1,FALSE,FALSE,63,attic,Horta- Guinardo
800,1,1,FALSE,TRUE,50,attic,Sarria-Sant Gervasi
950,3,1,TRUE,TRUE,103,attic,Horta- Guinardo
5500,5,4,TRUE,TRUE,429,attic,Les Corts
895,1,1,TRUE,TRUE,32,attic,Gracia
1300,3,1,TRUE,TRUE,80,attic,Gracia
825,1,1,TRUE,FALSE,45,attic,Eixample
930,4,1,TRUE,FALSE,75,attic,Sant Andreu
850,2,1,TRUE,TRUE,40,attic,Horta- Guinardo
1300,2,1,TRUE,TRUE,54,attic,Ciutat Vella
925,1,1,TRUE,TRUE,32,attic,Gracia
2200,2,2,TRUE,FALSE,79,attic,Sant Martí
1395,2,2,TRUE,TRUE,65,attic,Eixample
3500,2,2,TRUE,TRUE,113,attic,Eixample
3500,3,3,TRUE,TRUE,191,attic,Les Corts
2400,2,2,TRUE,TRUE,94,attic,Gracia
800,2,1,TRUE,FALSE,58,attic,Horta- Guinardo
3400,3,2,TRUE,TRUE,170,attic,Gracia
750,1,1,FALSE,TRUE,40,attic,Gracia
860,2,1,TRUE,FALSE,43,attic,Eixample
840,1,1,TRUE,TRUE,49,attic,Sarria-Sant Gervasi
1140,3,2,TRUE,TRUE,84,attic,Sants-Montjuic
620,3,1,FALSE,TRUE,56,attic,Horta- Guinardo
8500,4,5,TRUE,FALSE,313,attic,Sarria-Sant Gervasi
1550,2,1,TRUE,TRUE,70,attic,Eixample
1850,3,2,TRUE,FALSE,99,attic,Gracia
900,1,1,FALSE,TRUE,92,attic,Les Corts
900,2,1,TRUE,TRUE,45,attic,Sant Martí
850,1,1,TRUE,TRUE,55,attic,Sant Andreu
1800,3,2,TRUE,TRUE,122,attic,Sarria-Sant Gervasi
1050,3,2,TRUE,FALSE,90,attic,Sants-Montjuic
5500,4,3,TRUE,FALSE,277,attic,Sarria-Sant Gervasi
750,2,1,TRUE,TRUE,67,attic,Gracia
1000,3,2,TRUE,TRUE,75,attic,Horta- Guinardo
865,2,1,TRUE,TRUE,74,attic,Sarria-Sant Gervasi
1000,3,1,FALSE,TRUE,52,attic,Eixample
5000,3,2,TRUE,TRUE,250,attic,Sarria-Sant Gervasi
5200,5,4,TRUE,FALSE,398,attic,Sarria-Sant Gervasi
890,0,1,TRUE,TRUE,55,attic,Nou Barris
1000,2,1,TRUE,TRUE,65,attic,Ciutat Vella
1650,2,2,TRUE,TRUE,108,attic,Sarria-Sant Gervasi
1390,2,1,TRUE,FALSE,81,attic,Eixample
900,2,2,TRUE,TRUE,46,attic,Eixample
1900,5,3,TRUE,TRUE,240,attic,Horta- Guinardo
1300,1,1,TRUE,TRUE,50,attic,Sarria-Sant Gervasi
3500,2,2,TRUE,TRUE,150,attic,Sarria-Sant Gervasi
3200,5,3,TRUE,TRUE,200,attic,Sarria-Sant Gervasi
2200,5,2,TRUE,TRUE,190,attic,Sarria-Sant Gervasi
800,4,1,FALSE,FALSE,65,attic,Horta- Guinardo
1200,3,1,TRUE,TRUE,70,attic,Gracia
1250,2,1,FALSE,FALSE,65,attic,Gracia
580,1,1,FALSE,TRUE,40,attic,Eixample
1200,2,2,FALSE,TRUE,68,attic,Ciutat Vella
1400,1,1,TRUE,TRUE,56,attic,Ciutat Vella
700,2,1,TRUE,FALSE,45,attic,Horta- Guinardo
895,1,1,TRUE,TRUE,32,attic,Gracia
2200,2,2,TRUE,TRUE,126,attic,Gracia
820,2,1,TRUE,TRUE,70,attic,Sant Martí
735,1,1,TRUE,TRUE,25,attic,Sants-Montjuic
1550,1,1,TRUE,TRUE,62,attic,Eixample
1500,2,1,TRUE,TRUE,55,attic,Gracia
900,1,1,TRUE,TRUE,55,attic,Eixample
950,3,1,TRUE,FALSE,76,attic,Horta- Guinardo
1100,3,2,FALSE,FALSE,118,attic,Horta- Guinardo
930,4,1,TRUE,TRUE,85,attic,Sant Andreu
850,3,1,TRUE,TRUE,75,attic,Horta- Guinardo
1050,3,1,TRUE,TRUE,84,attic,Sants-Montjuic
950,2,1,FALSE,TRUE,67,attic,Sarria-Sant Gervasi
1800,3,1,TRUE,TRUE,147,attic,Sarria-Sant Gervasi
650,1,1,TRUE,TRUE,30,attic,Sarria-Sant Gervasi
4300,4,2,TRUE,TRUE,104,attic,Ciutat Vella
725,2,1,TRUE,FALSE,65,attic,Eixample
980,3,2,TRUE,FALSE,68,attic,Gracia
765,2,1,TRUE,TRUE,57,attic,Nou Barris
800,1,1,TRUE,TRUE,40,attic,Ciutat Vella
850,1,1,FALSE,FALSE,45,attic,Ciutat Vella
1300,3,1,TRUE,TRUE,70,attic,Eixample
1150,2,1,TRUE,FALSE,82,attic,Eixample
1100,2,1,TRUE,TRUE,54,attic,Ciutat Vella
1200,2,1,FALSE,TRUE,88,attic,Sant Andreu
1377,3,2,TRUE,TRUE,60,attic,Eixample
950,3,1,TRUE,FALSE,103,attic,Horta- Guinardo
1800,3,2,TRUE,TRUE,120,attic,Sarria-Sant Gervasi
890,3,1,TRUE,TRUE,83,attic,Eixample
755,2,1,FALSE,FALSE,46,attic,Sant Martí
1116,3,2,TRUE,TRUE,95,attic,Sarria-Sant Gervasi
2500,3,2,TRUE,FALSE,140,attic,Sarria-Sant Gervasi
690,1,1,TRUE,FALSE,30,attic,Les Corts
2900,4,2,TRUE,TRUE,150,attic,Sarria-Sant Gervasi
1280,3,2,TRUE,TRUE,70,attic,Eixample
1800,4,2,TRUE,TRUE,115,attic,Sant Martí
13000,5,6,TRUE,TRUE,280,attic,Eixample
3500,4,3,TRUE,TRUE,230,attic,Sarria-Sant Gervasi
2000,2,1,TRUE,FALSE,65,attic,Sarria-Sant Gervasi
1140,3,2,TRUE,TRUE,84,attic,Sants-Montjuic
835,1,1,TRUE,TRUE,35,attic,Sarria-Sant Gervasi
1200,3,1,TRUE,TRUE,70,attic,Eixample
1195,2,1,TRUE,TRUE,70,attic,Eixample
12000,3,3,TRUE,TRUE,271,attic,Sant Martí
9000,4,3,TRUE,TRUE,256,attic,Sant Martí
1250,2,1,FALSE,FALSE,58,attic,Ciutat Vella
1550,2,1,TRUE,FALSE,80,attic,Ciutat Vella
1300,1,1,FALSE,TRUE,60,attic,Ciutat Vella
945,1,1,TRUE,TRUE,52,attic,Sants-Montjuic
2800,1,1,TRUE,TRUE,50,attic,Ciutat Vella
850,2,1,FALSE,FALSE,36,attic,Eixample
1350,3,2,TRUE,TRUE,87,attic,Sarria-Sant Gervasi
850,1,1,TRUE,TRUE,40,attic,Les Corts
870,1,1,FALSE,TRUE,26,attic,Sants-Montjuic
1595,2,1,TRUE,FALSE,70,attic,Eixample
5500,5,4,TRUE,TRUE,429,attic,Les Corts
950,2,1,TRUE,FALSE,65,attic,Ciutat Vella
1500,4,2,TRUE,TRUE,91,attic,Eixample
770,1,1,TRUE,FALSE,30,attic,Sants-Montjuic
1800,3,2,TRUE,FALSE,80,attic,Sarria-Sant Gervasi
690,1,1,TRUE,FALSE,28,attic,Les Corts
2000,2,1,TRUE,TRUE,80,attic,Eixample
725,1,1,FALSE,TRUE,45,attic,Horta- Guinardo
1380,3,1,TRUE,TRUE,65,attic,Eixample
3950,3,3,TRUE,TRUE,220,attic,Sarria-Sant Gervasi
1100,3,1,TRUE,FALSE,61,attic,Sarria-Sant Gervasi
1150,1,1,TRUE,FALSE,60,attic,Ciutat Vella
2500,3,2,TRUE,TRUE,150,attic,Eixample
780,1,1,FALSE,TRUE,35,attic,Sants-Montjuic
1375,1,1,TRUE,TRUE,76,attic,Ciutat Vella
3180,4,3,TRUE,TRUE,165,attic,Sarria-Sant Gervasi
5500,6,4,TRUE,TRUE,250,attic,Les Corts
750,2,1,FALSE,FALSE,40,attic,Ciutat Vella
1075,1,1,TRUE,TRUE,56,attic,Sarria-Sant Gervasi
5500,5,3,TRUE,TRUE,250,attic,Sarria-Sant Gervasi
825,0,1,FALSE,FALSE,90,attic,Les Corts
995,2,1,FALSE,TRUE,42,attic,Eixample
1140,2,1,TRUE,FALSE,75,attic,Sants-Montjuic
2200,2,2,TRUE,FALSE,90,attic,Les Corts
1500,1,1,TRUE,TRUE,65,attic,Eixample
600,0,1,TRUE,FALSE,40,attic,Sants-Montjuic
1393,0,1,TRUE,FALSE,60,attic,Les Corts
1060,3,2,TRUE,TRUE,80,attic,Sant Martí
4500,6,3,FALSE,TRUE,250,attic,Sarria-Sant Gervasi
8500,3,3,TRUE,TRUE,200,attic,Sant Martí
1950,4,2,TRUE,TRUE,130,attic,Eixample
2500,2,1,TRUE,TRUE,90,attic,Ciutat Vella
5400,4,4,TRUE,TRUE,260,attic,Sarria-Sant Gervasi
1950,4,2,TRUE,FALSE,120,attic,Sarria-Sant Gervasi
850,2,1,FALSE,FALSE,68,attic,Les Corts
5500,5,8,TRUE,TRUE,280,attic,Sarria-Sant Gervasi
1488,2,2,TRUE,TRUE,78,attic,Eixample
1300,1,1,TRUE,TRUE,50,attic,Sants-Montjuic
4100,4,2,TRUE,TRUE,104,attic,Ciutat Vella
2200,2,2,TRUE,TRUE,70,attic,Eixample
1700,1,1,TRUE,FALSE,61,attic,Eixample
2300,2,2,TRUE,FALSE,70,attic,Eixample
2000,2,4,TRUE,FALSE,103,attic,Ciutat Vella
8000,5,6,TRUE,FALSE,280,attic,Sarria-Sant Gervasi
1600,2,2,TRUE,FALSE,80,attic,Sarria-Sant Gervasi
1900,2,2,TRUE,FALSE,96,attic,Sarria-Sant Gervasi
2250,2,1,TRUE,TRUE,85,attic,Eixample
5500,5,4,TRUE,TRUE,260,attic,Sarria-Sant Gervasi
3000,1,1,TRUE,TRUE,45,attic,Ciutat Vella
750,1,1,TRUE,FALSE,38,attic,Gracia
995,2,1,FALSE,TRUE,60,attic,Ciutat Vella
1250,1,1,TRUE,TRUE,57,attic,Eixample
1400,3,2,TRUE,FALSE,95,attic,Eixample
950,2,1,FALSE,FALSE,60,attic,Gracia
1050,2,1,TRUE,TRUE,62,attic,Eixample
761,2,1,FALSE,TRUE,59,attic,Sant Andreu
995,3,1,TRUE,FALSE,95,attic,Sant Martí
975,1,1,FALSE,TRUE,50,attic,Ciutat Vella
1250,2,1,FALSE,TRUE,65,attic,Ciutat Vella
750,3,1,TRUE,FALSE,60,flat,Horta- Guinardo
770,2,1,TRUE,FALSE,59,flat,Sant Andreu
1300,1,1,TRUE,TRUE,30,flat,Gracia
2800,1,1,TRUE,TRUE,70,flat,Ciutat Vella
720,2,1,TRUE,FALSE,44,flat,Sant Andreu
1350,3,3,TRUE,FALSE,84,flat,Sarria-Sant Gervasi
900,2,1,TRUE,FALSE,60,flat,Sarria-Sant Gervasi
1165,4,2,TRUE,FALSE,106,flat,Horta- Guinardo
1050,2,1,TRUE,FALSE,70,flat,Les Corts
2500,4,2,TRUE,FALSE,161,flat,Sarria-Sant Gervasi
1335,2,1,TRUE,FALSE,55,flat,Sant Martí
2200,4,2,TRUE,TRUE,175,flat,Eixample
2500,3,2,TRUE,TRUE,145,flat,Sarria-Sant Gervasi
980,2,2,TRUE,FALSE,82,flat,Eixample
1050,2,1,TRUE,FALSE,66,flat,Eixample
1350,3,2,TRUE,FALSE,95,flat,Eixample
1080,3,2,TRUE,FALSE,92,flat,Gracia
2500,3,2,TRUE,FALSE,130,flat,Les Corts
850,3,2,TRUE,FALSE,80,flat,Sants-Montjuic
1800,3,2,FALSE,FALSE,102,flat,Eixample
2300,2,2,TRUE,FALSE,150,flat,Eixample
950,4,1,TRUE,FALSE,90,flat,Sants-Montjuic
842,3,1,TRUE,FALSE,68,flat,Horta- Guinardo
1350,3,3,TRUE,FALSE,84,flat,Sarria-Sant Gervasi
900,2,1,TRUE,FALSE,60,flat,Sarria-Sant Gervasi
1165,4,2,TRUE,FALSE,106,flat,Horta- Guinardo
1050,2,1,TRUE,FALSE,70,flat,Les Corts
2500,4,2,TRUE,FALSE,161,flat,Sarria-Sant Gervasi
1335,2,1,TRUE,FALSE,55,flat,Sant Martí
900,1,1,TRUE,FALSE,45,flat,Eixample
1180,3,1,TRUE,TRUE,79,flat,Eixample
900,3,1,TRUE,FALSE,65,flat,Les Corts
1200,4,2,TRUE,FALSE,116,flat,Sarria-Sant Gervasi
750,1,1,FALSE,FALSE,45,flat,Eixample
1400,3,2,TRUE,FALSE,93,flat,Sarria-Sant Gervasi
852,4,1,TRUE,FALSE,75,flat,Sants-Montjuic
1250,4,2,TRUE,TRUE,98,flat,Eixample
750,2,1,FALSE,FALSE,60,flat,Gracia
1000,1,1,TRUE,FALSE,60,flat,Sarria-Sant Gervasi
1250,4,2,TRUE,FALSE,121,flat,Eixample
900,2,1,TRUE,FALSE,78,flat,Sant Martí
1450,4,2,TRUE,FALSE,177,flat,Sant Martí
900,2,1,TRUE,FALSE,55,flat,Sant Andreu
1350,3,2,TRUE,FALSE,76,flat,Sant Martí
1246,1,1,TRUE,FALSE,51,flat,Eixample
850,1,1,FALSE,FALSE,45,flat,Ciutat Vella
750,3,1,TRUE,FALSE,42,flat,Gracia
1580,3,2,TRUE,TRUE,110,flat,Ciutat Vella
1950,4,2,TRUE,TRUE,158,flat,Eixample
1060,4,2,TRUE,FALSE,90,flat,Sant Andreu
1350,3,2,TRUE,FALSE,104,flat,Sarria-Sant Gervasi
900,4,1,TRUE,FALSE,80,flat,Eixample
1600,2,2,TRUE,FALSE,100,flat,Eixample
625,2,1,TRUE,FALSE,41,flat,Horta- Guinardo
2550,2,2,TRUE,FALSE,137,flat,Ciutat Vella
925,4,2,TRUE,TRUE,101,flat,Sant Martí
1290,2,1,TRUE,FALSE,70,flat,Les Corts
780,2,1,FALSE,FALSE,62,flat,Horta- Guinardo
1300,5,3,TRUE,FALSE,130,flat,Eixample
1053,4,2,TRUE,FALSE,95,flat,Sant Martí
650,1,1,FALSE,FALSE,55,flat,Ciutat Vella
1500,4,2,TRUE,FALSE,150,flat,Eixample
1190,4,2,TRUE,FALSE,130,flat,Eixample
660,2,1,FALSE,FALSE,46,flat,Sant Andreu
1585,4,2,TRUE,TRUE,123,flat,Sarria-Sant Gervasi
950,4,1,TRUE,FALSE,79,flat,Sant Andreu
1850,3,3,TRUE,FALSE,140,flat,Sarria-Sant Gervasi
1080,3,1,TRUE,FALSE,72,flat,Sant Martí
1700,2,2,TRUE,FALSE,73,flat,Sant Martí
770,1,1,FALSE,FALSE,55,flat,Sants-Montjuic
3300,3,1,TRUE,FALSE,151,flat,Sarria-Sant Gervasi
700,2,1,FALSE,FALSE,50,flat,Sants-Montjuic
2900,4,1,TRUE,FALSE,138,flat,Sarria-Sant Gervasi
3300,4,1,TRUE,FALSE,153,flat,Sarria-Sant Gervasi
2300,3,1,TRUE,FALSE,113,flat,Sarria-Sant Gervasi
825,2,1,TRUE,FALSE,38,flat,Ciutat Vella
1100,2,1,TRUE,TRUE,76,flat,Ciutat Vella
1000,2,2,TRUE,TRUE,65,flat,Ciutat Vella
850,1,1,TRUE,FALSE,61,flat,Gracia
850,2,1,TRUE,FALSE,53,flat,Ciutat Vella
900,3,1,TRUE,FALSE,77,flat,Eixample
2000,4,3,TRUE,FALSE,202,flat,Eixample
1100,2,2,TRUE,FALSE,92,flat,Ciutat Vella
850,3,1,TRUE,FALSE,61,flat,Gracia
2850,3,2,TRUE,FALSE,171,flat,Eixample
4000,4,4,TRUE,FALSE,220,flat,Sarria-Sant Gervasi
900,2,2,TRUE,FALSE,60,flat,Ciutat Vella
1970,2,2,TRUE,FALSE,73,flat,Sant Martí
1210,2,1,TRUE,FALSE,47,flat,Sant Martí
1185,2,1,FALSE,FALSE,47,flat,Sant Martí
1900,2,2,TRUE,FALSE,73,flat,Sant Martí
1250,3,1,TRUE,FALSE,75,flat,Les Corts
795,2,2,TRUE,TRUE,59,flat,Nou Barris
780,3,1,TRUE,FALSE,68,flat,Horta- Guinardo
950,3,1,FALSE,TRUE,101,flat,Ciutat Vella
895,3,1,FALSE,TRUE,85,flat,Gracia
995,4,2,TRUE,FALSE,90,flat,Sants-Montjuic
780,2,1,FALSE,FALSE,51,flat,Nou Barris
2400,3,3,TRUE,FALSE,140,flat,Sarria-Sant Gervasi
1170,2,1,TRUE,TRUE,72,flat,Eixample
2200,2,1,TRUE,FALSE,65,flat,Sarria-Sant Gervasi
1300,3,1,TRUE,FALSE,85,flat,Eixample
730,1,1,FALSE,FALSE,40,flat,Ciutat Vella
1750,3,2,TRUE,FALSE,140,flat,Sarria-Sant Gervasi
1250,2,2,TRUE,FALSE,70,flat,Eixample
1000,1,1,TRUE,TRUE,51,flat,Gracia
800,2,1,TRUE,FALSE,60,flat,Gracia
2700,7,3,TRUE,FALSE,250,flat,Eixample
980,3,1,TRUE,FALSE,67,flat,Eixample
1195,1,1,TRUE,FALSE,95,flat,Sant Andreu
1700,4,2,TRUE,TRUE,95,flat,Eixample
1800,4,2,TRUE,TRUE,92,flat,Eixample
1350,4,2,TRUE,FALSE,120,flat,Eixample
930,2,1,TRUE,TRUE,70,flat,Sants-Montjuic
995,4,1,TRUE,TRUE,87,flat,Horta- Guinardo
1200,2,1,TRUE,TRUE,65,flat,Sarria-Sant Gervasi
850,2,1,TRUE,FALSE,47,flat,Ciutat Vella
990,2,2,FALSE,FALSE,80,flat,Sarria-Sant Gervasi
2550,2,2,TRUE,FALSE,123,flat,Ciutat Vella
1300,2,1,FALSE,FALSE,70,flat,Ciutat Vella
1350,2,1,TRUE,FALSE,65,flat,Ciutat Vella
2000,2,2,TRUE,TRUE,115,flat,Ciutat Vella
1475,2,2,FALSE,FALSE,121,flat,Ciutat Vella
1400,1,1,TRUE,FALSE,33,flat,Ciutat Vella
900,1,1,FALSE,FALSE,36,flat,Ciutat Vella
950,3,2,FALSE,FALSE,75,flat,Ciutat Vella
1300,1,1,FALSE,FALSE,68,flat,Ciutat Vella
1250,2,2,TRUE,TRUE,103,flat,Ciutat Vella
1100,3,2,TRUE,FALSE,85,flat,Ciutat Vella
2000,2,2,TRUE,TRUE,120,flat,Ciutat Vella
1100,1,1,TRUE,FALSE,68,flat,Ciutat Vella
1100,1,1,TRUE,FALSE,50,flat,Ciutat Vella
1600,3,2,TRUE,FALSE,122,flat,Ciutat Vella
1800,3,2,TRUE,FALSE,85,flat,Ciutat Vella
1000,3,1,FALSE,FALSE,70,flat,Ciutat Vella
702,2,1,TRUE,FALSE,37,flat,Ciutat Vella
3000,4,2,FALSE,TRUE,180,flat,Ciutat Vella
1700,2,2,TRUE,FALSE,120,flat,Ciutat Vella
1350,5,2,FALSE,FALSE,112,flat,Ciutat Vella
1175,3,2,FALSE,FALSE,97,flat,Ciutat Vella
1250,2,2,TRUE,FALSE,46,flat,Ciutat Vella
1100,2,1,TRUE,FALSE,46,flat,Ciutat Vella
800,3,1,FALSE,FALSE,55,flat,Ciutat Vella
1700,2,2,FALSE,TRUE,151,flat,Ciutat Vella
2000,2,2,FALSE,FALSE,121,flat,Ciutat Vella
1500,3,2,TRUE,FALSE,89,flat,Ciutat Vella
1100,1,1,TRUE,TRUE,40,flat,Ciutat Vella
690,1,1,FALSE,FALSE,37,flat,Ciutat Vella
1500,1,2,FALSE,FALSE,110,flat,Ciutat Vella
1100,2,2,TRUE,FALSE,58,flat,Ciutat Vella
2200,2,2,TRUE,TRUE,90,flat,Ciutat Vella
1350,2,2,TRUE,FALSE,46,flat,Ciutat Vella
1290,2,1,FALSE,FALSE,62,flat,Ciutat Vella
1900,2,2,TRUE,FALSE,99,flat,Ciutat Vella
1400,2,2,TRUE,TRUE,65,flat,Ciutat Vella
800,2,1,FALSE,FALSE,50,flat,Ciutat Vella
900,2,1,TRUE,FALSE,60,flat,Ciutat Vella
1050,1,1,FALSE,FALSE,80,flat,Ciutat Vella
1250,2,2,TRUE,TRUE,67,flat,Ciutat Vella
1200,1,1,TRUE,FALSE,65,flat,Ciutat Vella
1350,2,2,FALSE,FALSE,60,flat,Ciutat Vella
1200,2,2,FALSE,FALSE,70,flat,Ciutat Vella
1400,3,1,TRUE,FALSE,80,flat,Ciutat Vella
1500,2,2,TRUE,TRUE,98,flat,Ciutat Vella
1350,1,1,FALSE,TRUE,35,flat,Ciutat Vella
1250,2,1,FALSE,FALSE,65,flat,Ciutat Vella
1000,1,1,TRUE,TRUE,40,flat,Ciutat Vella
1250,2,2,TRUE,FALSE,46,flat,Ciutat Vella
1200,4,2,TRUE,FALSE,130,flat,Ciutat Vella
1600,3,2,TRUE,FALSE,173,flat,Ciutat Vella
5720,3,2,FALSE,FALSE,115,flat,Ciutat Vella
1500,2,2,TRUE,TRUE,86,flat,Ciutat Vella
1200,2,1,FALSE,FALSE,85,flat,Ciutat Vella
2290,4,2,TRUE,TRUE,180,flat,Gracia
1900,3,1,TRUE,TRUE,125,flat,Gracia
1300,3,2,TRUE,TRUE,100,flat,Gracia
2500,2,2,TRUE,TRUE,72,flat,Gracia
1800,2,1,FALSE,TRUE,100,flat,Gracia
1200,2,1,TRUE,FALSE,77,flat,Gracia
1250,2,2,FALSE,FALSE,75,flat,Gracia
1480,2,2,TRUE,FALSE,100,flat,Gracia
1800,3,2,TRUE,FALSE,100,flat,Gracia
1900,1,1,FALSE,TRUE,80,flat,Gracia
1300,3,1,FALSE,TRUE,85,flat,Gracia
1400,3,2,FALSE,FALSE,125,flat,Gracia
1400,2,1,TRUE,FALSE,55,flat,Gracia
1900,1,1,FALSE,TRUE,80,flat,Gracia
1500,1,1,FALSE,TRUE,94,flat,Gracia
1800,2,1,TRUE,FALSE,100,flat,Gracia
2050,3,2,TRUE,TRUE,177,flat,Gracia
3200,5,3,TRUE,FALSE,208,flat,Gracia
3768,3,2,TRUE,TRUE,117,flat,Gracia
1300,4,1,FALSE,TRUE,85,flat,Gracia
1300,4,1,TRUE,FALSE,107,flat,Les Corts
990,2,1,TRUE,FALSE,74,flat,Eixample
1200,3,2,TRUE,TRUE,77,flat,Sants-Montjuic
900,1,1,TRUE,FALSE,45,flat,Eixample
850,1,1,TRUE,FALSE,50,flat,Ciutat Vella
1000,3,2,TRUE,FALSE,88,flat,Eixample
950,2,1,TRUE,FALSE,45,flat,Eixample
1500,3,2,FALSE,FALSE,92,flat,Sarria-Sant Gervasi
1600,3,2,TRUE,TRUE,100,flat,Sarria-Sant Gervasi
1000,1,2,TRUE,FALSE,50,flat,Eixample
1200,1,1,TRUE,FALSE,50,flat,Eixample
1350,3,1,TRUE,TRUE,120,flat,Eixample
1425,2,2,TRUE,FALSE,88,flat,Les Corts
1550,5,2,TRUE,TRUE,146,flat,Les Corts
1495,4,2,TRUE,FALSE,123,flat,Les Corts
950,2,1,TRUE,FALSE,62,flat,Eixample
950,1,1,TRUE,FALSE,50,flat,Eixample
2300,2,2,FALSE,FALSE,96,flat,Ciutat Vella
3200,5,3,TRUE,FALSE,200,flat,Les Corts
3400,5,3,TRUE,FALSE,200,flat,Les Corts
3200,4,3,TRUE,TRUE,148,flat,Sarria-Sant Gervasi
1500,2,2,TRUE,FALSE,88,flat,Sarria-Sant Gervasi
2300,4,2,TRUE,FALSE,158,flat,Sarria-Sant Gervasi
1100,2,1,TRUE,FALSE,57,flat,Eixample
1150,1,1,TRUE,FALSE,40,flat,Sarria-Sant Gervasi
1060,4,2,TRUE,FALSE,98,flat,Sarria-Sant Gervasi
750,1,1,FALSE,FALSE,60,flat,Sants-Montjuic
750,2,1,FALSE,FALSE,52,flat,Sants-Montjuic
1200,2,2,TRUE,FALSE,113,flat,Eixample
700,1,1,TRUE,FALSE,50,flat,Ciutat Vella
1125,2,1,TRUE,TRUE,75,flat,Ciutat Vella
1300,2,1,TRUE,FALSE,80,flat,Eixample
970,2,1,TRUE,TRUE,43,flat,Sarria-Sant Gervasi
1950,5,3,TRUE,TRUE,170,flat,Sarria-Sant Gervasi
1000,3,1,TRUE,TRUE,70,flat,Eixample
1850,3,2,TRUE,TRUE,100,flat,Sarria-Sant Gervasi
1290,3,2,TRUE,FALSE,100,flat,Eixample
950,1,1,TRUE,FALSE,54,flat,Ciutat Vella
1500,2,2,TRUE,FALSE,95,flat,Eixample
650,1,1,TRUE,FALSE,25,flat,Eixample
750,1,1,FALSE,FALSE,22,flat,Ciutat Vella
1080,2,1,FALSE,FALSE,75,flat,Sarria-Sant Gervasi
8482,4,7,TRUE,TRUE,225,flat,Les Corts
890,1,1,TRUE,FALSE,54,flat,Sarria-Sant Gervasi
3500,2,2,TRUE,TRUE,152,flat,Sarria-Sant Gervasi
3219,3,2,TRUE,TRUE,120,flat,Sarria-Sant Gervasi
3400,3,3,TRUE,TRUE,220,flat,Sarria-Sant Gervasi
1200,2,2,FALSE,FALSE,98,flat,Ciutat Vella
1626,3,2,TRUE,TRUE,81,flat,Eixample
750,1,1,FALSE,FALSE,40,flat,Ciutat Vella
3500,4,4,TRUE,TRUE,188,flat,Sarria-Sant Gervasi
1200,2,1,FALSE,FALSE,50,flat,Sants-Montjuic
2200,2,2,TRUE,TRUE,89,flat,Ciutat Vella
1700,3,1,TRUE,TRUE,130,flat,Ciutat Vella
1450,4,2,TRUE,FALSE,84,flat,Les Corts
1200,3,1,TRUE,FALSE,75,flat,Ciutat Vella
3500,2,2,TRUE,TRUE,113,flat,Eixample
1350,4,2,TRUE,TRUE,112,flat,Les Corts
1400,3,2,TRUE,FALSE,106,flat,Eixample
2000,5,3,TRUE,TRUE,167,flat,Sarria-Sant Gervasi
1724,3,2,TRUE,TRUE,78,flat,Eixample
1150,3,2,TRUE,FALSE,88,flat,Sarria-Sant Gervasi
5000,4,3,TRUE,TRUE,220,flat,Sarria-Sant Gervasi
935,3,2,FALSE,FALSE,82,flat,Horta- Guinardo
3600,5,4,TRUE,TRUE,185,flat,Les Corts
3400,5,4,TRUE,TRUE,220,flat,Sarria-Sant Gervasi
2500,3,2,TRUE,TRUE,145,flat,Sarria-Sant Gervasi
2000,3,2,TRUE,TRUE,110,flat,Eixample
1590,3,2,TRUE,FALSE,110,flat,Eixample
5200,3,2,TRUE,TRUE,150,flat,Ciutat Vella
1000,3,1,FALSE,FALSE,63,flat,Gracia
1900,2,2,TRUE,TRUE,92,flat,Gracia
3800,2,2,TRUE,TRUE,100,flat,Ciutat Vella
1600,4,2,TRUE,TRUE,137,flat,Sarria-Sant Gervasi
1650,3,2,TRUE,TRUE,138,flat,Eixample
2500,3,2,TRUE,TRUE,136,flat,Sarria-Sant Gervasi
1450,2,1,TRUE,FALSE,90,flat,Eixample
2700,5,3,TRUE,TRUE,227,flat,Sarria-Sant Gervasi
900,3,1,TRUE,FALSE,82,flat,Gracia
6800,5,5,TRUE,TRUE,325,flat,Sarria-Sant Gervasi
1950,2,1,TRUE,TRUE,100,flat,Sant Martí
1150,1,2,TRUE,FALSE,100,flat,Ciutat Vella
1050,3,1,TRUE,FALSE,81,flat,Eixample
6000,3,3,TRUE,TRUE,250,flat,Sant Martí
3600,3,5,TRUE,FALSE,280,flat,Les Corts
1150,1,1,TRUE,TRUE,45,flat,Ciutat Vella
3300,4,3,TRUE,FALSE,174,flat,Sarria-Sant Gervasi
1750,4,2,TRUE,TRUE,100,flat,Sant Martí
2200,3,2,TRUE,FALSE,110,flat,Eixample
2200,4,2,TRUE,TRUE,175,flat,Eixample
975,1,1,TRUE,FALSE,51,flat,Ciutat Vella
2200,3,2,TRUE,FALSE,112,flat,Eixample
1300,1,1,TRUE,FALSE,99,flat,Ciutat Vella
4900,5,5,TRUE,TRUE,257,flat,Sarria-Sant Gervasi
1200,1,1,FALSE,FALSE,60,flat,Ciutat Vella
2250,2,2,TRUE,TRUE,75,flat,Eixample
8000,4,4,TRUE,FALSE,226,flat,Eixample
3500,3,2,TRUE,TRUE,150,flat,Eixample
1975,5,3,TRUE,FALSE,140,flat,Sarria-Sant Gervasi
1250,2,2,FALSE,FALSE,82,flat,Ciutat Vella
1600,1,1,TRUE,FALSE,82,flat,Eixample
8500,3,3,TRUE,FALSE,220,flat,Eixample
1750,3,2,TRUE,FALSE,130,flat,Gracia
1949,1,1,TRUE,TRUE,58,flat,Gracia
1385,2,1,FALSE,FALSE,55,flat,Sant Martí
1050,2,1,FALSE,TRUE,55,flat,Gracia
2150,4,2,TRUE,FALSE,158,flat,Sant Martí
1360,2,1,TRUE,FALSE,55,flat,Sant Martí
800,1,1,TRUE,FALSE,52,flat,Ciutat Vella
2000,3,2,TRUE,FALSE,92,flat,Sant Martí
3833,3,2,TRUE,TRUE,135,flat,Les Corts
2400,3,3,TRUE,FALSE,148,flat,Sarria-Sant Gervasi
3850,5,3,TRUE,FALSE,260,flat,Sarria-Sant Gervasi
7000,5,5,TRUE,TRUE,400,flat,Sarria-Sant Gervasi
2900,4,2,TRUE,TRUE,150,flat,Sarria-Sant Gervasi
3000,3,2,TRUE,TRUE,165,flat,Sarria-Sant Gervasi
5300,4,5,FALSE,TRUE,260,flat,Sarria-Sant Gervasi
3000,3,2,TRUE,FALSE,160,flat,Sarria-Sant Gervasi
4700,4,3,TRUE,TRUE,224,flat,Sarria-Sant Gervasi
920,3,1,TRUE,FALSE,76,flat,Sant Martí
895,1,1,TRUE,FALSE,55,flat,Eixample
750,3,1,TRUE,FALSE,67,flat,Sant Andreu
1050,3,1,TRUE,FALSE,75,flat,Sarria-Sant Gervasi
800,3,1,FALSE,FALSE,65,flat,Sant Martí
1000,3,1,TRUE,FALSE,80,flat,Eixample
1085,3,2,TRUE,FALSE,83,flat,Les Corts
850,3,1,TRUE,FALSE,58,flat,Sants-Montjuic
995,1,1,TRUE,FALSE,50,flat,Sarria-Sant Gervasi
800,1,1,TRUE,FALSE,50,flat,Sarria-Sant Gervasi
2800,4,3,TRUE,FALSE,200,flat,Les Corts
2900,3,2,TRUE,FALSE,178,flat,Sarria-Sant Gervasi
1675,4,3,TRUE,FALSE,137,flat,Sarria-Sant Gervasi
1700,2,2,TRUE,FALSE,85,flat,Eixample
1900,4,2,TRUE,TRUE,148,flat,Les Corts
2580,3,2,TRUE,FALSE,154,flat,Eixample
2000,3,3,TRUE,FALSE,150,flat,Les Corts
1350,3,2,TRUE,FALSE,124,flat,Eixample
850,1,1,TRUE,FALSE,40,flat,Sarria-Sant Gervasi
1100,2,1,TRUE,FALSE,56,flat,Ciutat Vella
690,1,1,FALSE,FALSE,36,flat,Ciutat Vella
700,2,1,FALSE,FALSE,67,flat,Ciutat Vella
710,2,1,TRUE,FALSE,33,flat,Ciutat Vella
720,2,1,FALSE,FALSE,45,flat,Sants-Montjuic
1130,3,2,TRUE,FALSE,89,flat,Eixample
1195,3,1,TRUE,FALSE,74,flat,Eixample
840,2,1,TRUE,FALSE,55,flat,Sants-Montjuic
760,2,1,FALSE,FALSE,67,flat,Sants-Montjuic
1400,1,1,TRUE,TRUE,60,flat,Sant Martí
1150,2,2,TRUE,FALSE,83,flat,Sant Martí
1700,3,2,TRUE,FALSE,118,flat,Sant Martí
1360,2,1,TRUE,FALSE,55,flat,Sant Martí
1650,2,2,TRUE,TRUE,93,flat,Sant Martí
1175,3,1,TRUE,TRUE,61,flat,Sant Martí
1210,2,1,TRUE,FALSE,55,flat,Sant Martí
1150,2,2,TRUE,FALSE,60,flat,Sant Martí
2000,4,3,TRUE,FALSE,154,flat,Sant Martí
6000,3,2,TRUE,TRUE,240,flat,Sant Martí
2400,3,2,TRUE,TRUE,120,flat,Sant Martí
1500,3,2,TRUE,TRUE,66,flat,Sant Martí
2600,3,2,TRUE,TRUE,121,flat,Sant Martí
1250,2,1,FALSE,FALSE,73,flat,Sant Martí
1500,2,1,TRUE,TRUE,70,flat,Sant Martí
1190,2,1,TRUE,FALSE,64,flat,Ciutat Vella
1220,2,1,TRUE,FALSE,75,flat,Les Corts
1540,4,2,TRUE,FALSE,120,flat,Les Corts
3500,6,4,TRUE,FALSE,230,flat,Les Corts
2700,4,3,TRUE,TRUE,190,flat,Les Corts
1800,4,3,TRUE,FALSE,124,flat,Les Corts
2975,5,2,TRUE,TRUE,232,flat,Les Corts
1900,0,3,TRUE,TRUE,145,flat,Les Corts
1600,2,2,TRUE,FALSE,70,flat,Les Corts
2600,3,2,TRUE,TRUE,177,flat,Les Corts
6500,4,4,TRUE,TRUE,285,flat,Les Corts
2450,3,2,TRUE,FALSE,150,flat,Les Corts
1895,3,3,TRUE,FALSE,175,flat,Les Corts
1300,2,1,TRUE,TRUE,76,flat,Les Corts
2000,4,3,TRUE,TRUE,130,flat,Les Corts
1300,2,2,TRUE,FALSE,74,flat,Les Corts
2250,3,2,TRUE,FALSE,120,flat,Les Corts
2600,5,3,TRUE,TRUE,180,flat,Les Corts
2000,4,2,TRUE,TRUE,150,flat,Les Corts
3600,4,4,TRUE,TRUE,170,flat,Les Corts
3000,4,4,TRUE,FALSE,235,flat,Les Corts
2750,5,3,TRUE,FALSE,160,flat,Les Corts
1035,3,2,TRUE,FALSE,85,flat,Eixample
775,1,1,FALSE,FALSE,39,flat,Sant Martí
800,3,2,TRUE,FALSE,83,flat,Sants-Montjuic
650,2,1,FALSE,FALSE,56,flat,Horta- Guinardo
825,1,1,FALSE,FALSE,50,flat,Gracia
890,1,1,TRUE,FALSE,55,flat,Eixample
900,3,1,TRUE,FALSE,75,flat,Sants-Montjuic
1000,3,2,TRUE,FALSE,74,flat,Sants-Montjuic
2000,2,1,TRUE,FALSE,65,flat,Sarria-Sant Gervasi
790,2,1,TRUE,FALSE,88,flat,Sant Andreu
1600,4,2,TRUE,FALSE,122,flat,Eixample
2500,2,2,TRUE,TRUE,116,flat,Sant Martí
1050,2,1,TRUE,FALSE,60,flat,Sarria-Sant Gervasi
990,2,1,TRUE,TRUE,81,flat,Gracia
950,2,1,TRUE,FALSE,50,flat,Gracia
990,3,1,TRUE,TRUE,81,flat,Sants-Montjuic
1000,3,2,TRUE,TRUE,79,flat,Gracia
1150,4,1,TRUE,FALSE,85,flat,Eixample
875,1,1,TRUE,TRUE,54,flat,Sarria-Sant Gervasi
2200,4,3,TRUE,TRUE,235,flat,Sarria-Sant Gervasi
1500,2,1,TRUE,FALSE,75,flat,Eixample
2200,3,2,TRUE,TRUE,123,flat,Eixample
2120,3,2,TRUE,FALSE,100,flat,Eixample
1500,2,1,TRUE,FALSE,50,flat,Eixample
1350,3,2,FALSE,FALSE,111,flat,Sarria-Sant Gervasi
4000,4,3,TRUE,FALSE,170,flat,Les Corts
1800,2,2,TRUE,FALSE,82,flat,Eixample
2000,3,2,TRUE,FALSE,110,flat,Sarria-Sant Gervasi
8500,5,5,TRUE,TRUE,480,flat,Sarria-Sant Gervasi
2500,2,1,TRUE,FALSE,70,flat,Ciutat Vella
1900,2,1,TRUE,FALSE,70,flat,Eixample
1950,2,2,TRUE,TRUE,91,flat,Ciutat Vella
1300,1,1,FALSE,FALSE,55,flat,Sarria-Sant Gervasi
5500,4,2,TRUE,TRUE,230,flat,Sant Martí
750,1,1,TRUE,FALSE,47,flat,Sarria-Sant Gervasi
1350,2,2,TRUE,FALSE,64,flat,Eixample
1463,4,2,TRUE,FALSE,120,flat,Ciutat Vella
2900,3,2,TRUE,FALSE,180,flat,Eixample
1350,3,1,TRUE,TRUE,146,flat,Eixample
1175,2,1,TRUE,FALSE,65,flat,Sarria-Sant Gervasi
1350,2,1,FALSE,FALSE,74,flat,Horta- Guinardo
1839,5,2,TRUE,FALSE,140,flat,Ciutat Vella
3600,3,4,TRUE,TRUE,176,flat,Les Corts
1125,2,1,TRUE,FALSE,70,flat,Sarria-Sant Gervasi
1200,2,1,TRUE,FALSE,40,flat,Horta- Guinardo
1950,5,2,TRUE,FALSE,140,flat,Sarria-Sant Gervasi
1700,2,1,TRUE,TRUE,90,flat,Sarria-Sant Gervasi
1550,2,2,TRUE,TRUE,85,flat,Ciutat Vella
980,1,1,TRUE,FALSE,40,flat,Horta- Guinardo
1800,2,2,TRUE,TRUE,80,flat,Eixample
2420,3,2,TRUE,TRUE,106,flat,Eixample
1300,2,2,TRUE,FALSE,65,flat,Eixample
1300,3,2,TRUE,FALSE,64,flat,Horta- Guinardo
1600,2,1,TRUE,TRUE,72,flat,Eixample
1300,3,1,TRUE,FALSE,64,flat,Horta- Guinardo
980,1,1,TRUE,FALSE,40,flat,Horta- Guinardo
1500,2,1,TRUE,FALSE,80,flat,Eixample
2000,4,2,TRUE,FALSE,150,flat,Eixample
1050,2,1,FALSE,FALSE,77,flat,Ciutat Vella
2700,4,4,TRUE,TRUE,156,flat,Les Corts
3300,5,3,TRUE,TRUE,214,flat,Sarria-Sant Gervasi
1600,3,2,TRUE,FALSE,129,flat,Sarria-Sant Gervasi
1117,2,1,TRUE,TRUE,55,flat,Eixample
1400,3,2,FALSE,TRUE,104,flat,Eixample
770,1,1,FALSE,FALSE,59,flat,Sants-Montjuic
950,2,1,TRUE,TRUE,69,flat,Eixample
2800,2,2,TRUE,TRUE,96,flat,Sarria-Sant Gervasi
2300,5,2,TRUE,TRUE,150,flat,Eixample
2300,3,2,TRUE,TRUE,125,flat,Sant Martí
2200,2,2,TRUE,FALSE,102,flat,Eixample
1300,1,1,TRUE,FALSE,52,flat,Ciutat Vella
1100,2,1,TRUE,FALSE,60,flat,Sants-Montjuic
900,2,1,FALSE,FALSE,66,flat,Eixample
2655,2,2,TRUE,TRUE,139,flat,Sarria-Sant Gervasi
2200,4,3,TRUE,FALSE,210,flat,Eixample
1250,2,2,TRUE,FALSE,86,flat,Ciutat Vella
1550,2,2,TRUE,TRUE,110,flat,Sarria-Sant Gervasi
1250,2,2,TRUE,FALSE,96,flat,Sarria-Sant Gervasi
765,1,1,FALSE,TRUE,39,flat,Ciutat Vella
950,2,1,FALSE,FALSE,65,flat,Eixample
1800,4,2,TRUE,FALSE,150,flat,Eixample
2900,4,2,TRUE,TRUE,153,flat,Sarria-Sant Gervasi
1600,3,2,TRUE,FALSE,66,flat,Sant Martí
1250,4,2,TRUE,FALSE,82,flat,Eixample
3800,5,4,TRUE,FALSE,287,flat,Sarria-Sant Gervasi
2934,3,2,TRUE,TRUE,117,flat,Eixample
2467,2,2,TRUE,TRUE,102,flat,Sarria-Sant Gervasi
950,2,1,TRUE,FALSE,64,flat,Sarria-Sant Gervasi
1000,3,1,TRUE,FALSE,75,flat,Sants-Montjuic
900,2,1,FALSE,FALSE,65,flat,Eixample
1500,3,2,TRUE,FALSE,76,flat,Sant Martí
1100,2,1,FALSE,FALSE,60,flat,Les Corts
1500,2,1,TRUE,TRUE,56,flat,Eixample
900,1,1,TRUE,FALSE,45,flat,Ciutat Vella
2550,4,2,TRUE,TRUE,166,flat,Les Corts
1800,2,1,TRUE,TRUE,70,flat,Ciutat Vella
1400,2,1,TRUE,FALSE,77,flat,Eixample
2278,3,2,TRUE,TRUE,123,flat,Sarria-Sant Gervasi
1200,1,1,TRUE,FALSE,55,flat,Sarria-Sant Gervasi
990,2,1,TRUE,FALSE,74,flat,Eixample
1050,2,1,TRUE,FALSE,37,flat,Sarria-Sant Gervasi
2450,5,2,TRUE,TRUE,211,flat,Eixample
3500,2,3,TRUE,TRUE,137,flat,Eixample
900,1,1,TRUE,FALSE,50,flat,Eixample
900,2,2,TRUE,FALSE,70,flat,Sants-Montjuic
3300,3,2,TRUE,TRUE,160,flat,Sarria-Sant Gervasi
750,1,1,FALSE,FALSE,40,flat,Ciutat Vella
1150,1,1,TRUE,FALSE,50,flat,Eixample
900,2,2,FALSE,FALSE,70,flat,Sants-Montjuic
2300,4,2,TRUE,TRUE,128,flat,Sarria-Sant Gervasi
1400,4,2,FALSE,FALSE,93,flat,Les Corts
1090,2,2,TRUE,FALSE,89,flat,Sarria-Sant Gervasi
1260,2,1,FALSE,FALSE,47,flat,Sant Martí
1100,2,1,TRUE,FALSE,80,flat,Ciutat Vella
1100,1,1,TRUE,FALSE,65,flat,Eixample
1450,2,2,TRUE,TRUE,95,flat,Les Corts
2070,3,2,TRUE,FALSE,92,flat,Sant Martí
695,2,1,FALSE,FALSE,70,flat,Nou Barris
850,3,1,TRUE,FALSE,77,flat,Horta- Guinardo
1100,4,2,TRUE,FALSE,110,flat,Eixample
900,3,2,TRUE,FALSE,90,flat,Sarria-Sant Gervasi
1420,3,3,TRUE,FALSE,117,flat,Eixample
650,1,1,TRUE,FALSE,50,flat,Nou Barris
1600,5,2,TRUE,FALSE,138,flat,Eixample
3500,5,3,TRUE,TRUE,220,flat,Sarria-Sant Gervasi
790,3,1,FALSE,FALSE,75,flat,Horta- Guinardo
950,3,1,TRUE,FALSE,80,flat,Eixample
1600,4,2,TRUE,FALSE,111,flat,Les Corts
1450,4,2,TRUE,FALSE,106,flat,Sants-Montjuic
1300,2,1,TRUE,FALSE,73,flat,Gracia
1050,4,2,TRUE,FALSE,98,flat,Eixample
850,2,1,FALSE,TRUE,71,flat,Sants-Montjuic
850,2,1,FALSE,FALSE,74,flat,Eixample
690,2,1,FALSE,FALSE,47,flat,Sants-Montjuic
875,3,1,FALSE,FALSE,69,flat,Sants-Montjuic
1125,2,1,TRUE,TRUE,75,flat,Eixample
700,1,1,FALSE,FALSE,32,flat,Ciutat Vella
700,2,1,FALSE,FALSE,53,flat,Ciutat Vella
890,1,1,TRUE,FALSE,50,flat,Sarria-Sant Gervasi
795,3,2,TRUE,TRUE,75,flat,Sant Martí
1200,3,2,FALSE,FALSE,70,flat,Ciutat Vella
700,1,1,FALSE,FALSE,40,flat,Ciutat Vella
850,2,1,FALSE,FALSE,50,flat,Ciutat Vella
800,3,1,TRUE,FALSE,80,flat,Sant Martí
750,3,1,TRUE,FALSE,80,flat,Horta- Guinardo
1150,4,1,TRUE,TRUE,100,flat,Gracia
3250,4,3,TRUE,TRUE,184,flat,Sarria-Sant Gervasi
1000,3,2,FALSE,TRUE,80,flat,Sants-Montjuic
1150,4,1,TRUE,FALSE,90,flat,Sant Martí
635,0,1,FALSE,FALSE,37,flat,Ciutat Vella
1595,2,2,TRUE,TRUE,80,flat,Sant Martí
1145,2,1,TRUE,FALSE,58,flat,Eixample
890,2,1,TRUE,FALSE,60,flat,Eixample
795,0,1,TRUE,FALSE,34,flat,Sarria-Sant Gervasi
680,1,1,TRUE,FALSE,55,flat,Ciutat Vella
865,2,1,FALSE,FALSE,68,flat,Gracia
1320,3,2,TRUE,FALSE,94,flat,Sarria-Sant Gervasi
840,3,1,FALSE,FALSE,66,flat,Sant Martí
1450,4,2,TRUE,TRUE,95,flat,Eixample
850,3,1,TRUE,FALSE,80,flat,Nou Barris
1380,4,2,TRUE,TRUE,100,flat,Eixample
720,3,1,FALSE,TRUE,60,flat,Sant Martí
1100,3,1,TRUE,FALSE,80,flat,Sant Martí
1200,4,2,FALSE,TRUE,125,flat,Sants-Montjuic
1216,3,1,TRUE,FALSE,85,flat,Sarria-Sant Gervasi
800,1,1,TRUE,FALSE,45,flat,Sarria-Sant Gervasi
1150,4,2,TRUE,FALSE,85,flat,Sarria-Sant Gervasi
1150,4,2,TRUE,FALSE,85,flat,Sarria-Sant Gervasi
800,1,1,TRUE,FALSE,45,flat,Sarria-Sant Gervasi
900,2,1,TRUE,FALSE,72,flat,Nou Barris
1000,1,1,TRUE,FALSE,45,flat,Sarria-Sant Gervasi
900,1,1,TRUE,TRUE,60,flat,Sarria-Sant Gervasi
900,1,1,TRUE,TRUE,60,flat,Sarria-Sant Gervasi
900,3,2,TRUE,FALSE,69,flat,Horta- Guinardo
850,3,1,TRUE,FALSE,61,flat,Sant Martí
825,2,1,TRUE,FALSE,50,flat,Eixample
890,1,1,TRUE,FALSE,40,flat,Ciutat Vella
1350,4,2,FALSE,FALSE,135,flat,Gracia
795,0,1,TRUE,FALSE,57,flat,Eixample
750,2,1,FALSE,FALSE,52,flat,Gracia
1200,2,1,FALSE,FALSE,80,flat,Eixample
800,3,1,FALSE,FALSE,64,flat,Gracia
2000,2,2,TRUE,TRUE,126,flat,Gracia
950,3,2,TRUE,FALSE,83,flat,Les Corts
750,2,1,FALSE,FALSE,65,flat,Ciutat Vella
800,1,1,TRUE,TRUE,45,flat,Sants-Montjuic
750,2,1,TRUE,FALSE,52,flat,Sants-Montjuic
800,1,1,TRUE,FALSE,45,flat,Eixample
750,2,1,TRUE,TRUE,50,flat,Gracia
800,1,1,TRUE,FALSE,36,flat,Sants-Montjuic
750,2,1,FALSE,FALSE,50,flat,Sants-Montjuic
1250,3,2,TRUE,FALSE,92,flat,Eixample
1000,2,1,TRUE,FALSE,73,flat,Sant Andreu
800,3,1,TRUE,FALSE,64,flat,Eixample
1440,4,2,TRUE,TRUE,136,flat,Eixample
1100,3,2,TRUE,TRUE,125,flat,Eixample
1100,4,2,TRUE,FALSE,136,flat,Sant Martí
1700,3,2,TRUE,FALSE,90,flat,Sarria-Sant Gervasi
750,1,1,TRUE,TRUE,42,flat,Sarria-Sant Gervasi
2700,4,3,TRUE,FALSE,170,flat,Sarria-Sant Gervasi
1220,3,1,TRUE,FALSE,99,flat,Sarria-Sant Gervasi
700,1,2,FALSE,FALSE,100,flat,Sant Andreu
1000,3,2,TRUE,FALSE,65,flat,Les Corts
995,3,2,FALSE,TRUE,109,flat,Sants-Montjuic
750,3,1,FALSE,FALSE,60,flat,Gracia
865,1,1,TRUE,FALSE,60,flat,Sant Martí
1000,4,2,TRUE,FALSE,100,flat,Gracia
1250,2,1,FALSE,FALSE,65,flat,Gracia
990,3,1,FALSE,FALSE,75,flat,Sarria-Sant Gervasi
1400,4,2,TRUE,FALSE,124,flat,Sants-Montjuic
800,2,1,TRUE,FALSE,65,flat,Eixample
950,2,1,TRUE,FALSE,56,flat,Eixample
997,2,1,TRUE,FALSE,70,flat,Eixample
890,3,1,TRUE,FALSE,50,flat,Les Corts
960,3,1,TRUE,FALSE,76,flat,Sant Martí
960,3,1,TRUE,FALSE,90,flat,Sant Martí
775,3,1,TRUE,FALSE,65,flat,Eixample
900,1,1,TRUE,FALSE,46,flat,Eixample
1400,3,2,TRUE,FALSE,75,flat,Eixample
950,3,1,TRUE,FALSE,80,flat,Eixample
1450,4,2,TRUE,FALSE,120,flat,Sarria-Sant Gervasi
1750,3,2,TRUE,TRUE,105,flat,Sant Martí
1900,2,1,TRUE,FALSE,153,flat,Eixample
750,1,1,TRUE,FALSE,42,flat,Sarria-Sant Gervasi
833,1,1,TRUE,FALSE,37,flat,Ciutat Vella
850,2,1,TRUE,FALSE,47,flat,Sarria-Sant Gervasi
900,2,2,FALSE,FALSE,72,flat,Ciutat Vella
800,2,1,FALSE,FALSE,50,flat,Sarria-Sant Gervasi
780,2,1,FALSE,FALSE,50,flat,Gracia
790,3,1,TRUE,FALSE,59,flat,Sant Martí
990,2,1,TRUE,FALSE,70,flat,Gracia
850,3,1,TRUE,TRUE,78,flat,Sant Andreu
1100,3,1,TRUE,FALSE,80,flat,Eixample
790,2,1,FALSE,FALSE,65,flat,Gracia
970,3,2,TRUE,FALSE,80,flat,Eixample
600,1,1,FALSE,FALSE,30,flat,Gracia
800,2,1,TRUE,FALSE,50,flat,Eixample
1100,0,1,FALSE,FALSE,75,flat,Sarria-Sant Gervasi
925,4,1,TRUE,FALSE,80,flat,Sants-Montjuic
1500,5,2,TRUE,FALSE,165,flat,Eixample
1500,4,2,FALSE,FALSE,128,flat,Sarria-Sant Gervasi
850,3,1,TRUE,FALSE,72,flat,Sant Martí
995,2,1,TRUE,FALSE,50,flat,Sant Martí
900,3,1,TRUE,FALSE,54,flat,Sant Martí
750,2,1,FALSE,FALSE,30,flat,Ciutat Vella
950,3,1,TRUE,FALSE,100,flat,Sants-Montjuic
850,2,1,FALSE,FALSE,60,flat,Ciutat Vella
825,2,1,FALSE,FALSE,47,flat,Sants-Montjuic
750,1,1,TRUE,FALSE,50,flat,Sant Martí
1550,2,2,TRUE,FALSE,116,flat,Sarria-Sant Gervasi
890,3,1,TRUE,FALSE,70,flat,Eixample
800,2,1,TRUE,FALSE,70,flat,Eixample
900,3,1,TRUE,FALSE,75,flat,Sants-Montjuic
1500,2,1,TRUE,TRUE,70,flat,Sant Martí
1100,3,1,TRUE,TRUE,90,flat,Sant Martí
900,4,1,TRUE,FALSE,80,flat,Sant Martí
1150,2,2,TRUE,FALSE,73,flat,Sarria-Sant Gervasi
1100,2,1,FALSE,FALSE,70,flat,Sant Martí
1000,4,1,TRUE,FALSE,134,flat,Sarria-Sant Gervasi
2950,3,2,TRUE,FALSE,150,flat,Sarria-Sant Gervasi
850,2,1,FALSE,TRUE,46,flat,Eixample
750,3,1,FALSE,FALSE,47,flat,Sants-Montjuic
1100,3,2,TRUE,FALSE,100,flat,Les Corts
1600,3,2,FALSE,FALSE,91,flat,Sants-Montjuic
1300,2,2,TRUE,FALSE,87,flat,Sants-Montjuic
1100,2,2,FALSE,FALSE,47,flat,Sants-Montjuic
850,2,1,FALSE,FALSE,60,flat,Sants-Montjuic
1150,3,1,TRUE,FALSE,90,flat,Sants-Montjuic
1550,4,2,TRUE,TRUE,135,flat,Sants-Montjuic
1250,2,1,FALSE,FALSE,76,flat,Sants-Montjuic
1050,2,1,FALSE,FALSE,42,flat,Sants-Montjuic
975,1,1,FALSE,FALSE,70,flat,Sants-Montjuic
1250,2,2,FALSE,TRUE,106,flat,Sants-Montjuic
1400,2,2,TRUE,FALSE,99,flat,Eixample
1800,4,2,FALSE,FALSE,128,flat,Eixample
1400,2,1,FALSE,FALSE,80,flat,Eixample
3300,2,2,TRUE,FALSE,133,flat,Eixample
1275,3,2,TRUE,TRUE,81,flat,Eixample
2250,2,2,TRUE,FALSE,110,flat,Eixample
1200,2,1,TRUE,FALSE,95,flat,Eixample
1300,4,2,TRUE,TRUE,110,flat,Eixample
4000,4,4,TRUE,TRUE,170,flat,Eixample
1800,3,2,TRUE,FALSE,115,flat,Eixample
8700,3,2,TRUE,TRUE,165,flat,Eixample
1700,3,2,TRUE,FALSE,144,flat,Eixample
1900,2,2,TRUE,FALSE,85,flat,Eixample
1750,2,2,TRUE,FALSE,115,flat,Eixample
2500,3,2,TRUE,TRUE,100,flat,Eixample
1290,4,2,TRUE,TRUE,100,flat,Eixample
1250,2,2,TRUE,TRUE,76,flat,Eixample
1250,4,2,TRUE,FALSE,81,flat,Eixample
1900,2,2,TRUE,FALSE,100,flat,Eixample
2100,3,2,TRUE,TRUE,85,flat,Eixample
3180,3,4,TRUE,FALSE,220,flat,Eixample
1600,3,1,TRUE,TRUE,80,flat,Eixample
4200,5,3,TRUE,TRUE,265,flat,Eixample
1241,2,2,TRUE,FALSE,95,flat,Eixample
1650,3,2,TRUE,FALSE,105,flat,Eixample
1450,2,1,FALSE,FALSE,70,flat,Eixample
1320,3,2,TRUE,FALSE,102,flat,Eixample
1200,2,1,TRUE,FALSE,55,flat,Eixample
1300,3,2,TRUE,FALSE,105,flat,Eixample
2000,6,3,TRUE,TRUE,174,flat,Eixample
1900,3,2,TRUE,FALSE,90,flat,Eixample
1450,2,1,TRUE,FALSE,85,flat,Eixample
2970,5,5,TRUE,FALSE,246,flat,Eixample
1200,2,2,TRUE,FALSE,65,flat,Eixample
4000,4,4,TRUE,TRUE,170,flat,Eixample
1350,3,2,TRUE,TRUE,100,flat,Eixample
1185,2,1,FALSE,FALSE,75,flat,Eixample
1297,3,2,TRUE,FALSE,100,flat,Eixample
1500,5,2,TRUE,FALSE,175,flat,Eixample
1210,2,1,TRUE,FALSE,75,flat,Eixample
2200,3,2,TRUE,FALSE,90,flat,Eixample
1500,3,2,TRUE,FALSE,80,flat,Eixample
1633,3,2,TRUE,FALSE,130,flat,Eixample
1900,2,2,TRUE,TRUE,65,flat,Eixample
2800,5,2,TRUE,FALSE,200,flat,Eixample
1157,3,1,TRUE,FALSE,80,flat,Eixample
1500,3,2,TRUE,FALSE,80,flat,Eixample
4600,5,3,FALSE,TRUE,250,flat,Eixample
1500,3,2,TRUE,FALSE,100,flat,Eixample
1400,3,2,TRUE,FALSE,110,flat,Eixample
3900,3,3,TRUE,TRUE,160,flat,Eixample
1200,3,1,TRUE,FALSE,76,flat,Eixample
3300,4,2,FALSE,FALSE,200,flat,Eixample
1420,4,2,TRUE,FALSE,142,flat,Eixample
3500,6,3,TRUE,FALSE,240,flat,Eixample
1700,3,1,TRUE,FALSE,80,flat,Eixample
1700,2,2,TRUE,FALSE,100,flat,Eixample
1850,3,2,TRUE,FALSE,110,flat,Eixample
1750,2,2,TRUE,FALSE,75,flat,Eixample
1500,2,1,FALSE,FALSE,90,flat,Eixample
1400,2,2,TRUE,FALSE,120,flat,Eixample
1800,1,2,TRUE,FALSE,130,flat,Eixample
4000,6,2,TRUE,TRUE,220,flat,Eixample
2900,3,2,FALSE,FALSE,120,flat,Eixample
1350,3,2,TRUE,FALSE,81,flat,Eixample
1750,3,2,TRUE,TRUE,115,flat,Eixample
2750,3,2,TRUE,FALSE,203,flat,Eixample
1590,5,2,TRUE,TRUE,135,flat,Eixample
1100,2,1,FALSE,TRUE,35,flat,Eixample
2300,3,2,TRUE,FALSE,130,flat,Eixample
4400,2,2,TRUE,FALSE,75,flat,Eixample
1750,4,2,TRUE,FALSE,137,flat,Eixample
1250,3,2,TRUE,FALSE,115,flat,Eixample
1050,3,2,TRUE,FALSE,92,flat,Eixample
1100,1,1,FALSE,FALSE,52,flat,Ciutat Vella
900,2,1,TRUE,FALSE,46,flat,Eixample
1000,1,1,TRUE,FALSE,29,flat,Ciutat Vella
1100,1,1,TRUE,FALSE,40,flat,Ciutat Vella
1100,2,1,TRUE,FALSE,46,flat,Ciutat Vella
680,1,1,TRUE,FALSE,44,flat,Eixample
1000,2,1,FALSE,FALSE,50,flat,Ciutat Vella
800,3,1,TRUE,FALSE,91,flat,Gracia
590,1,1,TRUE,FALSE,30,flat,Ciutat Vella
900,3,2,TRUE,FALSE,80,flat,Eixample
775,3,1,FALSE,FALSE,60,flat,Gracia
700,2,1,TRUE,FALSE,57,flat,Sants-Montjuic
1100,1,1,TRUE,TRUE,84,flat,Eixample
950,3,1,TRUE,FALSE,77,flat,Les Corts
1150,2,1,FALSE,FALSE,60,flat,Eixample
815,3,1,FALSE,FALSE,60,flat,Sants-Montjuic
600,2,1,FALSE,FALSE,31,flat,Ciutat Vella
600,1,1,FALSE,FALSE,31,flat,Ciutat Vella
800,3,1,TRUE,FALSE,70,flat,Eixample
2250,5,4,TRUE,TRUE,189,flat,Eixample
1150,2,1,TRUE,FALSE,70,flat,Ciutat Vella
1870,3,2,TRUE,FALSE,130,flat,Eixample
1350,3,2,TRUE,FALSE,105,flat,Eixample
750,2,1,FALSE,TRUE,60,flat,Sants-Montjuic
900,1,1,FALSE,FALSE,40,flat,Eixample
790,3,1,TRUE,FALSE,65,flat,Horta- Guinardo
700,3,2,FALSE,TRUE,51,flat,Sants-Montjuic
685,3,1,FALSE,FALSE,80,flat,Horta- Guinardo
1000,1,1,TRUE,FALSE,30,flat,Sarria-Sant Gervasi
800,1,1,TRUE,FALSE,45,flat,Ciutat Vella
600,0,1,FALSE,FALSE,58,flat,Nou Barris
900,1,1,TRUE,FALSE,65,flat,Sarria-Sant Gervasi
800,3,1,FALSE,FALSE,50,flat,Sant Martí
950,3,1,TRUE,FALSE,75,flat,Gracia
750,2,1,FALSE,FALSE,45,flat,Les Corts
800,2,1,TRUE,FALSE,55,flat,Sants-Montjuic
827,3,1,TRUE,TRUE,66,flat,Sants-Montjuic
790,1,1,TRUE,TRUE,30,flat,Sarria-Sant Gervasi
840,3,1,TRUE,FALSE,60,flat,Sant Martí
600,1,1,FALSE,FALSE,30,flat,Ciutat Vella
575,1,1,FALSE,FALSE,37,flat,Sant Andreu
1200,3,2,FALSE,FALSE,85,flat,Sant Martí
800,1,1,FALSE,TRUE,38,flat,Ciutat Vella
800,3,1,TRUE,FALSE,70,flat,Gracia
650,2,1,FALSE,FALSE,48,flat,Nou Barris
1764,3,2,TRUE,TRUE,78,flat,Eixample
1150,3,2,TRUE,FALSE,98,flat,Eixample
1900,4,3,TRUE,TRUE,153,flat,Les Corts
3500,5,2,TRUE,TRUE,343,flat,Les Corts
3200,3,2,TRUE,TRUE,133,flat,Eixample
1300,2,1,TRUE,FALSE,63,flat,Sant Martí
3000,2,2,TRUE,TRUE,117,flat,Eixample
1800,4,2,TRUE,FALSE,100,flat,Sant Martí
800,3,1,TRUE,FALSE,79,flat,Horta- Guinardo
1000,4,2,TRUE,FALSE,114,flat,Nou Barris
900,2,1,FALSE,FALSE,58,flat,Gracia
995,4,1,TRUE,FALSE,82,flat,Horta- Guinardo
640,1,1,FALSE,TRUE,38,flat,Sant Martí
725,3,1,FALSE,TRUE,50,flat,Sants-Montjuic
850,3,1,TRUE,FALSE,69,flat,Sant Martí
900,2,1,FALSE,FALSE,61,flat,Sarria-Sant Gervasi
700,1,1,TRUE,FALSE,46,flat,Sarria-Sant Gervasi
795,3,1,TRUE,FALSE,72,flat,Les Corts
850,3,1,TRUE,FALSE,76,flat,Sants-Montjuic
490,0,1,TRUE,FALSE,36,flat,Eixample
2000,5,3,TRUE,FALSE,190,flat,Sarria-Sant Gervasi
1200,2,1,FALSE,FALSE,80,flat,Ciutat Vella
750,2,1,FALSE,FALSE,54,flat,Sant Andreu
900,3,1,TRUE,TRUE,79,flat,Sant Andreu
650,1,1,TRUE,FALSE,30,flat,Sants-Montjuic
1050,3,1,TRUE,FALSE,95,flat,Eixample
775,2,1,FALSE,FALSE,60,flat,Nou Barris
870,1,1,FALSE,FALSE,51,flat,Ciutat Vella
1640,4,2,TRUE,FALSE,136,flat,Gracia
790,3,2,TRUE,FALSE,76,flat,Horta- Guinardo
880,3,1,TRUE,FALSE,60,flat,Sant Martí
1700,3,3,TRUE,FALSE,149,flat,Sarria-Sant Gervasi
1300,3,2,TRUE,FALSE,90,flat,Eixample
1050,4,2,TRUE,FALSE,101,flat,Ciutat Vella
929,3,1,TRUE,FALSE,60,flat,Eixample
1150,3,1,TRUE,FALSE,72,flat,Sant Martí
1100,3,2,TRUE,FALSE,100,flat,Sant Andreu
1160,3,1,FALSE,FALSE,80,flat,Sarria-Sant Gervasi
975,1,1,FALSE,FALSE,50,flat,Sarria-Sant Gervasi
950,3,1,TRUE,TRUE,65,flat,Ciutat Vella
850,2,1,FALSE,FALSE,50,flat,Sants-Montjuic
2550,4,3,TRUE,TRUE,210,flat,Sarria-Sant Gervasi
950,2,1,TRUE,FALSE,44,flat,Eixample
990,3,2,TRUE,FALSE,106,flat,Sarria-Sant Gervasi
795,2,1,FALSE,FALSE,50,flat,Ciutat Vella
940,2,1,TRUE,TRUE,50,flat,Sarria-Sant Gervasi
742,1,1,TRUE,FALSE,56,flat,Ciutat Vella
750,3,1,FALSE,FALSE,58,flat,Les Corts
900,2,2,TRUE,TRUE,65,flat,Sants-Montjuic
2200,2,1,TRUE,FALSE,65,flat,Sarria-Sant Gervasi
2000,2,1,TRUE,FALSE,65,flat,Sarria-Sant Gervasi
1070,2,1,TRUE,FALSE,81,flat,Eixample
950,2,1,TRUE,FALSE,55,flat,Les Corts
990,2,2,TRUE,FALSE,87,flat,Ciutat Vella
2800,3,2,TRUE,TRUE,125,flat,Sarria-Sant Gervasi
2800,3,2,TRUE,TRUE,125,flat,Sarria-Sant Gervasi
945,3,1,TRUE,TRUE,75,flat,Sant Martí
790,3,1,FALSE,FALSE,85,flat,Sants-Montjuic
1529,3,2,TRUE,TRUE,149,flat,Les Corts
720,2,1,TRUE,FALSE,52,flat,Sant Andreu
1350,4,2,TRUE,FALSE,110,flat,Sarria-Sant Gervasi
890,4,1,TRUE,TRUE,92,flat,Sant Andreu
875,1,1,TRUE,FALSE,50,flat,Sarria-Sant Gervasi
1300,3,1,FALSE,FALSE,70,flat,Eixample
900,3,1,TRUE,FALSE,80,flat,Eixample
1700,3,2,TRUE,FALSE,90,flat,Sant Martí
900,2,1,TRUE,FALSE,80,flat,Sant Martí
850,1,1,TRUE,TRUE,50,flat,Sarria-Sant Gervasi
900,2,1,FALSE,FALSE,90,flat,Sarria-Sant Gervasi
970,3,1,TRUE,FALSE,80,flat,Les Corts
800,3,1,FALSE,FALSE,87,flat,Sarria-Sant Gervasi
1060,0,1,TRUE,FALSE,80,flat,Eixample
890,2,1,TRUE,FALSE,75,flat,Eixample
890,3,2,TRUE,FALSE,80,flat,Sant Martí
900,3,1,FALSE,FALSE,72,flat,Sarria-Sant Gervasi
980,4,1,TRUE,FALSE,100,flat,Les Corts
960,3,1,TRUE,FALSE,88,flat,Sants-Montjuic
730,3,1,TRUE,FALSE,77,flat,Sant Martí
920,2,1,TRUE,TRUE,58,flat,Gracia
1550,3,2,TRUE,FALSE,129,flat,Sarria-Sant Gervasi
850,2,1,TRUE,FALSE,55,flat,Eixample
790,3,1,TRUE,FALSE,55,flat,Eixample
900,3,1,FALSE,FALSE,61,flat,Les Corts
1800,5,4,TRUE,FALSE,115,flat,Gracia
825,1,1,FALSE,FALSE,44,flat,Sarria-Sant Gervasi
1195,2,1,TRUE,FALSE,63,flat,Eixample
1050,4,2,TRUE,FALSE,110,flat,Sants-Montjuic
880,3,1,TRUE,FALSE,68,flat,Sant Martí
1520,4,3,TRUE,FALSE,120,flat,Les Corts
840,1,1,TRUE,FALSE,55,flat,Les Corts
1300,2,2,TRUE,FALSE,100,flat,Eixample
3900,3,2,TRUE,TRUE,120,flat,Sant Martí
1245,3,2,TRUE,FALSE,95,flat,Sants-Montjuic
1000,4,1,TRUE,FALSE,80,flat,Les Corts
1050,2,1,FALSE,FALSE,55,flat,Les Corts
1185,2,1,FALSE,FALSE,48,flat,Sant Martí
815,4,1,FALSE,FALSE,60,flat,Sant Martí
4500,3,2,FALSE,FALSE,105,flat,Eixample
2000,2,1,TRUE,FALSE,70,flat,Sarria-Sant Gervasi
800,2,1,TRUE,TRUE,70,flat,Ciutat Vella
4500,3,2,TRUE,FALSE,105,flat,Eixample
4500,3,2,TRUE,TRUE,85,flat,Eixample
4500,4,3,TRUE,FALSE,180,flat,Sarria-Sant Gervasi
850,2,1,TRUE,FALSE,55,flat,Sarria-Sant Gervasi
1150,2,1,TRUE,FALSE,68,flat,Sarria-Sant Gervasi
895,2,1,TRUE,FALSE,79,flat,Sant Martí
2100,5,2,FALSE,FALSE,217,flat,Sarria-Sant Gervasi
900,1,2,FALSE,FALSE,60,flat,Ciutat Vella
1000,3,1,TRUE,TRUE,96,flat,Sant Martí
1300,2,1,TRUE,FALSE,60,flat,Gracia
1200,2,3,TRUE,TRUE,86,flat,Eixample
950,1,1,TRUE,FALSE,43,flat,Ciutat Vella
2050,4,3,TRUE,FALSE,155,flat,Sarria-Sant Gervasi
775,1,1,TRUE,FALSE,43,flat,Gracia
1350,2,1,TRUE,TRUE,60,flat,Gracia
1275,4,2,TRUE,TRUE,94,flat,Les Corts
1000,4,1,FALSE,FALSE,80,flat,Gracia
900,3,1,TRUE,FALSE,72,flat,Gracia
950,3,2,TRUE,FALSE,98,flat,Eixample
1600,3,2,TRUE,FALSE,85,flat,Eixample
1540,2,2,TRUE,TRUE,80,flat,Les Corts
1000,3,1,TRUE,TRUE,90,flat,Sant Martí
1400,2,1,TRUE,FALSE,80,flat,Sarria-Sant Gervasi
975,1,1,TRUE,FALSE,41,flat,Ciutat Vella
2000,2,1,TRUE,FALSE,65,flat,Sarria-Sant Gervasi
675,2,1,TRUE,FALSE,43,flat,Sant Martí
2210,3,2,TRUE,FALSE,92,flat,Sant Martí
2300,3,2,TRUE,FALSE,132,flat,Sarria-Sant Gervasi
850,3,1,FALSE,FALSE,86,flat,Eixample
5000,4,3,TRUE,TRUE,220,flat,Sarria-Sant Gervasi
625,1,1,TRUE,FALSE,35,flat,Gracia
1410,2,1,TRUE,FALSE,55,flat,Sant Martí
2100,3,3,TRUE,FALSE,92,flat,Sant Martí
850,2,1,FALSE,FALSE,78,flat,Sarria-Sant Gervasi
840,2,1,FALSE,FALSE,58,flat,Gracia
2500,2,2,TRUE,FALSE,110,flat,Eixample
1200,3,2,TRUE,FALSE,84,flat,Gracia
950,3,1,TRUE,FALSE,87,flat,Sant Martí
890,2,1,TRUE,FALSE,55,flat,Eixample
1100,3,1,TRUE,FALSE,90,flat,Ciutat Vella
1750,3,3,TRUE,FALSE,147,flat,Ciutat Vella
925,2,2,FALSE,FALSE,80,flat,Gracia
1110,2,2,TRUE,FALSE,60,flat,Eixample
1181,2,1,FALSE,FALSE,67,flat,Eixample
595,2,1,FALSE,FALSE,45,flat,Nou Barris
600,1,1,FALSE,FALSE,58,flat,Ciutat Vella
1345,1,1,TRUE,TRUE,60,flat,Sarria-Sant Gervasi
900,3,2,TRUE,FALSE,82,flat,Sarria-Sant Gervasi
1050,2,1,FALSE,FALSE,65,flat,Ciutat Vella
900,3,2,TRUE,FALSE,62,flat,Sarria-Sant Gervasi
900,2,2,TRUE,FALSE,72,flat,Eixample
1060,3,1,TRUE,FALSE,82,flat,Sarria-Sant Gervasi
1050,4,1,TRUE,TRUE,88,flat,Eixample
3600,4,3,TRUE,TRUE,165,flat,Sarria-Sant Gervasi
975,2,2,TRUE,FALSE,64,flat,Sants-Montjuic
1190,4,2,TRUE,FALSE,100,flat,Sant Martí
3200,4,4,TRUE,TRUE,225,flat,Les Corts
1300,1,1,TRUE,FALSE,55,flat,Eixample
825,2,1,FALSE,FALSE,55,flat,Eixample
1300,2,1,TRUE,TRUE,85,flat,Eixample
836,3,1,TRUE,FALSE,48,flat,Sant Andreu
650,3,1,FALSE,FALSE,59,flat,Horta- Guinardo
1350,1,1,TRUE,FALSE,70,flat,Eixample
990,3,1,TRUE,FALSE,75,flat,Gracia
1100,3,1,FALSE,FALSE,73,flat,Sant Andreu
900,3,1,TRUE,TRUE,71,flat,Sant Martí
700,2,1,FALSE,FALSE,40,flat,Sants-Montjuic
3800,5,3,TRUE,FALSE,201,flat,Gracia
1150,4,2,TRUE,FALSE,115,flat,Eixample
850,2,1,FALSE,FALSE,60,flat,Ciutat Vella
850,2,1,FALSE,FALSE,56,flat,Ciutat Vella
650,1,1,FALSE,FALSE,35,flat,Ciutat Vella
950,2,1,TRUE,FALSE,60,flat,Ciutat Vella
1100,2,1,FALSE,FALSE,60,flat,Ciutat Vella
875,3,1,FALSE,FALSE,64,flat,Gracia
830,3,1,TRUE,FALSE,70,flat,Sant Martí
760,3,1,FALSE,FALSE,70,flat,Ciutat Vella
930,2,1,TRUE,FALSE,75,flat,Ciutat Vella
1150,2,1,TRUE,FALSE,80,flat,Sarria-Sant Gervasi
1080,3,2,TRUE,FALSE,80,flat,Gracia
925,3,2,TRUE,FALSE,90,flat,Sants-Montjuic
1400,4,2,TRUE,FALSE,120,flat,Eixample
1450,4,2,TRUE,FALSE,140,flat,Gracia
1750,5,3,TRUE,FALSE,140,flat,Sarria-Sant Gervasi
1300,2,2,TRUE,TRUE,100,flat,Eixample
800,3,1,TRUE,FALSE,72,flat,Sants-Montjuic
3300,4,3,TRUE,TRUE,150,flat,Sarria-Sant Gervasi
1300,2,1,TRUE,TRUE,55,flat,Gracia
850,3,1,TRUE,TRUE,80,flat,Ciutat Vella
800,3,1,TRUE,FALSE,65,flat,Eixample
725,3,1,TRUE,FALSE,59,flat,Eixample
1150,4,2,TRUE,FALSE,90,flat,Eixample
2800,3,3,TRUE,TRUE,194,flat,Sant Martí
1590,2,2,TRUE,FALSE,100,flat,Eixample
1450,1,1,TRUE,FALSE,65,flat,Eixample
800,1,1,TRUE,FALSE,50,flat,Eixample
1275,2,1,FALSE,TRUE,60,flat,Sants-Montjuic
1200,1,1,TRUE,FALSE,60,flat,Sants-Montjuic
1350,2,2,TRUE,TRUE,60,flat,Sants-Montjuic
800,2,1,FALSE,FALSE,55,flat,Ciutat Vella
1400,4,2,TRUE,TRUE,80,flat,Sarria-Sant Gervasi
875,2,1,TRUE,FALSE,80,flat,Sant Andreu
950,4,1,FALSE,TRUE,120,flat,Eixample
800,3,1,TRUE,FALSE,75,flat,Nou Barris
950,3,1,TRUE,FALSE,100,flat,Horta- Guinardo
720,1,1,FALSE,FALSE,30,flat,Ciutat Vella
800,3,1,TRUE,TRUE,61,flat,Horta- Guinardo
1200,3,2,TRUE,FALSE,120,flat,Sants-Montjuic
700,3,1,FALSE,FALSE,76,flat,Horta- Guinardo
850,2,1,FALSE,FALSE,66,flat,Horta- Guinardo
750,2,1,FALSE,TRUE,52,flat,Sant Andreu
1500,5,2,TRUE,TRUE,140,flat,Sant Andreu
850,3,2,FALSE,FALSE,70,flat,Sant Andreu
1150,2,1,FALSE,FALSE,70,flat,Sarria-Sant Gervasi
1100,3,2,TRUE,FALSE,75,flat,Eixample
950,2,1,TRUE,FALSE,76,flat,Eixample
850,2,1,TRUE,TRUE,55,flat,Eixample
1300,4,1,TRUE,FALSE,97,flat,Les Corts
1090,2,2,TRUE,FALSE,62,flat,Sarria-Sant Gervasi
875,2,1,TRUE,FALSE,60,flat,Eixample
900,3,1,TRUE,FALSE,75,flat,Eixample
800,1,1,TRUE,FALSE,45,flat,Eixample
825,1,1,FALSE,TRUE,44,flat,Gracia
750,2,1,TRUE,FALSE,50,flat,Gracia
1256,3,2,TRUE,TRUE,95,flat,Gracia
1350,4,2,TRUE,FALSE,120,flat,Eixample
750,3,1,TRUE,FALSE,71,flat,Gracia
850,3,1,TRUE,FALSE,66,flat,Sant Martí
700,2,1,FALSE,FALSE,57,flat,Nou Barris
950,2,2,TRUE,FALSE,65,flat,Les Corts
1218,4,2,TRUE,FALSE,105,flat,Gracia
1300,2,1,FALSE,TRUE,70,flat,Sarria-Sant Gervasi
1400,2,2,TRUE,FALSE,76,flat,Sarria-Sant Gervasi
2200,3,3,TRUE,FALSE,131,flat,Sarria-Sant Gervasi
930,1,1,FALSE,FALSE,65,flat,Gracia
800,1,1,TRUE,FALSE,50,flat,Gracia
1150,4,2,TRUE,FALSE,90,flat,Eixample
600,1,1,FALSE,FALSE,30,flat,Ciutat Vella
840,2,1,FALSE,FALSE,60,flat,Gracia
950,3,2,TRUE,TRUE,101,flat,Eixample
950,3,1,FALSE,FALSE,91,flat,Sants-Montjuic
900,3,1,TRUE,TRUE,90,flat,Eixample
950,2,1,TRUE,FALSE,76,flat,Gracia
1150,4,2,TRUE,FALSE,90,flat,Eixample
850,2,1,TRUE,FALSE,75,flat,Eixample
650,1,1,FALSE,FALSE,57,flat,Sarria-Sant Gervasi
950,2,1,FALSE,FALSE,63,flat,Les Corts
850,3,1,TRUE,FALSE,62,flat,Sants-Montjuic
890,3,1,TRUE,FALSE,64,flat,Sants-Montjuic
800,3,1,FALSE,FALSE,64,flat,Sants-Montjuic
900,2,2,FALSE,FALSE,76,flat,Sants-Montjuic
600,1,1,FALSE,FALSE,44,flat,Sarria-Sant Gervasi
1350,4,1,FALSE,FALSE,90,flat,Les Corts
950,4,2,TRUE,FALSE,74,flat,Eixample
850,1,1,FALSE,FALSE,43,flat,Ciutat Vella
1152,3,1,FALSE,FALSE,70,flat,Eixample
890,3,1,TRUE,FALSE,67,flat,Eixample
604,1,1,FALSE,FALSE,22,flat,Sarria-Sant Gervasi
800,3,1,FALSE,FALSE,50,flat,Sants-Montjuic
950,4,2,FALSE,FALSE,66,flat,Gracia
800,3,1,TRUE,FALSE,80,flat,Sant Martí
900,3,2,TRUE,TRUE,75,flat,Ciutat Vella
875,3,1,FALSE,TRUE,71,flat,Gracia
677,3,1,FALSE,FALSE,50,flat,Horta- Guinardo
1230,2,1,TRUE,TRUE,79,flat,Eixample
950,1,1,TRUE,FALSE,45,flat,Sarria-Sant Gervasi
1343,3,2,TRUE,TRUE,86,flat,Eixample
1250,3,2,TRUE,FALSE,115,flat,Eixample
710,2,1,TRUE,FALSE,50,flat,Sant Martí
1100,3,1,TRUE,TRUE,80,flat,Sarria-Sant Gervasi
1050,2,2,FALSE,FALSE,80,flat,Sants-Montjuic
875,3,1,TRUE,TRUE,70,flat,Les Corts
825,3,1,FALSE,TRUE,65,flat,Horta- Guinardo
760,1,1,FALSE,FALSE,45,flat,Ciutat Vella
1400,2,2,TRUE,FALSE,81,flat,Eixample
600,1,1,FALSE,FALSE,30,flat,Ciutat Vella
1075,3,1,TRUE,FALSE,70,flat,Eixample
2900,3,2,TRUE,FALSE,148,flat,Sarria-Sant Gervasi
1300,2,2,TRUE,TRUE,90,flat,Horta- Guinardo
750,2,1,TRUE,FALSE,51,flat,Sants-Montjuic
850,2,1,FALSE,FALSE,60,flat,Ciutat Vella
995,1,1,TRUE,FALSE,50,flat,Sarria-Sant Gervasi
1550,2,2,TRUE,FALSE,90,flat,Eixample
2100,4,3,TRUE,TRUE,172,flat,Sarria-Sant Gervasi
1500,3,2,TRUE,FALSE,105,flat,Les Corts
1250,4,2,TRUE,TRUE,85,flat,Sarria-Sant Gervasi
990,3,2,FALSE,TRUE,85,flat,Horta- Guinardo
720,1,1,FALSE,FALSE,60,flat,Sants-Montjuic
3250,3,3,TRUE,FALSE,200,flat,Eixample
800,0,1,FALSE,FALSE,75,flat,Sants-Montjuic
750,2,1,TRUE,FALSE,60,flat,Sant Andreu
680,1,1,TRUE,FALSE,50,flat,Sant Andreu
790,1,1,TRUE,FALSE,52,flat,Horta- Guinardo
785,2,1,TRUE,FALSE,50,flat,Sant Martí
875,2,1,TRUE,FALSE,65,flat,Sarria-Sant Gervasi
750,2,1,TRUE,FALSE,58,flat,Nou Barris
997,4,1,TRUE,FALSE,64,flat,Eixample
1350,3,2,TRUE,TRUE,85,flat,Sant Martí
1380,4,2,TRUE,TRUE,100,flat,Eixample
2000,4,3,TRUE,FALSE,181,flat,Sarria-Sant Gervasi
877,3,1,TRUE,FALSE,71,flat,Sants-Montjuic
700,1,1,FALSE,FALSE,38,flat,Eixample
800,1,1,TRUE,TRUE,50,flat,Eixample
900,3,1,TRUE,FALSE,80,flat,Eixample
2150,4,2,TRUE,TRUE,140,flat,Eixample
790,2,1,TRUE,FALSE,41,flat,Les Corts
1230,2,1,TRUE,FALSE,79,flat,Eixample
1450,4,2,TRUE,FALSE,125,flat,Eixample
1050,4,1,TRUE,FALSE,78,flat,Eixample
1300,3,2,TRUE,FALSE,120,flat,Eixample
1125,3,2,TRUE,FALSE,80,flat,Eixample
1050,2,1,TRUE,FALSE,54,flat,Eixample
775,1,1,TRUE,FALSE,45,flat,Eixample
3500,6,4,TRUE,FALSE,230,flat,Les Corts
3000,2,2,TRUE,TRUE,91,flat,Eixample
2500,3,2,TRUE,FALSE,135,flat,Eixample
825,2,1,TRUE,FALSE,52,flat,Horta- Guinardo
1400,1,1,TRUE,FALSE,60,flat,Les Corts
1400,1,1,TRUE,FALSE,60,flat,Les Corts
1500,3,2,TRUE,TRUE,91,flat,Sant Martí
1900,3,2,TRUE,TRUE,120,flat,Les Corts
1500,4,1,TRUE,FALSE,110,flat,Eixample
1520,4,3,TRUE,FALSE,113,flat,Les Corts
1200,2,2,TRUE,FALSE,80,flat,Ciutat Vella
1500,4,2,TRUE,TRUE,120,flat,Eixample
1100,2,1,TRUE,FALSE,70,flat,Ciutat Vella
899,2,1,TRUE,FALSE,50,flat,Eixample
1000,2,2,FALSE,FALSE,62,flat,Sarria-Sant Gervasi
890,3,1,TRUE,FALSE,70,flat,Sant Martí
700,3,1,FALSE,FALSE,70,flat,Nou Barris
850,3,1,TRUE,FALSE,70,flat,Eixample
830,2,1,TRUE,FALSE,70,flat,Eixample
825,1,1,FALSE,FALSE,63,flat,Sant Martí
832,1,1,TRUE,TRUE,52,flat,Eixample
900,2,1,TRUE,FALSE,50,flat,Sant Martí
1100,3,1,TRUE,FALSE,70,flat,Les Corts
850,3,1,FALSE,FALSE,55,flat,Sant Martí
900,3,1,TRUE,FALSE,70,flat,Sant Andreu
950,3,1,TRUE,FALSE,70,flat,Sant Martí
763,2,1,FALSE,TRUE,60,flat,Sants-Montjuic
850,3,2,TRUE,FALSE,73,flat,Les Corts
850,3,2,TRUE,FALSE,73,flat,Les Corts
1400,1,2,TRUE,FALSE,131,flat,Eixample
751,3,1,TRUE,FALSE,60,flat,Sant Andreu
821,3,1,TRUE,FALSE,60,flat,Sant Andreu
1275,3,2,TRUE,TRUE,93,flat,Sarria-Sant Gervasi
695,0,1,FALSE,FALSE,40,flat,Horta- Guinardo
875,1,1,TRUE,FALSE,48,flat,Eixample
950,3,2,TRUE,FALSE,90,flat,Les Corts
895,1,1,TRUE,FALSE,50,flat,Les Corts
980,2,1,TRUE,FALSE,66,flat,Eixample
1600,4,3,TRUE,TRUE,135,flat,Eixample
750,1,1,TRUE,FALSE,47,flat,Les Corts
650,1,1,TRUE,FALSE,45,flat,Gracia
790,2,1,TRUE,TRUE,69,flat,Sant Andreu
800,2,1,FALSE,FALSE,65,flat,Ciutat Vella
1050,4,1,TRUE,FALSE,72,flat,Eixample
1300,2,2,TRUE,FALSE,85,flat,Eixample
2500,4,2,TRUE,FALSE,145,flat,Sarria-Sant Gervasi
5000,5,5,TRUE,FALSE,327,flat,Sarria-Sant Gervasi
930,3,1,TRUE,FALSE,62,flat,Gracia
1150,2,2,TRUE,FALSE,94,flat,Eixample
1980,2,2,TRUE,TRUE,98,flat,Sant Martí
2800,3,2,TRUE,FALSE,106,flat,Sant Martí
1270,1,1,TRUE,FALSE,60,flat,Horta- Guinardo
1300,4,2,TRUE,FALSE,100,flat,Les Corts
1500,2,2,TRUE,FALSE,100,flat,Ciutat Vella
1200,3,1,TRUE,TRUE,85,flat,Eixample
1800,3,2,TRUE,FALSE,85,flat,Ciutat Vella
1950,4,2,TRUE,FALSE,130,flat,Ciutat Vella
950,1,1,FALSE,FALSE,68,flat,Ciutat Vella
1000,1,1,TRUE,TRUE,51,flat,Ciutat Vella
1550,2,2,TRUE,FALSE,89,flat,Ciutat Vella
1161,4,2,TRUE,FALSE,80,flat,Eixample
1600,3,2,TRUE,FALSE,82,flat,Sarria-Sant Gervasi
1080,1,1,TRUE,FALSE,86,flat,Ciutat Vella
2300,3,2,TRUE,TRUE,100,flat,Eixample
1290,3,2,TRUE,FALSE,94,flat,Ciutat Vella
2500,3,2,TRUE,TRUE,120,flat,Sant Martí
1429,4,2,TRUE,FALSE,131,flat,Ciutat Vella
850,3,1,TRUE,FALSE,64,flat,Sants-Montjuic
800,1,1,FALSE,TRUE,43,flat,Sants-Montjuic
1800,2,1,TRUE,FALSE,111,flat,Eixample
750,2,1,TRUE,FALSE,48,flat,Gracia
1000,2,1,TRUE,FALSE,55,flat,Sarria-Sant Gervasi
1200,4,2,TRUE,FALSE,104,flat,Eixample
2100,5,2,TRUE,TRUE,240,flat,Sarria-Sant Gervasi
1390,4,2,TRUE,FALSE,105,flat,Eixample
3300,2,2,TRUE,TRUE,182,flat,Eixample
2000,2,2,TRUE,FALSE,102,flat,Ciutat Vella
2700,3,3,TRUE,TRUE,157,flat,Sarria-Sant Gervasi
2750,4,3,TRUE,TRUE,159,flat,Les Corts
1900,2,2,TRUE,TRUE,110,flat,Eixample
1350,2,1,TRUE,FALSE,60,flat,Gracia
870,1,1,FALSE,FALSE,35,flat,Ciutat Vella
1350,2,1,TRUE,FALSE,60,flat,Gracia
870,1,1,FALSE,FALSE,35,flat,Ciutat Vella
950,2,1,TRUE,FALSE,69,flat,Nou Barris
1180,2,2,TRUE,FALSE,71,flat,Les Corts
850,2,1,TRUE,FALSE,75,flat,Sarria-Sant Gervasi
1600,3,2,TRUE,TRUE,110,flat,Sarria-Sant Gervasi
775,1,1,TRUE,FALSE,40,flat,Sarria-Sant Gervasi
3000,3,3,TRUE,FALSE,189,flat,Eixample
900,2,1,TRUE,FALSE,60,flat,Sants-Montjuic
3630,3,3,TRUE,TRUE,220,flat,Sant Martí
1200,2,2,TRUE,TRUE,85,flat,Eixample
2200,3,3,TRUE,FALSE,133,flat,Sarria-Sant Gervasi
900,2,2,FALSE,FALSE,76,flat,Gracia
3100,4,3,TRUE,FALSE,195,flat,Sarria-Sant Gervasi
2100,2,2,TRUE,TRUE,80,flat,Sarria-Sant Gervasi
2700,4,4,TRUE,FALSE,170,flat,Sarria-Sant Gervasi
1600,3,2,TRUE,FALSE,98,flat,Ciutat Vella
2250,3,2,TRUE,FALSE,170,flat,Sarria-Sant Gervasi
790,2,1,TRUE,TRUE,55,flat,Les Corts
975,3,1,TRUE,FALSE,80,flat,Sants-Montjuic
895,1,1,FALSE,FALSE,28,flat,Gracia
900,2,2,FALSE,FALSE,50,flat,Ciutat Vella
960,2,2,TRUE,FALSE,80,flat,Nou Barris
745,2,1,FALSE,FALSE,35,flat,Ciutat Vella
950,1,2,TRUE,FALSE,50,flat,Sant Martí
1150,3,2,TRUE,FALSE,68,flat,Eixample
775,2,1,FALSE,FALSE,61,flat,Horta- Guinardo
2200,4,3,TRUE,FALSE,230,flat,Eixample
1100,3,2,TRUE,FALSE,76,flat,Eixample
1180,3,2,TRUE,FALSE,86,flat,Eixample
1250,3,2,TRUE,FALSE,79,flat,Eixample
575,0,1,TRUE,FALSE,26,flat,Sarria-Sant Gervasi
890,3,1,TRUE,FALSE,71,flat,Eixample
825,1,1,TRUE,FALSE,42,flat,Sant Martí
2350,6,3,FALSE,FALSE,172,flat,Sarria-Sant Gervasi
600,1,1,FALSE,FALSE,55,flat,Ciutat Vella
1050,1,1,TRUE,FALSE,47,flat,Ciutat Vella
2750,3,2,TRUE,FALSE,140,flat,Les Corts
760,2,1,FALSE,FALSE,50,flat,Ciutat Vella
2040,2,2,TRUE,FALSE,73,flat,Sant Martí
950,2,1,TRUE,TRUE,70,flat,Gracia
950,2,1,TRUE,TRUE,70,flat,Gracia
1100,3,1,FALSE,FALSE,63,flat,Les Corts
1300,2,2,FALSE,FALSE,71,flat,Sants-Montjuic
1200,2,2,FALSE,FALSE,68,flat,Sants-Montjuic
900,2,1,TRUE,FALSE,53,flat,Gracia
900,1,1,TRUE,FALSE,53,flat,Ciutat Vella
850,2,1,TRUE,FALSE,40,flat,Sarria-Sant Gervasi
1300,2,1,TRUE,TRUE,75,flat,Sant Martí
2800,5,2,TRUE,TRUE,225,flat,Eixample
1400,2,2,TRUE,FALSE,98,flat,Eixample
4034,4,3,TRUE,TRUE,165,flat,Sarria-Sant Gervasi
900,3,1,TRUE,TRUE,77,flat,Eixample
860,2,2,TRUE,FALSE,65,flat,Ciutat Vella
1400,2,1,FALSE,FALSE,105,flat,Ciutat Vella
1500,2,2,TRUE,FALSE,95,flat,Sarria-Sant Gervasi
1000,3,1,FALSE,FALSE,96,flat,Eixample
1150,4,1,FALSE,FALSE,103,flat,Sants-Montjuic
1200,4,1,TRUE,FALSE,88,flat,Sants-Montjuic
1235,2,1,FALSE,FALSE,47,flat,Sant Martí
900,1,1,TRUE,FALSE,54,flat,Sarria-Sant Gervasi
800,1,1,TRUE,FALSE,50,flat,Sarria-Sant Gervasi
2140,3,2,TRUE,FALSE,92,flat,Sant Martí
950,2,1,TRUE,FALSE,78,flat,Sant Martí
840,2,1,FALSE,FALSE,53,flat,Gracia
1100,3,1,TRUE,TRUE,75,flat,Gracia
950,3,1,FALSE,FALSE,90,flat,Ciutat Vella
840,2,1,FALSE,FALSE,53,flat,Gracia
1100,3,1,TRUE,TRUE,75,flat,Gracia
950,3,1,FALSE,FALSE,90,flat,Ciutat Vella
2200,1,1,TRUE,FALSE,112,flat,Sarria-Sant Gervasi
950,3,1,FALSE,FALSE,65,flat,Gracia
950,2,1,TRUE,FALSE,68,flat,Sarria-Sant Gervasi
575,2,1,TRUE,FALSE,60,flat,Horta- Guinardo
800,3,1,TRUE,FALSE,84,flat,Nou Barris
1100,3,1,TRUE,FALSE,80,flat,Eixample
5500,4,2,TRUE,TRUE,230,flat,Sant Martí
690,1,1,TRUE,FALSE,31,flat,Gracia
950,2,1,TRUE,FALSE,81,flat,Eixample
750,2,1,TRUE,FALSE,55,flat,Sants-Montjuic
1500,2,2,TRUE,FALSE,83,flat,Sarria-Sant Gervasi
1100,1,2,TRUE,TRUE,70,flat,Ciutat Vella
1051,2,1,FALSE,TRUE,65,flat,Sant Martí
1450,4,2,TRUE,TRUE,104,flat,Sant Martí
1150,3,2,TRUE,FALSE,90,flat,Eixample
700,1,1,TRUE,FALSE,40,flat,Eixample
1175,4,2,TRUE,FALSE,106,flat,Sant Andreu
850,3,1,FALSE,FALSE,70,flat,Ciutat Vella
1100,3,2,TRUE,FALSE,92,flat,Eixample
1100,3,2,TRUE,TRUE,95,flat,Sant Martí
1400,2,2,TRUE,TRUE,85,flat,Eixample
1650,4,2,TRUE,FALSE,135,flat,Sarria-Sant Gervasi
995,2,1,FALSE,FALSE,75,flat,Eixample
679,2,1,FALSE,FALSE,47,flat,Sants-Montjuic
800,2,1,FALSE,FALSE,52,flat,Sant Martí
669,1,1,TRUE,FALSE,40,flat,Eixample
1059,4,2,TRUE,FALSE,80,flat,Eixample
1150,4,2,TRUE,TRUE,110,flat,Sants-Montjuic
1750,3,2,TRUE,FALSE,157,flat,Les Corts
650,1,1,FALSE,TRUE,40,flat,Eixample
725,2,1,FALSE,FALSE,47,flat,Sants-Montjuic
620,1,1,TRUE,FALSE,60,flat,Nou Barris
1150,3,2,TRUE,FALSE,90,flat,Eixample
1700,2,3,TRUE,TRUE,111,flat,Eixample
1300,1,1,TRUE,FALSE,45,flat,Eixample
950,4,1,TRUE,FALSE,90,flat,Sants-Montjuic
1450,4,2,TRUE,TRUE,100,flat,Eixample
850,3,2,TRUE,FALSE,80,flat,Sants-Montjuic
800,1,1,TRUE,FALSE,50,flat,Eixample
1160,4,2,TRUE,FALSE,120,flat,Ciutat Vella
800,3,1,TRUE,FALSE,75,flat,Sant Martí
850,1,1,TRUE,FALSE,50,flat,Gracia
800,3,1,TRUE,FALSE,75,flat,Sant Martí
850,1,1,TRUE,FALSE,50,flat,Gracia
790,2,1,TRUE,FALSE,57,flat,Sants-Montjuic
850,3,1,TRUE,FALSE,70,flat,Gracia
950,1,1,TRUE,FALSE,50,flat,Ciutat Vella
895,1,1,FALSE,FALSE,63,flat,Ciutat Vella
850,1,1,TRUE,FALSE,42,flat,Eixample
1095,2,1,FALSE,FALSE,69,flat,Sants-Montjuic
750,1,1,FALSE,FALSE,41,flat,Les Corts
1100,4,2,TRUE,FALSE,116,flat,Sarria-Sant Gervasi
1150,3,2,TRUE,TRUE,90,flat,Eixample
1100,4,2,TRUE,FALSE,100,flat,Eixample
1100,4,2,TRUE,FALSE,100,flat,Eixample
1200,3,1,TRUE,TRUE,96,flat,Sants-Montjuic
1100,3,1,TRUE,FALSE,73,flat,Sant Andreu
1290,2,1,TRUE,FALSE,73,flat,Sant Martí
750,2,1,FALSE,FALSE,54,flat,Gracia
875,1,1,TRUE,TRUE,67,flat,Eixample
750,2,1,TRUE,FALSE,40,flat,Sarria-Sant Gervasi
800,2,1,TRUE,FALSE,60,flat,Ciutat Vella
800,1,1,FALSE,FALSE,45,flat,Eixample
800,3,1,TRUE,FALSE,67,flat,Sant Andreu
960,3,1,FALSE,TRUE,69,flat,Sants-Montjuic
890,2,1,TRUE,FALSE,58,flat,Eixample
850,1,1,TRUE,FALSE,69,flat,Gracia
995,3,1,TRUE,TRUE,80,flat,Gracia
1300,4,2,TRUE,FALSE,90,flat,Eixample
850,3,1,FALSE,FALSE,85,flat,Ciutat Vella
850,3,1,TRUE,FALSE,100,flat,Sant Martí
1400,4,2,FALSE,FALSE,110,flat,Les Corts
800,2,1,TRUE,FALSE,64,flat,Eixample
1300,4,2,FALSE,FALSE,92,flat,Sants-Montjuic
925,2,1,TRUE,FALSE,62,flat,Ciutat Vella
960,2,2,TRUE,FALSE,65,flat,Ciutat Vella
1280,3,1,TRUE,TRUE,83,flat,Eixample
1300,0,2,TRUE,TRUE,98,flat,Nou Barris
1750,2,2,TRUE,FALSE,96,flat,Sarria-Sant Gervasi
1250,3,1,FALSE,FALSE,60,flat,Ciutat Vella
1195,1,1,TRUE,FALSE,64,flat,Eixample
745,1,1,FALSE,FALSE,35,flat,Ciutat Vella
890,2,1,FALSE,TRUE,45,flat,Ciutat Vella
1100,2,1,FALSE,FALSE,60,flat,Gracia
1500,2,2,TRUE,TRUE,91,flat,Ciutat Vella
745,1,1,FALSE,FALSE,43,flat,Ciutat Vella
1075,2,1,TRUE,FALSE,55,flat,Eixample
900,1,1,FALSE,FALSE,83,flat,Ciutat Vella
1300,2,1,FALSE,TRUE,80,flat,Eixample
1790,3,2,TRUE,TRUE,110,flat,Eixample
1295,2,1,TRUE,FALSE,70,flat,Gracia
2175,4,3,TRUE,TRUE,135,flat,Sarria-Sant Gervasi
745,1,1,FALSE,FALSE,32,flat,Sants-Montjuic
900,2,2,TRUE,FALSE,76,flat,Ciutat Vella
1800,2,2,TRUE,TRUE,65,flat,Eixample
1050,1,1,TRUE,FALSE,63,flat,Ciutat Vella
975,1,1,TRUE,FALSE,51,flat,Ciutat Vella
1050,1,1,TRUE,FALSE,62,flat,Ciutat Vella
1050,1,1,TRUE,FALSE,50,flat,Ciutat Vella
1000,4,2,TRUE,FALSE,70,flat,Sant Martí
950,4,2,TRUE,FALSE,84,flat,Sants-Montjuic
925,3,1,TRUE,FALSE,80,flat,Sants-Montjuic
800,2,1,TRUE,FALSE,65,flat,Ciutat Vella
750,3,1,TRUE,FALSE,57,flat,Nou Barris
890,3,1,TRUE,TRUE,70,flat,Sant Andreu
1200,1,1,TRUE,TRUE,95,flat,Sant Andreu
960,3,1,TRUE,FALSE,62,flat,Sarria-Sant Gervasi
925,1,1,TRUE,FALSE,51,flat,Ciutat Vella
700,3,1,FALSE,FALSE,60,flat,Ciutat Vella
700,1,1,TRUE,FALSE,42,flat,Gracia
950,2,1,TRUE,FALSE,76,flat,Gracia
600,1,1,FALSE,FALSE,30,flat,Gracia
1700,5,3,TRUE,FALSE,160,flat,Sarria-Sant Gervasi
1450,4,2,TRUE,FALSE,127,flat,Eixample
690,2,1,TRUE,FALSE,56,flat,Horta- Guinardo
1400,2,2,TRUE,FALSE,90,flat,Sarria-Sant Gervasi
1100,3,2,TRUE,FALSE,90,flat,Eixample
3500,5,4,TRUE,TRUE,207,flat,Sarria-Sant Gervasi
4500,4,2,TRUE,TRUE,118,flat,Sant Martí
3200,5,3,TRUE,TRUE,193,flat,Les Corts
3000,1,1,TRUE,FALSE,60,flat,Ciutat Vella
2950,6,3,TRUE,FALSE,245,flat,Sarria-Sant Gervasi
3000,2,2,TRUE,FALSE,80,flat,Ciutat Vella
2900,3,2,TRUE,FALSE,184,flat,Sarria-Sant Gervasi
900,3,2,TRUE,FALSE,35,flat,Ciutat Vella
1500,3,2,TRUE,TRUE,95,flat,Sarria-Sant Gervasi
875,3,1,TRUE,FALSE,59,flat,Eixample
2550,4,3,TRUE,FALSE,136,flat,Les Corts
2350,2,2,TRUE,FALSE,100,flat,Eixample
2300,4,3,TRUE,FALSE,210,flat,Eixample
1950,3,2,TRUE,TRUE,180,flat,Sarria-Sant Gervasi
1400,4,2,TRUE,TRUE,100,flat,Sarria-Sant Gervasi
1350,2,2,TRUE,FALSE,90,flat,Eixample
1300,3,2,TRUE,TRUE,100,flat,Eixample
1250,3,2,TRUE,FALSE,80,flat,Sarria-Sant Gervasi
1290,3,3,TRUE,FALSE,116,flat,Eixample
1000,3,2,FALSE,FALSE,90,flat,Gracia
1200,3,2,TRUE,FALSE,98,flat,Eixample
1200,3,2,TRUE,FALSE,98,flat,Eixample
1350,2,1,TRUE,FALSE,56,flat,Sant Martí
1025,3,1,TRUE,FALSE,80,flat,Sant Andreu
750,2,1,TRUE,FALSE,55,flat,Sants-Montjuic
647,2,1,FALSE,FALSE,45,flat,Horta- Guinardo
900,2,1,FALSE,FALSE,60,flat,Eixample
800,3,1,TRUE,FALSE,70,flat,Gracia
650,1,1,TRUE,FALSE,33,flat,Sarria-Sant Gervasi
1700,3,2,TRUE,FALSE,115,flat,Eixample
680,3,1,TRUE,FALSE,53,flat,Sant Martí
850,2,1,FALSE,FALSE,67,flat,Sants-Montjuic
1590,2,2,FALSE,FALSE,74,flat,Sarria-Sant Gervasi
1180,3,2,FALSE,FALSE,90,flat,Eixample
15000,4,1,TRUE,FALSE,450,flat,Sarria-Sant Gervasi
1150,3,2,TRUE,TRUE,98,flat,Eixample
1190,3,2,TRUE,FALSE,95,flat,Sarria-Sant Gervasi
700,2,1,FALSE,FALSE,49,flat,Sant Martí
850,3,1,TRUE,FALSE,65,flat,Eixample
750,2,1,TRUE,TRUE,87,flat,Sants-Montjuic
700,3,2,FALSE,TRUE,60,flat,Sants-Montjuic
800,2,1,FALSE,FALSE,39,flat,Sarria-Sant Gervasi
1100,4,2,TRUE,FALSE,100,flat,Eixample
800,3,2,TRUE,FALSE,62,flat,Sant Martí
1350,3,2,TRUE,FALSE,76,flat,Eixample
1370,2,2,TRUE,FALSE,90,flat,Eixample
825,3,1,TRUE,TRUE,46,flat,Eixample
1200,4,2,TRUE,FALSE,119,flat,Sarria-Sant Gervasi
500,0,1,TRUE,FALSE,25,flat,Gracia
675,1,1,TRUE,FALSE,32,flat,Sarria-Sant Gervasi
800,1,1,TRUE,FALSE,39,flat,Eixample
775,2,1,TRUE,TRUE,64,flat,Gracia
1500,3,2,TRUE,FALSE,80,flat,Sarria-Sant Gervasi
990,1,1,TRUE,FALSE,60,flat,Sarria-Sant Gervasi
950,2,1,TRUE,FALSE,76,flat,Eixample
727,2,1,TRUE,FALSE,60,flat,Sant Martí
1150,4,1,TRUE,FALSE,118,flat,Eixample
900,3,1,TRUE,FALSE,69,flat,Nou Barris
790,1,1,TRUE,FALSE,42,flat,Ciutat Vella
610,1,1,FALSE,FALSE,35,flat,Ciutat Vella
950,2,1,FALSE,FALSE,55,flat,Eixample
1150,4,2,TRUE,FALSE,91,flat,Eixample
1200,4,2,TRUE,TRUE,111,flat,Gracia
875,3,1,TRUE,FALSE,62,flat,Sants-Montjuic
950,4,1,TRUE,FALSE,80,flat,Eixample
870,3,2,FALSE,FALSE,73,flat,Ciutat Vella
1050,3,2,TRUE,FALSE,72,flat,Sant Andreu
950,2,1,TRUE,FALSE,76,flat,Eixample
1000,3,2,TRUE,FALSE,95,flat,Sarria-Sant Gervasi
2500,3,2,TRUE,FALSE,190,flat,Les Corts
925,2,2,FALSE,FALSE,89,flat,Gracia
1130,4,2,TRUE,FALSE,104,flat,Eixample
2581,6,3,TRUE,FALSE,207,flat,Sarria-Sant Gervasi
850,2,1,TRUE,FALSE,52,flat,Sarria-Sant Gervasi
750,1,1,TRUE,FALSE,40,flat,Sarria-Sant Gervasi
750,2,1,FALSE,FALSE,60,flat,Gracia
985,1,1,TRUE,FALSE,49,flat,Sarria-Sant Gervasi
2000,3,2,TRUE,FALSE,100,flat,Sarria-Sant Gervasi
850,2,1,TRUE,FALSE,44,flat,Eixample
1650,4,2,TRUE,FALSE,146,flat,Sarria-Sant Gervasi
900,3,1,FALSE,FALSE,75,flat,Ciutat Vella
900,2,1,FALSE,TRUE,60,flat,Sant Andreu
1400,2,3,FALSE,FALSE,83,flat,Sarria-Sant Gervasi
1025,3,2,TRUE,FALSE,94,flat,Eixample
9075,4,5,TRUE,TRUE,215,flat,Sarria-Sant Gervasi
1080,2,1,FALSE,FALSE,75,flat,Sarria-Sant Gervasi
4034,4,3,TRUE,TRUE,170,flat,Sarria-Sant Gervasi
1250,3,2,TRUE,FALSE,94,flat,Sarria-Sant Gervasi
4050,5,4,TRUE,TRUE,306,flat,Sarria-Sant Gervasi
2000,4,3,TRUE,FALSE,145,flat,Les Corts
3961,3,2,TRUE,TRUE,142,flat,Sarria-Sant Gervasi
900,1,1,TRUE,TRUE,34,flat,Gracia
4473,5,4,TRUE,TRUE,306,flat,Sarria-Sant Gervasi
950,2,1,TRUE,FALSE,70,flat,Sarria-Sant Gervasi
925,2,2,FALSE,FALSE,87,flat,Gracia
3555,2,2,TRUE,TRUE,93,flat,Sarria-Sant Gervasi
1150,3,1,FALSE,FALSE,72,flat,Sant Martí
2900,2,3,TRUE,TRUE,180,flat,Sarria-Sant Gervasi
1240,2,2,TRUE,FALSE,75,flat,Sants-Montjuic
1400,2,2,TRUE,FALSE,98,flat,Eixample
1250,3,2,TRUE,FALSE,80,flat,Sarria-Sant Gervasi
1290,3,2,TRUE,FALSE,115,flat,Eixample
1080,2,1,FALSE,FALSE,80,flat,Sarria-Sant Gervasi
2250,2,3,FALSE,TRUE,150,flat,Eixample
1200,3,1,TRUE,TRUE,100,flat,Sarria-Sant Gervasi
760,2,1,FALSE,FALSE,50,flat,Gracia
1100,3,1,TRUE,FALSE,100,flat,Eixample
1350,3,1,TRUE,FALSE,87,flat,Eixample
950,2,1,TRUE,FALSE,64,flat,Eixample
850,2,2,FALSE,FALSE,55,flat,Sants-Montjuic
1000,3,1,TRUE,TRUE,78,flat,Sants-Montjuic
1150,3,2,TRUE,FALSE,107,flat,Ciutat Vella
550,1,1,TRUE,TRUE,32,flat,Nou Barris
1170,2,2,TRUE,FALSE,85,flat,Nou Barris
1100,3,2,TRUE,FALSE,81,flat,Les Corts
1450,2,2,TRUE,TRUE,77,flat,Eixample
915,4,2,TRUE,TRUE,85,flat,Horta- Guinardo
975,2,1,FALSE,FALSE,70,flat,Ciutat Vella
725,2,1,TRUE,FALSE,61,flat,Horta- Guinardo
2200,2,1,TRUE,FALSE,65,flat,Sarria-Sant Gervasi
1100,3,1,TRUE,FALSE,80,flat,Eixample
835,2,1,TRUE,FALSE,63,flat,Sant Martí
1000,2,1,TRUE,FALSE,74,flat,Eixample
1250,3,2,TRUE,FALSE,82,flat,Sarria-Sant Gervasi
1975,3,2,TRUE,TRUE,130,flat,Eixample
1168,2,1,TRUE,FALSE,40,flat,Sarria-Sant Gervasi
1100,3,2,TRUE,FALSE,82,flat,Eixample
900,2,1,TRUE,FALSE,58,flat,Sant Martí
4500,4,3,TRUE,FALSE,130,flat,Eixample
1000,4,2,FALSE,FALSE,97,flat,Sants-Montjuic
735,1,1,FALSE,FALSE,32,flat,Sants-Montjuic
775,3,1,TRUE,FALSE,60,flat,Eixample
1100,2,2,TRUE,FALSE,80,flat,Ciutat Vella
1050,3,1,TRUE,FALSE,70,flat,Sants-Montjuic
1225,4,2,TRUE,FALSE,118,flat,Eixample
875,3,1,TRUE,FALSE,65,flat,Sants-Montjuic
800,2,1,TRUE,FALSE,65,flat,Sants-Montjuic
900,2,1,TRUE,FALSE,61,flat,Sant Andreu
1050,2,1,TRUE,FALSE,68,flat,Les Corts
1280,3,2,TRUE,FALSE,120,flat,Sarria-Sant Gervasi
1280,3,2,TRUE,FALSE,110,flat,Sarria-Sant Gervasi
950,3,1,TRUE,FALSE,78,flat,Sarria-Sant Gervasi
850,2,1,TRUE,FALSE,64,flat,Eixample
1000,3,2,TRUE,TRUE,92,flat,Les Corts
900,2,1,TRUE,FALSE,62,flat,Sants-Montjuic
800,2,1,TRUE,FALSE,54,flat,Nou Barris
1100,3,1,TRUE,FALSE,78,flat,Eixample
675,1,1,TRUE,FALSE,31,flat,Sarria-Sant Gervasi
975,1,1,TRUE,FALSE,62,flat,Eixample
800,2,1,FALSE,FALSE,52,flat,Sants-Montjuic
990,2,1,TRUE,FALSE,42,flat,Eixample
1300,4,2,TRUE,FALSE,90,flat,Eixample
3500,5,4,TRUE,FALSE,220,flat,Sarria-Sant Gervasi
2200,3,3,TRUE,FALSE,131,flat,Sarria-Sant Gervasi
2200,3,2,TRUE,FALSE,120,flat,Sarria-Sant Gervasi
1170,4,2,TRUE,FALSE,85,flat,Eixample
775,2,1,FALSE,FALSE,34,flat,Ciutat Vella
800,2,1,FALSE,FALSE,53,flat,Gracia
900,2,1,TRUE,FALSE,65,flat,Sarria-Sant Gervasi
900,1,1,FALSE,FALSE,40,flat,Sarria-Sant Gervasi
1165,2,1,TRUE,FALSE,80,flat,Sant Martí
1195,2,2,TRUE,FALSE,63,flat,Sants-Montjuic
950,3,1,TRUE,FALSE,64,flat,Eixample
990,4,2,TRUE,FALSE,84,flat,Sants-Montjuic
2400,3,2,TRUE,TRUE,118,flat,Eixample
900,3,1,TRUE,FALSE,80,flat,Horta- Guinardo
1100,3,2,TRUE,FALSE,77,flat,Sant Martí
1300,4,1,TRUE,TRUE,110,flat,Les Corts
850,3,1,TRUE,FALSE,67,flat,Gracia
950,3,2,TRUE,FALSE,74,flat,Gracia
990,4,1,FALSE,FALSE,75,flat,Eixample
800,1,1,FALSE,FALSE,46,flat,Ciutat Vella
783,3,1,TRUE,FALSE,62,flat,Sants-Montjuic
900,2,2,TRUE,FALSE,70,flat,Les Corts
735,2,1,TRUE,FALSE,47,flat,Sarria-Sant Gervasi
1225,3,1,TRUE,FALSE,80,flat,Sarria-Sant Gervasi
1300,2,2,FALSE,TRUE,84,flat,Sant Martí
700,2,1,TRUE,FALSE,50,flat,Horta- Guinardo
880,3,1,TRUE,FALSE,70,flat,Eixample
1000,3,2,TRUE,FALSE,75,flat,Eixample
1195,2,1,TRUE,FALSE,72,flat,Sant Martí
1300,2,1,TRUE,FALSE,62,flat,Sant Martí
875,4,1,TRUE,FALSE,70,flat,Eixample
1195,1,1,TRUE,FALSE,65,flat,Eixample
925,4,1,TRUE,TRUE,91,flat,Sants-Montjuic
995,2,1,TRUE,FALSE,72,flat,Eixample
895,2,1,TRUE,FALSE,65,flat,Ciutat Vella
1095,2,1,FALSE,TRUE,85,flat,Ciutat Vella
1290,3,2,TRUE,FALSE,78,flat,Ciutat Vella
1200,2,1,TRUE,FALSE,65,flat,Eixample
1050,3,1,TRUE,FALSE,75,flat,Sarria-Sant Gervasi
995,2,1,TRUE,FALSE,60,flat,Sants-Montjuic
1150,1,1,TRUE,FALSE,42,flat,Sants-Montjuic
4000,4,3,TRUE,TRUE,185,flat,Sarria-Sant Gervasi
1250,3,1,TRUE,FALSE,75,flat,Eixample
1495,3,2,TRUE,FALSE,110,flat,Eixample
1300,3,2,TRUE,FALSE,118,flat,Eixample
1150,2,1,TRUE,FALSE,65,flat,Eixample
1200,3,1,TRUE,FALSE,60,flat,Eixample
1150,4,2,TRUE,TRUE,118,flat,Eixample
675,1,1,FALSE,FALSE,25,flat,Gracia
750,2,1,FALSE,FALSE,54,flat,Sants-Montjuic
1000,3,1,TRUE,FALSE,80,flat,Sant Andreu
1700,4,2,TRUE,FALSE,160,flat,Sarria-Sant Gervasi
1050,2,1,TRUE,FALSE,65,flat,Eixample
1040,3,1,TRUE,TRUE,68,flat,Sants-Montjuic
820,3,1,FALSE,TRUE,53,flat,Sants-Montjuic
614,3,1,FALSE,FALSE,61,flat,Nou Barris
1700,2,2,TRUE,FALSE,90,flat,Ciutat Vella
1050,2,1,TRUE,FALSE,80,flat,Eixample
1200,3,2,TRUE,FALSE,90,flat,Les Corts
725,1,1,TRUE,FALSE,45,flat,Eixample
800,3,1,FALSE,FALSE,55,flat,Sarria-Sant Gervasi
890,1,1,TRUE,FALSE,60,flat,Horta- Guinardo
1050,4,1,TRUE,FALSE,104,flat,Les Corts
900,2,1,TRUE,FALSE,70,flat,Eixample
750,1,1,FALSE,FALSE,35,flat,Ciutat Vella
825,1,1,FALSE,FALSE,35,flat,Ciutat Vella
950,1,1,TRUE,FALSE,50,flat,Sarria-Sant Gervasi
1500,3,2,TRUE,FALSE,163,flat,Eixample
1600,4,2,TRUE,FALSE,137,flat,Sarria-Sant Gervasi
2100,4,4,TRUE,TRUE,141,flat,Les Corts
1352,2,1,TRUE,FALSE,86,flat,Eixample
977,5,2,TRUE,FALSE,97,flat,Sants-Montjuic
886,3,2,TRUE,FALSE,70,flat,Sants-Montjuic
550,1,1,FALSE,FALSE,26,flat,Horta- Guinardo
830,1,1,TRUE,TRUE,55,flat,Eixample
1539,4,3,TRUE,FALSE,151,flat,Eixample
1700,4,3,TRUE,FALSE,174,flat,Eixample
1200,3,2,TRUE,FALSE,106,flat,Eixample
1395,4,2,TRUE,FALSE,160,flat,Eixample
890,2,2,TRUE,FALSE,82,flat,Gracia
1000,3,1,TRUE,FALSE,77,flat,Eixample
850,3,1,TRUE,FALSE,70,flat,Sant Martí
925,2,1,FALSE,FALSE,63,flat,Sarria-Sant Gervasi
900,3,1,TRUE,TRUE,71,flat,Gracia
1133,3,1,TRUE,FALSE,90,flat,Eixample
2000,4,4,FALSE,FALSE,125,flat,Ciutat Vella
1116,3,2,TRUE,TRUE,80,flat,Sants-Montjuic
850,3,1,TRUE,FALSE,75,flat,Horta- Guinardo
700,1,1,TRUE,FALSE,37,flat,Eixample
1100,2,1,FALSE,FALSE,65,flat,Eixample
1100,1,1,TRUE,FALSE,70,flat,Sarria-Sant Gervasi
1050,2,2,TRUE,FALSE,62,flat,Ciutat Vella
1050,2,1,TRUE,FALSE,55,flat,Les Corts
1290,3,2,TRUE,FALSE,70,flat,Ciutat Vella
1150,3,1,TRUE,FALSE,90,flat,Eixample
1175,4,2,TRUE,FALSE,90,flat,Eixample
900,2,1,TRUE,FALSE,70,flat,Eixample
1000,2,1,TRUE,FALSE,100,flat,Eixample
4000,4,3,TRUE,FALSE,180,flat,Sarria-Sant Gervasi
750,2,1,FALSE,FALSE,46,flat,Sant Martí
900,4,1,TRUE,FALSE,80,flat,Eixample
1200,3,2,TRUE,TRUE,72,flat,Gracia
900,2,1,TRUE,FALSE,68,flat,Eixample
3500,5,4,TRUE,TRUE,200,flat,Sarria-Sant Gervasi
2100,2,2,TRUE,TRUE,55,flat,Eixample
995,1,1,TRUE,TRUE,56,flat,Sants-Montjuic
975,2,1,TRUE,FALSE,70,flat,Eixample
700,2,1,FALSE,FALSE,55,flat,Nou Barris
650,3,1,FALSE,TRUE,68,flat,Horta- Guinardo
990,2,1,TRUE,FALSE,72,flat,Gracia
839,3,1,TRUE,FALSE,69,flat,Sant Martí
800,2,1,FALSE,FALSE,62,flat,Sants-Montjuic
1000,4,3,TRUE,FALSE,100,flat,Eixample
780,1,1,TRUE,TRUE,50,flat,Gracia
2300,4,3,TRUE,FALSE,150,flat,Sarria-Sant Gervasi
1850,2,2,TRUE,FALSE,90,flat,Eixample
1400,1,1,TRUE,FALSE,60,flat,Gracia
895,2,1,TRUE,FALSE,87,flat,Sarria-Sant Gervasi
1300,3,2,TRUE,TRUE,110,flat,Eixample
650,1,1,FALSE,TRUE,36,flat,Ciutat Vella
950,3,2,TRUE,FALSE,75,flat,Ciutat Vella
950,4,2,TRUE,FALSE,85,flat,Eixample
1090,4,1,TRUE,FALSE,80,flat,Eixample
1190,2,1,TRUE,TRUE,57,flat,Les Corts
895,1,2,FALSE,FALSE,42,flat,Ciutat Vella
1095,2,1,TRUE,FALSE,62,flat,Eixample
1595,3,2,TRUE,FALSE,85,flat,Eixample
995,1,1,TRUE,FALSE,51,flat,Eixample
1795,3,2,TRUE,FALSE,115,flat,Sant Martí
1350,3,2,TRUE,FALSE,85,flat,Sarria-Sant Gervasi
890,2,1,FALSE,FALSE,60,flat,Sants-Montjuic
1130,4,2,TRUE,FALSE,105,flat,Eixample
900,3,1,TRUE,TRUE,75,flat,Sants-Montjuic
700,2,1,FALSE,FALSE,62,flat,Nou Barris
1200,3,1,TRUE,TRUE,74,flat,Eixample
1895,3,2,TRUE,FALSE,80,flat,Eixample
750,1,1,TRUE,FALSE,50,flat,Sarria-Sant Gervasi
1100,2,1,TRUE,TRUE,85,flat,Les Corts
1000,3,2,TRUE,FALSE,85,flat,Sarria-Sant Gervasi
1750,4,2,TRUE,FALSE,120,flat,Sarria-Sant Gervasi
900,2,1,TRUE,FALSE,69,flat,Eixample
950,3,1,TRUE,FALSE,75,flat,Eixample
750,1,1,TRUE,FALSE,50,flat,Ciutat Vella
750,2,1,TRUE,FALSE,70,flat,Sant Martí
1100,2,2,TRUE,TRUE,76,flat,Sant Martí
1400,4,2,TRUE,TRUE,110,flat,Sant Martí
950,2,1,TRUE,TRUE,50,flat,Gracia
1145,3,2,TRUE,FALSE,81,flat,Eixample
894,3,1,TRUE,FALSE,73,flat,Sants-Montjuic
840,2,1,TRUE,FALSE,42,flat,Sarria-Sant Gervasi
1290,2,1,FALSE,FALSE,60,flat,Sants-Montjuic
1290,2,1,FALSE,FALSE,60,flat,Sants-Montjuic
1250,2,1,FALSE,FALSE,70,flat,Sarria-Sant Gervasi
4900,5,5,TRUE,FALSE,277,flat,Les Corts
1290,2,1,FALSE,FALSE,60,flat,Sants-Montjuic
780,2,1,FALSE,TRUE,52,flat,Sants-Montjuic
780,1,1,FALSE,FALSE,40,flat,Ciutat Vella
1217,1,1,TRUE,TRUE,63,flat,Eixample
900,2,1,TRUE,FALSE,60,flat,Sarria-Sant Gervasi
1100,2,1,TRUE,TRUE,85,flat,Gracia
1150,2,2,TRUE,TRUE,65,flat,Sant Martí
900,2,1,TRUE,FALSE,60,flat,Sarria-Sant Gervasi
950,1,1,TRUE,FALSE,55,flat,Sarria-Sant Gervasi
2300,3,3,TRUE,TRUE,170,flat,Sarria-Sant Gervasi
850,3,1,TRUE,FALSE,70,flat,Sants-Montjuic
900,2,1,TRUE,FALSE,60,flat,Sarria-Sant Gervasi
1350,2,1,FALSE,FALSE,80,flat,Gracia
900,4,1,TRUE,FALSE,80,flat,Sants-Montjuic
1174,3,1,FALSE,FALSE,63,flat,Ciutat Vella
850,1,1,TRUE,FALSE,48,flat,Sant Andreu
1000,2,2,FALSE,FALSE,83,flat,Ciutat Vella
750,3,1,TRUE,FALSE,70,flat,Sant Martí
925,1,1,TRUE,FALSE,45,flat,Eixample
1200,3,2,TRUE,FALSE,107,flat,Sant Martí
1150,2,2,TRUE,FALSE,90,flat,Sarria-Sant Gervasi
950,2,1,TRUE,TRUE,74,flat,Sarria-Sant Gervasi
750,2,1,FALSE,FALSE,48,flat,Ciutat Vella
800,3,1,FALSE,FALSE,50,flat,Sants-Montjuic
1400,3,2,TRUE,TRUE,90,flat,Sarria-Sant Gervasi
2100,4,1,TRUE,TRUE,135,flat,Sarria-Sant Gervasi
850,3,1,TRUE,FALSE,66,flat,Sant Martí
744,2,1,FALSE,FALSE,60,flat,Sants-Montjuic
2637,5,3,TRUE,TRUE,216,flat,Sarria-Sant Gervasi
900,1,1,TRUE,FALSE,46,flat,Eixample
1190,3,1,FALSE,FALSE,90,flat,Ciutat Vella
900,3,1,TRUE,FALSE,63,flat,Ciutat Vella
850,1,1,TRUE,FALSE,50,flat,Gracia
2300,2,2,TRUE,FALSE,150,flat,Eixample
950,3,2,TRUE,TRUE,91,flat,Eixample
940,2,1,TRUE,FALSE,63,flat,Les Corts
950,2,1,FALSE,FALSE,65,flat,Sarria-Sant Gervasi
600,0,1,TRUE,FALSE,41,flat,Ciutat Vella
1300,2,2,TRUE,FALSE,90,flat,Eixample
1650,3,2,TRUE,FALSE,100,flat,Sant Martí
1600,2,1,FALSE,FALSE,91,flat,Ciutat Vella
1000,4,2,TRUE,FALSE,90,flat,Eixample
775,1,1,TRUE,FALSE,50,flat,Ciutat Vella
875,2,1,TRUE,FALSE,51,flat,Les Corts
1090,3,2,TRUE,FALSE,90,flat,Eixample
724,1,1,FALSE,FALSE,35,flat,Sant Martí
724,1,1,FALSE,FALSE,35,flat,Sant Martí
775,2,1,FALSE,FALSE,100,flat,Horta- Guinardo
995,2,1,TRUE,TRUE,68,flat,Sant Andreu
1975,3,2,TRUE,TRUE,144,flat,Eixample
1250,3,2,TRUE,FALSE,120,flat,Ciutat Vella
1200,1,1,FALSE,FALSE,50,flat,Eixample
685,2,1,TRUE,FALSE,46,flat,Horta- Guinardo
1170,3,1,FALSE,TRUE,80,flat,Les Corts
850,3,2,TRUE,TRUE,90,flat,Sant Martí
1300,4,1,FALSE,FALSE,77,flat,Eixample
750,1,1,TRUE,TRUE,42,flat,Sarria-Sant Gervasi
950,3,1,TRUE,FALSE,100,flat,Sants-Montjuic
1000,3,1,FALSE,FALSE,100,flat,Sant Andreu
1050,3,2,TRUE,FALSE,88,flat,Gracia
950,2,1,TRUE,FALSE,70,flat,Gracia
1100,2,1,TRUE,FALSE,65,flat,Eixample
800,3,1,FALSE,FALSE,70,flat,Gracia
899,3,1,TRUE,FALSE,69,flat,Eixample
950,1,1,TRUE,FALSE,62,flat,Sarria-Sant Gervasi
1300,4,1,TRUE,FALSE,107,flat,Les Corts
1000,4,1,TRUE,FALSE,90,flat,Les Corts
725,1,1,TRUE,FALSE,70,flat,Ciutat Vella
725,1,1,TRUE,FALSE,70,flat,Ciutat Vella
1100,4,2,TRUE,FALSE,117,flat,Eixample
750,2,1,FALSE,TRUE,55,flat,Horta- Guinardo
2200,2,1,TRUE,FALSE,65,flat,Sarria-Sant Gervasi
1000,1,1,FALSE,FALSE,60,flat,Horta- Guinardo
950,2,1,FALSE,FALSE,57,flat,Ciutat Vella
2300,5,3,TRUE,FALSE,160,flat,Sarria-Sant Gervasi
700,2,1,TRUE,FALSE,57,flat,Sants-Montjuic
1100,2,2,TRUE,FALSE,96,flat,Sarria-Sant Gervasi
850,2,1,FALSE,FALSE,60,flat,Eixample
850,3,1,FALSE,FALSE,65,flat,Ciutat Vella
650,1,1,TRUE,FALSE,35,flat,Ciutat Vella
1250,2,1,TRUE,FALSE,55,flat,Sarria-Sant Gervasi
1000,2,2,FALSE,FALSE,79,flat,Ciutat Vella
830,2,1,TRUE,FALSE,55,flat,Gracia
590,1,1,FALSE,FALSE,30,flat,Ciutat Vella
890,4,1,TRUE,FALSE,78,flat,Horta- Guinardo
1300,4,2,TRUE,TRUE,124,flat,Eixample
750,3,1,TRUE,FALSE,70,flat,Les Corts
750,2,1,TRUE,FALSE,50,flat,Sant Martí
1073,2,1,TRUE,TRUE,70,flat,Sant Andreu
650,2,1,TRUE,FALSE,50,flat,Eixample
800,1,1,FALSE,FALSE,45,flat,Les Corts
1500,2,2,TRUE,FALSE,95,flat,Sarria-Sant Gervasi
880,3,1,FALSE,FALSE,60,flat,Les Corts
1100,4,2,TRUE,TRUE,86,flat,Eixample
750,3,1,FALSE,FALSE,60,flat,Horta- Guinardo
1220,3,1,TRUE,FALSE,77,flat,Sarria-Sant Gervasi
975,3,1,TRUE,FALSE,75,flat,Eixample
714,1,1,FALSE,FALSE,42,flat,Eixample
850,2,1,FALSE,FALSE,82,flat,Ciutat Vella
1250,4,2,TRUE,FALSE,135,flat,Ciutat Vella
780,2,1,FALSE,FALSE,60,flat,Sants-Montjuic
800,2,1,FALSE,FALSE,70,flat,Ciutat Vella
790,3,1,TRUE,FALSE,75,flat,Sant Martí
1200,2,1,FALSE,FALSE,75,flat,Sarria-Sant Gervasi
1150,4,2,TRUE,FALSE,88,flat,Gracia
1200,4,1,TRUE,FALSE,100,flat,Gracia
1850,4,2,TRUE,FALSE,139,flat,Ciutat Vella
1169,3,2,FALSE,FALSE,83,flat,Gracia
757,3,1,FALSE,FALSE,77,flat,Sant Martí
1000,2,1,FALSE,FALSE,63,flat,Gracia
825,2,1,TRUE,FALSE,70,flat,Sant Andreu
1200,3,1,TRUE,TRUE,75,flat,Eixample
650,2,1,FALSE,FALSE,63,flat,Sant Martí
980,3,2,TRUE,TRUE,74,flat,Sarria-Sant Gervasi
1624,5,2,FALSE,FALSE,129,flat,Sarria-Sant Gervasi
2700,3,3,TRUE,FALSE,157,flat,Sarria-Sant Gervasi
900,2,1,TRUE,FALSE,69,flat,Eixample
875,2,1,FALSE,FALSE,45,flat,Ciutat Vella
1900,4,2,TRUE,FALSE,166,flat,Eixample
1650,4,2,FALSE,TRUE,121,flat,Ciutat Vella
1400,3,2,TRUE,FALSE,82,flat,Eixample
1050,3,2,TRUE,TRUE,109,flat,Sants-Montjuic
1980,2,1,FALSE,FALSE,180,flat,Les Corts
1140,3,2,TRUE,TRUE,84,flat,Sants-Montjuic
725,3,1,TRUE,FALSE,54,flat,Sant Martí
945,3,1,TRUE,TRUE,72,flat,Sants-Montjuic
1152,2,2,TRUE,FALSE,65,flat,Ciutat Vella
750,3,1,TRUE,FALSE,70,flat,Sant Martí
875,3,1,TRUE,FALSE,69,flat,Sarria-Sant Gervasi
1000,3,1,FALSE,FALSE,75,flat,Gracia
779,2,1,FALSE,FALSE,47,flat,Sant Martí
980,4,2,TRUE,FALSE,83,flat,Eixample
1100,4,1,TRUE,FALSE,75,flat,Sarria-Sant Gervasi
850,3,1,TRUE,FALSE,63,flat,Sant Martí
1600,2,1,TRUE,FALSE,70,flat,Ciutat Vella
1100,2,2,TRUE,FALSE,87,flat,Eixample
1500,4,2,TRUE,FALSE,115,flat,Les Corts
800,1,1,FALSE,FALSE,44,flat,Sarria-Sant Gervasi
1600,3,2,TRUE,FALSE,176,flat,Ciutat Vella
2550,5,3,TRUE,FALSE,250,flat,Eixample
1600,2,1,TRUE,TRUE,70,flat,Eixample
2500,4,2,TRUE,FALSE,146,flat,Sarria-Sant Gervasi
2450,3,2,TRUE,TRUE,140,flat,Les Corts
2200,2,2,TRUE,TRUE,86,flat,Ciutat Vella
1750,1,1,FALSE,FALSE,112,flat,Ciutat Vella
1200,2,1,TRUE,TRUE,61,flat,Ciutat Vella
2200,3,3,TRUE,FALSE,160,flat,Eixample
1150,3,2,TRUE,TRUE,95,flat,Eixample
1950,2,1,FALSE,TRUE,100,flat,Sarria-Sant Gervasi
1000,2,1,TRUE,FALSE,51,flat,Sants-Montjuic
1200,2,1,FALSE,TRUE,65,flat,Gracia
1350,2,1,TRUE,FALSE,50,flat,Sarria-Sant Gervasi
2500,3,3,TRUE,TRUE,161,flat,Les Corts
1350,2,1,TRUE,FALSE,50,flat,Sarria-Sant Gervasi
2500,3,3,TRUE,TRUE,161,flat,Les Corts
1990,4,2,TRUE,FALSE,141,flat,Ciutat Vella
1300,3,2,TRUE,FALSE,95,flat,Eixample
4500,4,3,FALSE,FALSE,215,flat,Eixample
1425,3,2,FALSE,FALSE,86,flat,Eixample
6900,5,5,TRUE,TRUE,240,flat,Eixample
1100,3,1,TRUE,TRUE,70,flat,Sarria-Sant Gervasi
1500,2,2,TRUE,FALSE,80,flat,Sarria-Sant Gervasi
975,1,1,TRUE,FALSE,55,flat,Sant Martí
1500,3,1,TRUE,FALSE,50,flat,Eixample
1400,4,1,TRUE,TRUE,75,flat,Sant Martí
850,2,1,FALSE,FALSE,60,flat,Eixample
1700,2,2,TRUE,FALSE,117,flat,Eixample
1200,3,2,TRUE,FALSE,85,flat,Gracia
1080,2,1,TRUE,FALSE,74,flat,Eixample
1400,1,1,TRUE,FALSE,80,flat,Eixample
1350,2,1,TRUE,FALSE,82,flat,Gracia
1200,3,2,TRUE,FALSE,84,flat,Eixample
3900,5,5,TRUE,FALSE,190,flat,Eixample
1600,3,2,TRUE,FALSE,100,flat,Eixample
2185,3,2,TRUE,TRUE,98,flat,Sant Martí
1250,1,2,TRUE,FALSE,125,flat,Gracia
1700,4,2,TRUE,FALSE,156,flat,Sarria-Sant Gervasi
1200,2,1,TRUE,TRUE,80,flat,Eixample
3800,4,2,TRUE,TRUE,200,flat,Gracia
3800,4,2,TRUE,TRUE,200,flat,Gracia
1150,3,2,TRUE,FALSE,80,flat,Gracia
2300,3,2,TRUE,FALSE,105,flat,Eixample
950,3,1,TRUE,FALSE,72,flat,Eixample
2000,3,2,TRUE,FALSE,105,flat,Eixample
1150,3,1,TRUE,FALSE,79,flat,Eixample
1050,2,1,TRUE,FALSE,79,flat,Les Corts
1650,3,2,TRUE,FALSE,140,flat,Eixample
1200,3,2,TRUE,FALSE,87,flat,Eixample
1761,4,2,TRUE,FALSE,131,flat,Ciutat Vella
990,2,2,TRUE,FALSE,73,flat,Gracia
1600,4,3,TRUE,FALSE,131,flat,Eixample
2200,4,2,TRUE,FALSE,185,flat,Eixample
1700,3,2,TRUE,FALSE,133,flat,Eixample
1020,2,1,TRUE,FALSE,60,flat,Eixample
3100,5,3,TRUE,TRUE,183,flat,Sarria-Sant Gervasi
1450,2,2,TRUE,TRUE,89,flat,Les Corts
1000,1,1,TRUE,FALSE,45,flat,Ciutat Vella
1000,1,1,TRUE,FALSE,45,flat,Ciutat Vella
2000,3,2,TRUE,FALSE,105,flat,Eixample
850,2,1,TRUE,FALSE,66,flat,Sarria-Sant Gervasi
900,1,1,TRUE,FALSE,45,flat,Ciutat Vella
1400,3,2,TRUE,FALSE,65,flat,Horta- Guinardo
1600,2,2,TRUE,FALSE,70,flat,Eixample
1850,1,1,TRUE,FALSE,62,flat,Eixample
1200,2,2,TRUE,FALSE,80,flat,Sant Martí
1000,2,1,FALSE,FALSE,61,flat,Gracia
1750,2,2,FALSE,TRUE,110,flat,Eixample
1450,2,2,TRUE,TRUE,90,flat,Les Corts
850,2,1,FALSE,FALSE,55,flat,Ciutat Vella
2700,5,2,TRUE,TRUE,160,flat,Les Corts
1250,3,1,TRUE,FALSE,80,flat,Eixample
1300,4,2,TRUE,FALSE,112,flat,Eixample
980,1,1,TRUE,FALSE,55,flat,Sarria-Sant Gervasi
762,3,1,TRUE,FALSE,60,flat,Sant Andreu
1600,3,2,TRUE,FALSE,88,flat,Sant Martí
990,2,1,TRUE,TRUE,72,flat,Eixample
1200,1,1,FALSE,FALSE,60,flat,Ciutat Vella
1000,2,1,FALSE,FALSE,64,flat,Sarria-Sant Gervasi
1300,3,2,TRUE,FALSE,114,flat,Sarria-Sant Gervasi
575,1,1,FALSE,FALSE,33,flat,Sants-Montjuic
930,1,1,FALSE,TRUE,57,flat,Horta- Guinardo
1700,3,3,TRUE,TRUE,120,flat,Les Corts
1200,1,1,FALSE,FALSE,42,flat,Ciutat Vella
850,3,1,TRUE,FALSE,61,flat,Horta- Guinardo
1100,3,1,TRUE,FALSE,85,flat,Eixample
990,2,1,TRUE,FALSE,42,flat,Eixample
715,1,1,TRUE,FALSE,40,flat,Ciutat Vella
750,1,1,FALSE,FALSE,47,flat,Ciutat Vella
790,3,1,TRUE,FALSE,70,flat,Nou Barris
1060,2,1,TRUE,FALSE,50,flat,Eixample
1225,3,2,TRUE,FALSE,100,flat,Eixample
1090,2,1,TRUE,FALSE,74,flat,Sarria-Sant Gervasi
1100,3,2,FALSE,TRUE,90,flat,Ciutat Vella
1800,4,2,TRUE,FALSE,150,flat,Sarria-Sant Gervasi
750,1,1,FALSE,FALSE,36,flat,Ciutat Vella
1095,2,2,TRUE,FALSE,68,flat,Gracia
1650,3,2,TRUE,FALSE,90,flat,Eixample
995,1,1,TRUE,FALSE,51,flat,Eixample
750,2,1,TRUE,FALSE,50,flat,Sants-Montjuic
1095,1,1,TRUE,FALSE,51,flat,Eixample
799,2,1,TRUE,FALSE,67,flat,Sant Martí
1420,2,2,TRUE,FALSE,70,flat,Eixample
860,2,1,TRUE,FALSE,65,flat,Sarria-Sant Gervasi
1050,1,1,TRUE,FALSE,75,flat,Eixample
1150,3,2,TRUE,FALSE,107,flat,Eixample
1150,4,2,TRUE,FALSE,80,flat,Les Corts
950,3,2,TRUE,TRUE,82,flat,Eixample
900,2,1,TRUE,FALSE,70,flat,Eixample
1400,3,2,TRUE,FALSE,130,flat,Sarria-Sant Gervasi
1450,4,2,TRUE,FALSE,120,flat,Sarria-Sant Gervasi
3300,4,4,TRUE,FALSE,164,flat,Sarria-Sant Gervasi
2500,5,2,FALSE,FALSE,235,flat,Eixample
1103,3,2,FALSE,FALSE,101,flat,Ciutat Vella
800,3,1,TRUE,FALSE,65,flat,Sant Martí
750,2,1,FALSE,FALSE,36,flat,Ciutat Vella
1500,4,2,TRUE,TRUE,140,flat,Eixample
1050,2,2,TRUE,FALSE,75,flat,Eixample
1250,3,1,FALSE,FALSE,67,flat,Gracia
4000,4,3,FALSE,TRUE,220,flat,Eixample
800,2,1,FALSE,FALSE,56,flat,Ciutat Vella
1200,4,2,TRUE,FALSE,80,flat,Horta- Guinardo
1650,4,2,FALSE,FALSE,163,flat,Sarria-Sant Gervasi
2900,5,3,TRUE,FALSE,150,flat,Sarria-Sant Gervasi
2700,3,3,TRUE,FALSE,140,flat,Les Corts
1100,3,1,TRUE,FALSE,83,flat,Eixample
1278,3,1,TRUE,FALSE,77,flat,Eixample
950,3,2,TRUE,FALSE,65,flat,Les Corts
990,2,2,TRUE,FALSE,90,flat,Ciutat Vella
1000,1,1,TRUE,FALSE,61,flat,Eixample
800,2,1,TRUE,FALSE,71,flat,Eixample
2650,3,2,TRUE,FALSE,132,flat,Sarria-Sant Gervasi
1400,2,1,TRUE,FALSE,110,flat,Ciutat Vella
2650,3,2,TRUE,TRUE,136,flat,Sarria-Sant Gervasi
1050,4,2,TRUE,FALSE,105,flat,Eixample
880,3,1,TRUE,FALSE,59,flat,Sants-Montjuic
970,2,1,TRUE,TRUE,82,flat,Les Corts
750,3,1,TRUE,FALSE,60,flat,Horta- Guinardo
1500,3,3,TRUE,FALSE,128,flat,Eixample
1500,3,2,TRUE,FALSE,94,flat,Sarria-Sant Gervasi
790,2,1,TRUE,FALSE,42,flat,Les Corts
704,3,1,TRUE,FALSE,55,flat,Nou Barris
850,2,1,FALSE,FALSE,45,flat,Eixample
1100,3,2,TRUE,FALSE,88,flat,Les Corts
950,3,1,FALSE,FALSE,78,flat,Ciutat Vella
1300,3,2,FALSE,TRUE,120,flat,Gracia
700,2,1,FALSE,FALSE,55,flat,Eixample
1100,2,1,TRUE,TRUE,75,flat,Eixample
2500,4,2,TRUE,TRUE,172,flat,Sarria-Sant Gervasi
1300,3,2,FALSE,FALSE,94,flat,Sarria-Sant Gervasi
700,2,1,TRUE,FALSE,51,flat,Horta- Guinardo
1050,2,1,FALSE,FALSE,55,flat,Les Corts
1150,3,2,TRUE,TRUE,89,flat,Eixample
1200,4,2,TRUE,FALSE,90,flat,Les Corts
580,1,1,FALSE,FALSE,40,flat,Ciutat Vella
1400,4,2,TRUE,FALSE,110,flat,Eixample
845,2,1,TRUE,FALSE,72,flat,Sant Andreu
1100,0,2,TRUE,FALSE,95,flat,Eixample
775,3,1,TRUE,FALSE,65,flat,Sant Martí
950,2,2,TRUE,FALSE,106,flat,Gracia
950,3,1,TRUE,FALSE,62,flat,Eixample
1180,4,2,TRUE,FALSE,97,flat,Sarria-Sant Gervasi
1000,3,1,TRUE,FALSE,63,flat,Ciutat Vella
1200,4,2,TRUE,FALSE,90,flat,Gracia
890,3,2,TRUE,FALSE,81,flat,Sant Martí
700,2,1,FALSE,FALSE,71,flat,Ciutat Vella
1400,0,1,TRUE,FALSE,110,flat,Eixample
1400,2,2,TRUE,FALSE,73,flat,Sant Martí
1150,3,1,TRUE,TRUE,85,flat,Eixample
1250,3,2,TRUE,TRUE,80,flat,Les Corts
1600,4,2,TRUE,TRUE,80,flat,Sants-Montjuic
950,3,2,TRUE,FALSE,80,flat,Gracia
1050,3,1,TRUE,TRUE,90,flat,Gracia
1800,4,2,TRUE,TRUE,90,flat,Eixample
1100,3,2,TRUE,FALSE,70,flat,Sant Martí
1190,4,1,TRUE,FALSE,100,flat,Eixample
950,2,1,TRUE,FALSE,76,flat,Gracia
950,2,1,TRUE,FALSE,76,flat,Gracia
775,1,1,FALSE,FALSE,40,flat,Ciutat Vella
795,1,1,TRUE,TRUE,46,flat,Gracia
700,1,1,FALSE,FALSE,45,flat,Sants-Montjuic
550,1,1,TRUE,FALSE,30,flat,Les Corts
800,1,1,TRUE,FALSE,55,flat,Sants-Montjuic
995,3,1,TRUE,TRUE,72,flat,Sant Martí
850,2,1,FALSE,FALSE,52,flat,Sants-Montjuic
975,2,1,TRUE,TRUE,75,flat,Eixample
1000,3,1,FALSE,FALSE,72,flat,Nou Barris
800,2,1,FALSE,FALSE,40,flat,Sants-Montjuic
750,1,1,FALSE,FALSE,63,flat,Ciutat Vella
1400,3,2,TRUE,TRUE,132,flat,Eixample
1950,3,2,FALSE,FALSE,135,flat,Les Corts
1750,4,2,TRUE,FALSE,137,flat,Eixample
1050,2,1,TRUE,FALSE,48,flat,Eixample
1250,3,1,FALSE,FALSE,62,flat,Ciutat Vella
795,1,1,TRUE,FALSE,25,flat,Sarria-Sant Gervasi
895,1,1,TRUE,FALSE,40,flat,Gracia
1190,2,2,TRUE,FALSE,68,flat,Gracia
795,1,1,FALSE,FALSE,42,flat,Ciutat Vella
1195,2,1,TRUE,FALSE,70,flat,Eixample
745,1,1,FALSE,FALSE,50,flat,Sants-Montjuic
1600,4,2,TRUE,FALSE,155,flat,Sarria-Sant Gervasi
1100,2,1,FALSE,TRUE,72,flat,Horta- Guinardo
1100,4,2,FALSE,FALSE,85,flat,Gracia
826,2,1,TRUE,FALSE,58,flat,Eixample
2600,4,3,TRUE,TRUE,200,flat,Les Corts
1450,4,2,TRUE,FALSE,130,flat,Sarria-Sant Gervasi
1100,4,2,FALSE,FALSE,100,flat,Eixample
2100,2,2,TRUE,TRUE,103,flat,Eixample
1080,3,1,TRUE,FALSE,86,flat,Eixample
550,1,1,FALSE,FALSE,38,flat,Sant Andreu
1900,3,2,TRUE,FALSE,90,flat,Sant Martí
1350,2,1,TRUE,TRUE,56,flat,Eixample
936,3,2,TRUE,FALSE,90,flat,Horta- Guinardo
1000,4,2,TRUE,FALSE,100,flat,Sant Andreu
890,2,1,TRUE,FALSE,61,flat,Gracia
795,2,2,TRUE,TRUE,56,flat,Horta- Guinardo
1500,4,2,TRUE,TRUE,133,flat,Eixample
950,1,2,TRUE,FALSE,57,flat,Eixample
950,1,2,TRUE,FALSE,57,flat,Eixample
850,1,1,TRUE,TRUE,50,flat,Sant Andreu
1250,3,2,TRUE,TRUE,94,flat,Sarria-Sant Gervasi
1550,2,1,TRUE,FALSE,65,flat,Sarria-Sant Gervasi
995,1,1,TRUE,FALSE,50,flat,Gracia
750,1,1,FALSE,FALSE,40,flat,Ciutat Vella
1545,3,2,TRUE,FALSE,88,flat,Eixample
1200,1,1,TRUE,FALSE,60,flat,Gracia
1400,2,1,TRUE,FALSE,50,flat,Ciutat Vella
1550,1,1,TRUE,TRUE,90,flat,Eixample
1795,3,2,TRUE,FALSE,70,flat,Eixample
1295,2,1,TRUE,FALSE,70,flat,Gracia
700,1,1,TRUE,FALSE,45,flat,Ciutat Vella
900,3,2,TRUE,FALSE,100,flat,Eixample
1100,4,1,TRUE,FALSE,75,flat,Eixample
1200,3,1,TRUE,TRUE,95,flat,Eixample
1150,3,1,FALSE,FALSE,80,flat,Ciutat Vella
1350,2,1,TRUE,TRUE,84,flat,Les Corts
850,3,2,TRUE,FALSE,82,flat,Eixample
725,2,1,FALSE,FALSE,60,flat,Sants-Montjuic
2805,4,3,TRUE,FALSE,197,flat,Eixample
1300,2,2,TRUE,TRUE,77,flat,Eixample
850,2,1,FALSE,FALSE,57,flat,Sarria-Sant Gervasi
1256,3,2,TRUE,FALSE,100,flat,Eixample
900,2,1,TRUE,FALSE,75,flat,Eixample
1020,4,2,TRUE,TRUE,89,flat,Sant Martí
750,1,1,TRUE,FALSE,42,flat,Sarria-Sant Gervasi
750,1,1,TRUE,FALSE,42,flat,Sarria-Sant Gervasi
1150,3,2,TRUE,FALSE,87,flat,Sants-Montjuic
785,2,2,TRUE,TRUE,70,flat,Eixample
1050,2,1,TRUE,FALSE,77,flat,Sarria-Sant Gervasi
1050,2,1,TRUE,FALSE,65,flat,Ciutat Vella
870,1,1,TRUE,FALSE,45,flat,Gracia
960,4,2,TRUE,FALSE,79,flat,Sant Martí
1250,2,1,TRUE,TRUE,85,flat,Eixample
690,2,1,FALSE,FALSE,61,flat,Nou Barris
1190,3,2,TRUE,FALSE,85,flat,Eixample
700,3,1,TRUE,FALSE,53,flat,Sant Andreu
2500,4,2,TRUE,TRUE,130,flat,Sant Martí
850,1,1,FALSE,FALSE,50,flat,Les Corts
4000,5,4,FALSE,TRUE,280,flat,Sarria-Sant Gervasi
1150,3,1,FALSE,FALSE,80,flat,Eixample
980,4,2,FALSE,FALSE,86,flat,Gracia
950,1,1,TRUE,FALSE,50,flat,Sarria-Sant Gervasi
1250,2,2,TRUE,FALSE,69,flat,Eixample
925,2,2,FALSE,FALSE,79,flat,Gracia
1300,2,1,TRUE,FALSE,57,flat,Ciutat Vella
950,3,2,TRUE,FALSE,82,flat,Les Corts
1400,5,2,TRUE,FALSE,125,flat,Sarria-Sant Gervasi
880,2,1,TRUE,FALSE,64,flat,Horta- Guinardo
650,1,1,TRUE,FALSE,50,flat,Eixample
1200,3,2,FALSE,TRUE,124,flat,Gracia
875,3,1,FALSE,FALSE,75,flat,Sant Martí
900,2,1,TRUE,TRUE,50,flat,Eixample
1190,3,2,TRUE,FALSE,70,flat,Ciutat Vella
1750,2,2,FALSE,TRUE,142,flat,Sant Martí
790,3,1,TRUE,FALSE,69,flat,Sant Andreu
1250,4,2,TRUE,FALSE,118,flat,Sarria-Sant Gervasi
1100,3,1,TRUE,FALSE,79,flat,Eixample
995,1,1,FALSE,FALSE,45,flat,Ciutat Vella
1200,2,1,TRUE,FALSE,65,flat,Sant Martí
1090,2,2,TRUE,FALSE,54,flat,Sants-Montjuic
950,2,2,TRUE,TRUE,70,flat,Eixample
1500,2,2,TRUE,FALSE,62,flat,Ciutat Vella
765,3,1,FALSE,FALSE,54,flat,Ciutat Vella
950,4,2,TRUE,FALSE,72,flat,Les Corts
750,2,1,TRUE,FALSE,56,flat,Eixample
550,1,1,FALSE,FALSE,34,flat,Ciutat Vella
750,3,1,TRUE,FALSE,70,flat,Sant Martí
775,3,2,TRUE,FALSE,72,flat,Horta- Guinardo
700,3,1,FALSE,FALSE,59,flat,Sants-Montjuic
650,1,1,FALSE,FALSE,28,flat,Gracia
560,1,1,TRUE,FALSE,27,flat,Les Corts
900,1,1,TRUE,TRUE,40,flat,Ciutat Vella
820,3,1,FALSE,FALSE,70,flat,Ciutat Vella
3300,3,2,TRUE,TRUE,152,flat,Sarria-Sant Gervasi
675,3,1,FALSE,FALSE,63,flat,Nou Barris
1125,2,1,TRUE,FALSE,52,flat,Eixample
995,1,1,TRUE,FALSE,48,flat,Eixample
1160,3,1,FALSE,FALSE,73,flat,Horta- Guinardo
1150,1,1,TRUE,FALSE,60,flat,Eixample
1000,4,2,TRUE,FALSE,77,flat,Gracia
1600,2,2,TRUE,FALSE,70,flat,Sarria-Sant Gervasi
4000,5,4,TRUE,TRUE,300,flat,Sarria-Sant Gervasi
1600,3,2,TRUE,FALSE,147,flat,Sarria-Sant Gervasi
950,2,1,TRUE,FALSE,67,flat,Gracia
1150,2,1,TRUE,FALSE,72,flat,Eixample
2800,4,3,TRUE,TRUE,274,flat,Sarria-Sant Gervasi
2650,4,3,TRUE,TRUE,200,flat,Sarria-Sant Gervasi
3200,4,3,TRUE,TRUE,155,flat,Sarria-Sant Gervasi
1290,2,1,FALSE,FALSE,53,flat,Eixample
3400,5,4,TRUE,FALSE,279,flat,Sarria-Sant Gervasi
770,2,1,FALSE,FALSE,50,flat,Gracia
1150,2,2,TRUE,FALSE,70,flat,Eixample
775,3,2,TRUE,FALSE,77,flat,Sant Andreu
850,2,1,TRUE,FALSE,56,flat,Eixample
1050,2,1,TRUE,FALSE,71,flat,Eixample
2500,3,2,TRUE,FALSE,185,flat,Sarria-Sant Gervasi
775,1,1,TRUE,FALSE,49,flat,Gracia
774,2,1,FALSE,FALSE,40,flat,Gracia
1300,3,1,TRUE,FALSE,85,flat,Sarria-Sant Gervasi
1250,1,1,TRUE,FALSE,95,flat,Sarria-Sant Gervasi
690,1,1,TRUE,FALSE,48,flat,Ciutat Vella
3400,5,4,TRUE,TRUE,220,flat,Sarria-Sant Gervasi
2900,4,3,TRUE,TRUE,138,flat,Sarria-Sant Gervasi
825,3,2,TRUE,TRUE,85,flat,Sant Andreu
1100,3,1,FALSE,FALSE,73,flat,Sant Andreu
813,3,1,TRUE,TRUE,69,flat,Horta- Guinardo
1100,1,1,TRUE,TRUE,60,flat,Horta- Guinardo
1170,3,1,TRUE,FALSE,82,flat,Sarria-Sant Gervasi
1175,2,2,FALSE,FALSE,80,flat,Sarria-Sant Gervasi
830,2,1,TRUE,FALSE,55,flat,Sarria-Sant Gervasi
2090,2,2,TRUE,TRUE,96,flat,Sarria-Sant Gervasi
2900,4,3,TRUE,FALSE,250,flat,Sarria-Sant Gervasi
1100,1,1,TRUE,TRUE,50,flat,Eixample
924,4,1,FALSE,FALSE,90,flat,Eixample
925,2,1,TRUE,TRUE,86,flat,Horta- Guinardo
2095,3,2,TRUE,TRUE,138,flat,Sarria-Sant Gervasi
950,3,1,TRUE,FALSE,80,flat,Eixample
1250,4,2,TRUE,FALSE,120,flat,Les Corts
1000,3,1,TRUE,FALSE,81,flat,Eixample
1050,3,1,TRUE,FALSE,70,flat,Les Corts
950,2,1,TRUE,FALSE,76,flat,Gracia
850,1,1,TRUE,TRUE,35,flat,Gracia
1000,2,1,TRUE,FALSE,56,flat,Eixample
1450,4,3,TRUE,FALSE,169,flat,Eixample
1250,2,1,TRUE,TRUE,65,flat,Gracia
950,2,1,TRUE,FALSE,56,flat,Sarria-Sant Gervasi
1200,3,2,TRUE,FALSE,95,flat,Sarria-Sant Gervasi
2000,2,2,TRUE,FALSE,110,flat,Horta- Guinardo
1935,3,2,TRUE,TRUE,130,flat,Sarria-Sant Gervasi
805,2,1,FALSE,FALSE,59,flat,Ciutat Vella
2200,3,3,TRUE,FALSE,131,flat,Sarria-Sant Gervasi
1150,2,1,TRUE,FALSE,88,flat,Eixample
795,1,1,FALSE,TRUE,42,flat,Sants-Montjuic
880,2,1,TRUE,FALSE,60,flat,Nou Barris
980,2,1,TRUE,FALSE,85,flat,Sant Martí
1150,2,2,TRUE,FALSE,80,flat,Eixample
850,3,1,TRUE,FALSE,48,flat,Eixample
750,1,1,FALSE,FALSE,50,flat,Ciutat Vella
745,1,1,FALSE,FALSE,56,flat,Eixample
2700,3,3,TRUE,FALSE,110,flat,Ciutat Vella
1400,2,2,TRUE,FALSE,60,flat,Sarria-Sant Gervasi
1650,2,1,TRUE,TRUE,76,flat,Eixample
3000,5,2,TRUE,TRUE,170,flat,Les Corts
1272,1,1,TRUE,FALSE,65,flat,Eixample
3800,2,2,TRUE,TRUE,105,flat,Ciutat Vella
860,1,1,TRUE,FALSE,44,flat,Sarria-Sant Gervasi
1100,1,1,FALSE,FALSE,50,flat,Sarria-Sant Gervasi
2450,3,2,TRUE,FALSE,150,flat,Les Corts
2500,2,2,TRUE,FALSE,70,flat,Eixample
1500,2,2,TRUE,FALSE,81,flat,Sarria-Sant Gervasi
1000,1,1,TRUE,FALSE,49,flat,Sarria-Sant Gervasi
3800,2,2,TRUE,TRUE,105,flat,Ciutat Vella
2800,3,3,TRUE,TRUE,140,flat,Sarria-Sant Gervasi
2000,2,2,TRUE,FALSE,95,flat,Ciutat Vella
2800,1,1,TRUE,TRUE,70,flat,Ciutat Vella
2950,5,3,TRUE,TRUE,300,flat,Les Corts
10000,3,3,TRUE,TRUE,180,flat,Eixample
1600,3,2,TRUE,FALSE,85,flat,Ciutat Vella
1098,4,2,FALSE,FALSE,80,flat,Eixample
1500,3,2,TRUE,FALSE,80,flat,Sarria-Sant Gervasi
1079,2,1,TRUE,FALSE,76,flat,Eixample
1800,1,1,TRUE,FALSE,58,flat,Ciutat Vella
1260,2,1,FALSE,FALSE,99,flat,Eixample
1280,3,2,TRUE,FALSE,80,flat,Sarria-Sant Gervasi
890,3,1,FALSE,FALSE,69,flat,Sants-Montjuic
900,1,1,FALSE,FALSE,46,flat,Eixample
2500,3,2,TRUE,FALSE,100,flat,Ciutat Vella
2700,3,2,TRUE,FALSE,135,flat,Ciutat Vella
1100,2,2,TRUE,FALSE,69,flat,Ciutat Vella
5000,5,5,TRUE,TRUE,270,flat,Sarria-Sant Gervasi
3200,3,2,TRUE,FALSE,140,flat,Sarria-Sant Gervasi
975,1,1,TRUE,FALSE,60,flat,Sarria-Sant Gervasi
1050,1,1,FALSE,FALSE,52,flat,Sarria-Sant Gervasi
1200,2,1,TRUE,FALSE,89,flat,Les Corts
2300,5,3,TRUE,TRUE,130,flat,Sarria-Sant Gervasi
2568,2,2,TRUE,TRUE,139,flat,Sarria-Sant Gervasi
1089,3,1,TRUE,FALSE,84,flat,Sarria-Sant Gervasi
1500,3,2,TRUE,FALSE,90,flat,Gracia
3250,4,3,TRUE,TRUE,184,flat,Sarria-Sant Gervasi
2250,3,2,TRUE,TRUE,120,flat,Sarria-Sant Gervasi
1350,2,1,FALSE,FALSE,45,flat,Ciutat Vella
2500,3,3,TRUE,TRUE,170,flat,Sarria-Sant Gervasi
3885,3,2,TRUE,TRUE,114,flat,Eixample
1050,1,1,TRUE,FALSE,63,flat,Ciutat Vella
3500,5,4,TRUE,TRUE,260,flat,Sarria-Sant Gervasi
1300,1,1,TRUE,TRUE,30,flat,Gracia
1150,2,1,TRUE,FALSE,78,flat,Sarria-Sant Gervasi
1400,3,2,TRUE,TRUE,82,flat,Eixample
1950,2,1,TRUE,TRUE,73,flat,Les Corts
9500,3,4,TRUE,TRUE,190,flat,Eixample
3500,3,2,TRUE,FALSE,133,flat,Sarria-Sant Gervasi
3000,5,3,TRUE,TRUE,220,flat,Les Corts
15000,4,5,TRUE,TRUE,450,flat,Sarria-Sant Gervasi
4600,3,2,TRUE,TRUE,114,flat,Eixample
5300,5,5,TRUE,FALSE,240,flat,Sarria-Sant Gervasi
1350,2,1,TRUE,FALSE,61,flat,Gracia
785,1,1,TRUE,FALSE,51,flat,Ciutat Vella
4200,5,4,TRUE,TRUE,250,flat,Eixample
1100,1,2,TRUE,FALSE,65,flat,Sants-Montjuic
1787,3,2,TRUE,FALSE,129,flat,Sarria-Sant Gervasi
6000,4,3,TRUE,FALSE,211,flat,Eixample
1300,2,2,TRUE,FALSE,63,flat,Ciutat Vella
3460,4,2,TRUE,FALSE,129,flat,Sarria-Sant Gervasi
1890,2,2,TRUE,TRUE,68,flat,Sarria-Sant Gervasi
1000,2,1,TRUE,FALSE,68,flat,Sarria-Sant Gervasi
950,3,1,TRUE,FALSE,75,flat,Gracia
1100,2,2,TRUE,FALSE,83,flat,Eixample
1100,3,1,TRUE,FALSE,75,flat,Eixample
1200,3,2,TRUE,FALSE,100,flat,Sarria-Sant Gervasi
1400,4,2,TRUE,FALSE,150,flat,Eixample
1090,2,1,TRUE,FALSE,60,flat,Ciutat Vella
920,4,1,TRUE,TRUE,92,flat,Sant Andreu
950,3,1,TRUE,FALSE,71,flat,Sant Andreu
1100,3,1,TRUE,TRUE,80,flat,Sarria-Sant Gervasi
1250,3,2,TRUE,FALSE,90,flat,Eixample
1050,2,2,TRUE,FALSE,80,flat,Les Corts
1100,4,2,TRUE,FALSE,100,flat,Sants-Montjuic
1150,2,1,TRUE,FALSE,72,flat,Eixample
950,4,2,TRUE,FALSE,82,flat,Eixample
825,2,1,TRUE,TRUE,70,flat,Ciutat Vella
850,3,1,TRUE,TRUE,67,flat,Sant Martí
3600,3,4,TRUE,TRUE,220,flat,Eixample
695,3,1,FALSE,FALSE,60,flat,Horta- Guinardo
900,3,1,TRUE,FALSE,85,flat,Eixample
1100,3,2,FALSE,FALSE,81,flat,Sants-Montjuic
830,2,1,TRUE,FALSE,60,flat,Sant Martí
850,3,1,TRUE,FALSE,70,flat,Sant Martí
1150,4,1,TRUE,FALSE,95,flat,Eixample
1050,2,2,TRUE,FALSE,62,flat,Ciutat Vella
2300,4,2,TRUE,FALSE,125,flat,Les Corts
2950,5,3,TRUE,FALSE,250,flat,Les Corts
4700,5,5,TRUE,FALSE,300,flat,Sarria-Sant Gervasi
600,0,1,TRUE,FALSE,30,flat,Sarria-Sant Gervasi
1100,2,2,TRUE,TRUE,70,flat,Sant Martí
779,2,1,FALSE,FALSE,42,flat,Sant Martí
945,1,1,FALSE,FALSE,40,flat,Ciutat Vella
1000,3,1,TRUE,FALSE,55,flat,Ciutat Vella
825,3,1,FALSE,FALSE,65,flat,Horta- Guinardo
750,2,1,FALSE,FALSE,45,flat,Ciutat Vella
850,3,1,FALSE,FALSE,100,flat,Ciutat Vella
1500,1,1,TRUE,TRUE,44,flat,Eixample
1300,2,1,FALSE,FALSE,120,flat,Eixample
4700,4,3,TRUE,TRUE,267,flat,Sarria-Sant Gervasi
850,2,1,TRUE,FALSE,83,flat,Sant Andreu
1000,4,2,TRUE,FALSE,95,flat,Les Corts
900,3,1,TRUE,FALSE,75,flat,Les Corts
850,2,1,TRUE,FALSE,55,flat,Eixample
1300,4,1,FALSE,FALSE,109,flat,Les Corts
700,2,1,FALSE,FALSE,48,flat,Ciutat Vella
600,1,1,TRUE,FALSE,25,flat,Sants-Montjuic
625,1,1,TRUE,FALSE,35,flat,Gracia
3460,3,2,TRUE,FALSE,146,flat,Eixample
650,2,1,FALSE,FALSE,41,flat,Ciutat Vella
1150,3,1,TRUE,FALSE,78,flat,Les Corts
750,3,1,FALSE,FALSE,56,flat,Gracia
1000,3,1,FALSE,FALSE,91,flat,Gracia
1100,4,1,FALSE,FALSE,95,flat,Eixample
875,3,1,TRUE,TRUE,71,flat,Sant Martí
750,3,1,TRUE,FALSE,64,flat,Nou Barris
700,3,1,TRUE,FALSE,72,flat,Nou Barris
725,3,1,TRUE,FALSE,55,flat,Nou Barris
700,2,1,TRUE,FALSE,55,flat,Sant Andreu
1200,3,2,FALSE,FALSE,90,flat,Eixample
980,2,1,FALSE,FALSE,86,flat,Sant Martí
700,0,1,FALSE,FALSE,50,flat,Ciutat Vella
2500,3,2,TRUE,FALSE,121,flat,Sant Martí
1600,4,2,FALSE,FALSE,130,flat,Eixample
1495,3,1,FALSE,TRUE,80,flat,Sant Martí
700,2,1,FALSE,FALSE,50,flat,Sarria-Sant Gervasi
2900,4,3,TRUE,FALSE,213,flat,Sarria-Sant Gervasi
850,3,1,FALSE,FALSE,75,flat,Eixample
1150,2,1,TRUE,FALSE,70,flat,Eixample
650,2,1,FALSE,FALSE,45,flat,Sant Martí
1200,3,1,TRUE,TRUE,89,flat,Eixample
1450,3,3,TRUE,FALSE,75,flat,Eixample
1000,1,1,TRUE,TRUE,50,flat,Sants-Montjuic
800,3,1,TRUE,FALSE,70,flat,Sarria-Sant Gervasi
1200,2,1,TRUE,FALSE,53,flat,Sant Martí
700,2,1,FALSE,FALSE,48,flat,Ciutat Vella
740,3,1,TRUE,FALSE,66,flat,Sant Martí
800,3,1,FALSE,FALSE,77,flat,Sant Martí
875,1,1,TRUE,TRUE,54,flat,Sarria-Sant Gervasi
1000,2,1,FALSE,FALSE,55,flat,Ciutat Vella
890,2,4,TRUE,FALSE,53,flat,Eixample
990,2,2,TRUE,FALSE,65,flat,Ciutat Vella
950,1,1,TRUE,FALSE,50,flat,Sarria-Sant Gervasi
1050,3,2,TRUE,FALSE,103,flat,Eixample
2000,5,3,TRUE,FALSE,176,flat,Sarria-Sant Gervasi
895,2,1,FALSE,FALSE,52,flat,Ciutat Vella
7000,6,6,TRUE,FALSE,405,flat,Sarria-Sant Gervasi
1100,2,1,TRUE,TRUE,75,flat,Eixample
690,1,1,TRUE,FALSE,49,flat,Sarria-Sant Gervasi
1300,2,2,TRUE,FALSE,75,flat,Sarria-Sant Gervasi
1100,3,2,TRUE,FALSE,80,flat,Les Corts
800,1,1,TRUE,TRUE,55,flat,Sarria-Sant Gervasi
900,3,1,FALSE,TRUE,70,flat,Gracia
850,2,1,FALSE,FALSE,40,flat,Gracia
1050,2,1,TRUE,FALSE,80,flat,Ciutat Vella
890,1,1,TRUE,FALSE,50,flat,Sarria-Sant Gervasi
725,1,1,FALSE,FALSE,60,flat,Ciutat Vella
2250,3,2,TRUE,TRUE,140,flat,Les Corts
1490,4,2,TRUE,TRUE,90,flat,Eixample
3500,4,4,TRUE,TRUE,237,flat,Eixample
975,2,1,TRUE,TRUE,75,flat,Les Corts
650,2,1,FALSE,FALSE,41,flat,Gracia
975,1,1,TRUE,FALSE,50,flat,Sant Martí
890,1,1,TRUE,FALSE,54,flat,Sarria-Sant Gervasi
1150,0,1,FALSE,FALSE,104,flat,Eixample
800,1,1,TRUE,TRUE,47,flat,Eixample
1650,3,2,TRUE,FALSE,120,flat,Sarria-Sant Gervasi
1150,1,1,TRUE,FALSE,70,flat,Eixample
800,2,1,FALSE,FALSE,56,flat,Gracia
1450,2,2,TRUE,FALSE,106,flat,Eixample
800,2,1,FALSE,FALSE,56,flat,Gracia
995,2,1,FALSE,FALSE,65,flat,Ciutat Vella
1195,2,1,TRUE,FALSE,60,flat,Gracia
675,1,1,FALSE,FALSE,40,flat,Ciutat Vella
725,1,1,FALSE,FALSE,34,flat,Ciutat Vella
4500,4,3,TRUE,FALSE,220,flat,Eixample
1200,3,2,FALSE,TRUE,93,flat,Les Corts
1090,2,1,TRUE,FALSE,54,flat,Sants-Montjuic
1200,1,1,TRUE,FALSE,51,flat,Eixample
1050,2,1,TRUE,TRUE,78,flat,Gracia
995,1,1,FALSE,FALSE,45,flat,Ciutat Vella
890,3,2,TRUE,FALSE,89,flat,Sants-Montjuic
1190,3,2,TRUE,FALSE,70,flat,Ciutat Vella
895,2,1,FALSE,FALSE,45,flat,Ciutat Vella
1300,3,1,TRUE,FALSE,70,flat,Eixample
1090,2,1,TRUE,FALSE,54,flat,Sants-Montjuic
675,3,1,FALSE,FALSE,63,flat,Nou Barris
3000,3,3,FALSE,FALSE,185,flat,Eixample
6000,5,4,TRUE,FALSE,290,flat,Sarria-Sant Gervasi
1350,3,2,TRUE,FALSE,98,flat,Ciutat Vella
1990,2,1,TRUE,FALSE,70,flat,Les Corts
1350,2,2,TRUE,FALSE,77,flat,Sarria-Sant Gervasi
1300,2,2,TRUE,FALSE,95,flat,Eixample
1200,2,1,TRUE,TRUE,63,flat,Horta- Guinardo
1750,3,2,TRUE,FALSE,100,flat,Gracia
1800,3,2,TRUE,FALSE,133,flat,Eixample
1200,2,1,TRUE,TRUE,63,flat,Horta- Guinardo
2200,3,2,TRUE,TRUE,135,flat,Sarria-Sant Gervasi
1100,2,1,TRUE,FALSE,70,flat,Horta- Guinardo
1350,1,1,FALSE,FALSE,45,flat,Eixample
1250,4,2,TRUE,TRUE,101,flat,Sarria-Sant Gervasi
2250,3,3,TRUE,FALSE,155,flat,Sarria-Sant Gervasi
1300,2,2,FALSE,FALSE,55,flat,Eixample
1700,2,1,TRUE,TRUE,85,flat,Sarria-Sant Gervasi
1300,3,3,TRUE,FALSE,95,flat,Eixample
945,2,1,TRUE,FALSE,56,flat,Ciutat Vella
1600,4,2,TRUE,TRUE,112,flat,Eixample
1300,2,3,TRUE,FALSE,140,flat,Eixample
1500,0,1,FALSE,FALSE,120,flat,Sarria-Sant Gervasi
1100,3,2,FALSE,FALSE,68,flat,Horta- Guinardo
2600,3,2,TRUE,TRUE,105,flat,Sant Martí
775,1,1,TRUE,TRUE,55,flat,Ciutat Vella
2195,3,2,TRUE,FALSE,100,flat,Gracia
750,3,1,TRUE,FALSE,60,flat,Nou Barris
850,1,1,FALSE,FALSE,50,flat,Sarria-Sant Gervasi
1090,2,2,TRUE,FALSE,62,flat,Ciutat Vella
1000,3,1,TRUE,FALSE,80,flat,Eixample
600,2,1,FALSE,FALSE,55,flat,Horta- Guinardo
1250,3,2,FALSE,FALSE,85,flat,Eixample
1050,2,2,TRUE,FALSE,65,flat,Sant Martí
995,1,2,FALSE,FALSE,44,flat,Ciutat Vella
1050,2,1,FALSE,FALSE,52,flat,Ciutat Vella
990,3,1,FALSE,FALSE,85,flat,Ciutat Vella
1090,2,2,TRUE,TRUE,68,flat,Sant Martí
925,2,1,FALSE,FALSE,70,flat,Ciutat Vella
950,3,1,TRUE,FALSE,71,flat,Horta- Guinardo
1150,2,1,FALSE,FALSE,53,flat,Eixample
1300,3,2,FALSE,FALSE,75,flat,Gracia
1000,3,1,TRUE,FALSE,86,flat,Gracia
950,2,1,FALSE,FALSE,45,flat,Ciutat Vella
950,4,2,FALSE,FALSE,91,flat,Sant Martí
725,1,1,FALSE,FALSE,34,flat,Ciutat Vella
1150,2,1,FALSE,FALSE,53,flat,Eixample
1650,3,2,TRUE,TRUE,145,flat,Eixample
850,3,1,TRUE,FALSE,71,flat,Gracia
850,3,1,FALSE,TRUE,71,flat,Gracia
2500,3,2,TRUE,FALSE,145,flat,Sarria-Sant Gervasi
780,1,1,TRUE,TRUE,44,flat,Horta- Guinardo
850,2,1,FALSE,FALSE,52,flat,Sants-Montjuic
700,1,1,TRUE,FALSE,45,flat,Sarria-Sant Gervasi
850,1,1,TRUE,FALSE,60,flat,Ciutat Vella
2700,3,3,TRUE,FALSE,203,flat,Sarria-Sant Gervasi
1300,3,1,TRUE,FALSE,65,flat,Les Corts
951,2,1,FALSE,FALSE,55,flat,Eixample
800,3,1,TRUE,FALSE,65,flat,Sants-Montjuic
990,2,1,TRUE,FALSE,65,flat,Sant Martí
1300,2,1,TRUE,FALSE,81,flat,Gracia
1175,2,2,TRUE,FALSE,121,flat,Eixample
850,1,1,FALSE,FALSE,40,flat,Ciutat Vella
790,3,1,FALSE,FALSE,82,flat,Horta- Guinardo
1200,1,1,TRUE,TRUE,52,flat,Sarria-Sant Gervasi
824,2,1,FALSE,FALSE,60,flat,Ciutat Vella
1300,4,1,FALSE,FALSE,107,flat,Les Corts
850,4,1,TRUE,FALSE,70,flat,Sant Andreu
860,2,1,FALSE,FALSE,60,flat,Ciutat Vella
2200,3,2,FALSE,FALSE,80,flat,Sant Martí
900,1,1,FALSE,FALSE,48,flat,Ciutat Vella
950,1,1,FALSE,FALSE,55,flat,Ciutat Vella
850,2,2,FALSE,FALSE,60,flat,Ciutat Vella
1100,3,2,FALSE,FALSE,90,flat,Gracia
998,3,1,FALSE,FALSE,65,flat,Les Corts
864,2,1,FALSE,FALSE,52,flat,Ciutat Vella
1000,1,1,FALSE,FALSE,25,flat,Ciutat Vella
1050,2,1,FALSE,FALSE,73,flat,Sarria-Sant Gervasi
925,2,1,TRUE,FALSE,54,flat,Sarria-Sant Gervasi
1115,3,2,TRUE,TRUE,82,flat,Eixample
775,1,1,FALSE,FALSE,40,flat,Ciutat Vella
930,1,1,FALSE,FALSE,68,flat,Horta- Guinardo
920,2,1,FALSE,FALSE,65,flat,Ciutat Vella
950,3,2,FALSE,FALSE,75,flat,Sant Martí
1000,2,1,FALSE,FALSE,59,flat,Sants-Montjuic
1350,2,1,FALSE,FALSE,90,flat,Eixample
824,3,1,FALSE,FALSE,65,flat,Gracia
1198,4,1,FALSE,FALSE,80,flat,Eixample
850,1,2,FALSE,FALSE,49,flat,Ciutat Vella
1090,2,1,FALSE,FALSE,70,flat,Ciutat Vella
1000,2,1,FALSE,FALSE,70,flat,Sants-Montjuic
850,2,1,FALSE,FALSE,65,flat,Ciutat Vella
780,3,1,TRUE,FALSE,65,flat,Nou Barris
1000,2,2,TRUE,FALSE,70,flat,Gracia
1200,3,2,TRUE,FALSE,90,flat,Eixample
1600,3,2,TRUE,FALSE,100,flat,Sarria-Sant Gervasi
800,1,1,TRUE,FALSE,50,flat,Gracia
1200,2,2,TRUE,FALSE,83,flat,Eixample
1200,3,2,TRUE,FALSE,75,flat,Eixample
1050,3,1,TRUE,TRUE,76,flat,Sarria-Sant Gervasi
750,3,2,FALSE,FALSE,55,flat,Ciutat Vella
750,1,1,TRUE,FALSE,40,flat,Gracia
800,3,2,TRUE,FALSE,70,flat,Eixample
890,2,1,TRUE,FALSE,65,flat,Eixample
850,3,1,FALSE,FALSE,60,flat,Sant Martí
1000,3,1,FALSE,FALSE,70,flat,Gracia
1000,4,1,FALSE,FALSE,80,flat,Sarria-Sant Gervasi
1300,2,1,TRUE,TRUE,79,flat,Sant Martí
2000,3,2,TRUE,TRUE,125,flat,Les Corts
625,1,1,TRUE,FALSE,40,flat,Horta- Guinardo
1100,4,1,FALSE,FALSE,85,flat,Eixample
1050,2,1,FALSE,FALSE,60,flat,Ciutat Vella
880,3,1,FALSE,FALSE,68,flat,Sants-Montjuic
800,3,1,FALSE,FALSE,70,flat,Sants-Montjuic
1100,3,2,TRUE,TRUE,80,flat,Gracia
1100,4,1,FALSE,FALSE,80,flat,Eixample
900,3,1,FALSE,FALSE,69,flat,Gracia
1200,1,1,FALSE,FALSE,55,flat,Ciutat Vella
880,3,1,FALSE,FALSE,68,flat,Sants-Montjuic
800,1,1,FALSE,FALSE,40,flat,Sarria-Sant Gervasi
950,1,1,FALSE,FALSE,45,flat,Sants-Montjuic
1100,2,1,FALSE,FALSE,65,flat,Eixample
1250,2,1,FALSE,FALSE,110,flat,Eixample
850,1,1,FALSE,FALSE,50,flat,Gracia
2100,4,1,FALSE,FALSE,160,flat,Sarria-Sant Gervasi
1290,3,2,FALSE,FALSE,107,flat,Eixample
900,3,2,FALSE,FALSE,70,flat,Ciutat Vella
2000,1,1,FALSE,FALSE,80,flat,Sarria-Sant Gervasi
874,3,1,FALSE,FALSE,67,flat,Horta- Guinardo
1100,2,1,FALSE,FALSE,75,flat,Sarria-Sant Gervasi
900,2,1,FALSE,FALSE,63,flat,Eixample
900,3,1,FALSE,FALSE,66,flat,Gracia
700,1,1,TRUE,FALSE,41,flat,Ciutat Vella
950,2,1,FALSE,FALSE,64,flat,Ciutat Vella
1050,3,1,FALSE,FALSE,60,flat,Ciutat Vella
3800,4,4,TRUE,TRUE,230,flat,Les Corts
3900,5,5,TRUE,TRUE,298,flat,Les Corts
850,3,1,FALSE,FALSE,70,flat,Ciutat Vella
1024,3,2,FALSE,FALSE,80,flat,Les Corts
1100,1,1,FALSE,FALSE,68,flat,Eixample
900,2,1,FALSE,FALSE,50,flat,Sant Martí
1000,2,1,TRUE,FALSE,80,flat,Sant Martí
4500,4,3,TRUE,FALSE,148,flat,Sarria-Sant Gervasi
850,1,2,TRUE,FALSE,83,flat,Gracia
950,3,2,TRUE,FALSE,100,flat,Sant Martí
800,2,1,TRUE,FALSE,78,flat,Horta- Guinardo
1000,3,1,TRUE,FALSE,68,flat,Eixample
1100,2,1,FALSE,TRUE,85,flat,Gracia
1090,2,1,TRUE,TRUE,87,flat,Gracia
1100,3,2,FALSE,TRUE,84,flat,Gracia
950,3,2,TRUE,TRUE,85,flat,Horta- Guinardo
1000,3,1,FALSE,FALSE,71,flat,Gracia
900,1,1,TRUE,FALSE,40,flat,Gracia
1090,2,2,TRUE,TRUE,87,flat,Gracia
2500,5,3,TRUE,TRUE,200,flat,Horta- Guinardo
1000,2,1,FALSE,FALSE,75,flat,Horta- Guinardo
850,3,1,TRUE,FALSE,65,flat,Horta- Guinardo
795,1,1,TRUE,TRUE,40,flat,Horta- Guinardo
950,2,2,TRUE,FALSE,60,flat,Les Corts
2400,3,1,TRUE,FALSE,80,flat,Sarria-Sant Gervasi
650,1,1,TRUE,FALSE,38,flat,Sarria-Sant Gervasi
750,1,1,FALSE,FALSE,57,flat,Sarria-Sant Gervasi
1000,0,1,TRUE,FALSE,75,flat,Gracia
890,3,1,FALSE,FALSE,66,flat,Sarria-Sant Gervasi
1590,3,2,TRUE,FALSE,123,flat,Sarria-Sant Gervasi
2550,5,3,TRUE,TRUE,166,flat,Les Corts
1485,3,2,TRUE,FALSE,117,flat,Sarria-Sant Gervasi
1400,4,2,TRUE,FALSE,131,flat,Eixample
990,3,1,FALSE,FALSE,80,flat,Sant Andreu
900,2,1,TRUE,FALSE,70,flat,Nou Barris
780,2,1,FALSE,FALSE,60,flat,Gracia
550,1,1,TRUE,FALSE,40,flat,Ciutat Vella
895,3,1,TRUE,TRUE,65,flat,Les Corts
1200,2,1,TRUE,FALSE,68,flat,Sarria-Sant Gervasi
1150,4,2,TRUE,TRUE,90,flat,Gracia
668,1,1,FALSE,FALSE,35,flat,Les Corts
800,1,1,TRUE,FALSE,60,flat,Horta- Guinardo
1100,3,1,TRUE,TRUE,64,flat,Eixample
4200,5,4,TRUE,FALSE,273,flat,Les Corts
3600,5,3,TRUE,FALSE,259,flat,Sarria-Sant Gervasi
1300,3,2,TRUE,FALSE,79,flat,Eixample
990,3,1,TRUE,FALSE,78,flat,Sarria-Sant Gervasi
1100,2,1,FALSE,FALSE,70,flat,Horta- Guinardo
2200,3,3,TRUE,TRUE,130,flat,Sarria-Sant Gervasi
3500,3,3,TRUE,FALSE,210,flat,Eixample
3700,4,3,TRUE,TRUE,225,flat,Sarria-Sant Gervasi
3500,4,3,TRUE,FALSE,200,flat,Sarria-Sant Gervasi
2200,2,2,TRUE,FALSE,150,flat,Sarria-Sant Gervasi
2700,3,2,TRUE,TRUE,120,flat,Sarria-Sant Gervasi
550,1,1,FALSE,FALSE,40,flat,Ciutat Vella
900,4,2,TRUE,FALSE,80,flat,Eixample
850,3,1,TRUE,FALSE,75,flat,Sant Andreu
1250,2,1,TRUE,FALSE,110,flat,Ciutat Vella
3700,5,3,TRUE,TRUE,240,flat,Sarria-Sant Gervasi
1700,2,2,TRUE,FALSE,120,flat,Eixample
650,1,1,TRUE,FALSE,45,flat,Sants-Montjuic
1300,2,2,TRUE,FALSE,85,flat,Eixample
1050,0,1,TRUE,FALSE,72,flat,Sarria-Sant Gervasi
990,3,2,TRUE,FALSE,75,flat,Gracia
800,1,1,TRUE,FALSE,45,flat,Ciutat Vella
1350,3,2,TRUE,FALSE,77,flat,Eixample
980,3,1,FALSE,FALSE,55,flat,Sants-Montjuic
865,2,1,TRUE,FALSE,79,flat,Eixample
1400,2,1,FALSE,FALSE,90,flat,Sarria-Sant Gervasi
1200,2,1,FALSE,FALSE,75,flat,Ciutat Vella
1200,2,1,FALSE,FALSE,72,flat,Sants-Montjuic
2200,2,1,TRUE,FALSE,65,flat,Sarria-Sant Gervasi
4500,3,2,TRUE,TRUE,80,flat,Eixample
4500,3,2,TRUE,FALSE,105,flat,Eixample
915,3,1,FALSE,FALSE,74,flat,Les Corts
925,3,2,TRUE,FALSE,84,flat,Sarria-Sant Gervasi
875,1,1,TRUE,FALSE,50,flat,Sarria-Sant Gervasi
1000,4,1,TRUE,FALSE,110,flat,Eixample
800,1,1,TRUE,FALSE,50,flat,Sant Martí
900,3,1,TRUE,FALSE,11,flat,Sants-Montjuic
800,2,1,TRUE,FALSE,71,flat,Sants-Montjuic
1200,3,2,TRUE,FALSE,90,flat,Les Corts
2300,3,2,TRUE,FALSE,191,flat,Sarria-Sant Gervasi
1150,4,1,TRUE,TRUE,88,flat,Eixample
700,2,1,FALSE,FALSE,60,flat,Sant Andreu
980,2,1,TRUE,FALSE,70,flat,Sarria-Sant Gervasi
990,3,2,TRUE,TRUE,80,flat,Sant Andreu
820,3,1,FALSE,FALSE,63,flat,Horta- Guinardo
850,3,1,TRUE,TRUE,81,flat,Nou Barris
650,1,1,TRUE,FALSE,20,flat,Eixample
810,2,1,TRUE,TRUE,64,flat,Les Corts
900,1,1,TRUE,TRUE,55,flat,Eixample
1200,3,2,TRUE,TRUE,120,flat,Les Corts
1300,3,2,TRUE,FALSE,91,flat,Gracia
795,1,1,FALSE,FALSE,37,flat,Ciutat Vella
1980,3,2,FALSE,FALSE,160,flat,Les Corts
1150,3,1,TRUE,TRUE,90,flat,Les Corts
950,2,2,TRUE,TRUE,102,flat,Eixample
850,1,1,TRUE,FALSE,40,flat,Sarria-Sant Gervasi
1300,3,2,TRUE,FALSE,86,flat,Eixample
1150,4,1,TRUE,FALSE,88,flat,Sant Martí
1132,4,2,FALSE,FALSE,114,flat,Ciutat Vella
2300,3,2,TRUE,TRUE,144,flat,Ciutat Vella
2300,4,2,TRUE,FALSE,150,flat,Sarria-Sant Gervasi
1300,3,2,TRUE,FALSE,130,flat,Eixample
748,0,1,FALSE,FALSE,29,flat,Ciutat Vella
900,2,1,TRUE,TRUE,75,flat,Les Corts
800,2,1,TRUE,FALSE,64,flat,Eixample
1150,3,2,TRUE,FALSE,85,flat,Eixample
1500,2,2,TRUE,FALSE,71,flat,Eixample
1170,1,1,TRUE,FALSE,60,flat,Les Corts
2600,10,1,TRUE,FALSE,220,flat,Les Corts
850,3,1,TRUE,FALSE,70,flat,Sant Martí
650,2,1,FALSE,FALSE,60,flat,Ciutat Vella
850,2,1,FALSE,FALSE,98,flat,Ciutat Vella
800,3,1,FALSE,FALSE,68,flat,Horta- Guinardo
2400,5,3,TRUE,FALSE,211,flat,Sarria-Sant Gervasi
874,2,1,FALSE,FALSE,50,flat,Ciutat Vella
874,3,1,FALSE,FALSE,70,flat,Gracia
6886,5,5,TRUE,TRUE,225,flat,Les Corts
3500,6,4,TRUE,FALSE,230,flat,Les Corts
2900,3,2,TRUE,TRUE,180,flat,Sarria-Sant Gervasi
1050,3,1,TRUE,TRUE,75,flat,Eixample
950,3,1,FALSE,FALSE,70,flat,Sants-Montjuic
1100,1,1,FALSE,FALSE,50,flat,Eixample
1100,2,1,FALSE,FALSE,56,flat,Ciutat Vella
900,1,2,TRUE,FALSE,100,flat,Eixample
1100,1,1,FALSE,FALSE,40,flat,Ciutat Vella
1100,3,1,FALSE,FALSE,69,flat,Horta- Guinardo
900,2,1,FALSE,FALSE,75,flat,Eixample
1000,3,2,TRUE,TRUE,95,flat,Eixample
875,3,1,TRUE,FALSE,84,flat,Gracia
950,3,1,TRUE,TRUE,65,flat,Eixample
950,3,2,TRUE,FALSE,80,flat,Sant Martí
775,2,1,TRUE,FALSE,74,flat,Sant Martí
1200,3,2,TRUE,FALSE,102,flat,Ciutat Vella
625,1,1,FALSE,FALSE,30,flat,Ciutat Vella
1800,3,2,TRUE,TRUE,131,flat,Ciutat Vella
790,3,1,TRUE,FALSE,70,flat,Gracia
1650,4,2,TRUE,FALSE,140,flat,Sants-Montjuic
730,3,1,FALSE,FALSE,50,flat,Gracia
1200,4,2,TRUE,FALSE,91,flat,Sants-Montjuic
775,2,1,FALSE,FALSE,40,flat,Les Corts
700,2,1,FALSE,FALSE,61,flat,Nou Barris
1190,2,2,TRUE,FALSE,68,flat,Gracia
1195,3,1,FALSE,FALSE,77,flat,Sants-Montjuic
1195,2,2,TRUE,FALSE,74,flat,Les Corts
1100,2,1,TRUE,FALSE,66,flat,Eixample
925,1,2,FALSE,FALSE,33,flat,Gracia
1375,2,2,TRUE,FALSE,98,flat,Eixample
1200,3,2,TRUE,FALSE,85,flat,Sarria-Sant Gervasi
650,1,1,FALSE,FALSE,35,flat,Ciutat Vella
1500,2,1,TRUE,FALSE,80,flat,Eixample
1300,4,2,TRUE,FALSE,92,flat,Sants-Montjuic
795,2,1,FALSE,FALSE,58,flat,Gracia
1450,4,2,TRUE,FALSE,100,flat,Sarria-Sant Gervasi
995,2,1,TRUE,FALSE,66,flat,Eixample
1690,4,2,TRUE,TRUE,132,flat,Sarria-Sant Gervasi
1650,5,3,TRUE,FALSE,128,flat,Eixample
1900,4,3,TRUE,FALSE,186,flat,Sarria-Sant Gervasi
900,3,1,TRUE,FALSE,62,flat,Sarria-Sant Gervasi
990,2,2,TRUE,FALSE,84,flat,Ciutat Vella
2650,5,3,TRUE,FALSE,241,flat,Sarria-Sant Gervasi
2450,3,3,TRUE,FALSE,165,flat,Sarria-Sant Gervasi
750,1,1,TRUE,FALSE,60,flat,Sant Andreu
1730,3,2,FALSE,FALSE,120,flat,Sarria-Sant Gervasi
850,1,1,TRUE,TRUE,40,flat,Ciutat Vella
750,2,1,TRUE,FALSE,57,flat,Sants-Montjuic
1490,3,2,TRUE,FALSE,121,flat,Eixample
1050,2,2,TRUE,FALSE,75,flat,Eixample
700,1,1,FALSE,FALSE,40,flat,Sant Martí
1150,3,2,TRUE,FALSE,90,flat,Eixample
1600,4,2,TRUE,FALSE,103,flat,Sarria-Sant Gervasi
765,3,1,FALSE,FALSE,47,flat,Eixample
960,3,1,TRUE,FALSE,76,flat,Sant Andreu
700,3,1,TRUE,FALSE,75,flat,Horta- Guinardo
795,1,1,FALSE,FALSE,45,flat,Sant Martí
850,1,1,TRUE,FALSE,50,flat,Ciutat Vella
1380,4,1,FALSE,FALSE,100,flat,Eixample
700,1,1,FALSE,FALSE,32,flat,Ciutat Vella
775,2,1,TRUE,FALSE,50,flat,Sant Martí
825,2,2,TRUE,FALSE,75,flat,Nou Barris
975,2,1,TRUE,FALSE,64,flat,Gracia
4000,3,2,FALSE,FALSE,100,flat,Sant Martí
925,1,1,TRUE,FALSE,51,flat,Ciutat Vella
940,3,1,TRUE,FALSE,77,flat,Sants-Montjuic
1150,1,1,FALSE,FALSE,60,flat,Ciutat Vella
900,3,1,TRUE,TRUE,65,flat,Sant Martí
860,2,1,TRUE,FALSE,70,flat,Sant Martí
740,2,1,TRUE,TRUE,52,flat,Sant Martí
800,3,1,TRUE,FALSE,61,flat,Sant Martí
850,3,1,FALSE,FALSE,78,flat,Sant Andreu
1000,4,2,TRUE,FALSE,81,flat,Sants-Montjuic
1300,3,2,TRUE,FALSE,104,flat,Sarria-Sant Gervasi
950,2,1,TRUE,FALSE,104,flat,Ciutat Vella
685,1,1,TRUE,FALSE,43,flat,Sants-Montjuic
1400,2,1,FALSE,FALSE,70,flat,Eixample
750,1,1,TRUE,FALSE,50,flat,Les Corts
3900,3,2,FALSE,TRUE,146,flat,Sant Martí
830,3,1,TRUE,FALSE,78,flat,Nou Barris
1000,4,2,TRUE,FALSE,75,flat,Eixample
960,2,1,TRUE,FALSE,96,flat,Ciutat Vella
1100,2,1,TRUE,FALSE,78,flat,Ciutat Vella
2000,3,2,TRUE,FALSE,127,flat,Eixample
675,1,1,TRUE,TRUE,67,flat,Horta- Guinardo
4500,3,2,TRUE,TRUE,85,flat,Eixample
4500,3,2,TRUE,FALSE,105,flat,Eixample
700,2,1,TRUE,FALSE,40,flat,Horta- Guinardo
1250,3,2,TRUE,FALSE,80,flat,Sarria-Sant Gervasi
4500,5,3,TRUE,FALSE,206,flat,Sarria-Sant Gervasi
1200,4,2,TRUE,TRUE,88,flat,Eixample
825,1,1,TRUE,TRUE,43,flat,Eixample
850,2,1,TRUE,FALSE,54,flat,Sants-Montjuic
750,3,1,TRUE,TRUE,60,flat,Nou Barris
887,2,1,TRUE,FALSE,45,flat,Sarria-Sant Gervasi
750,2,1,TRUE,FALSE,45,flat,Gracia
1300,3,2,TRUE,FALSE,109,flat,Sarria-Sant Gervasi
845,2,1,TRUE,FALSE,70,flat,Sant Martí
850,2,1,FALSE,FALSE,80,flat,Sant Andreu
1300,1,1,TRUE,FALSE,55,flat,Ciutat Vella
1100,1,1,TRUE,FALSE,45,flat,Ciutat Vella
1600,2,2,TRUE,TRUE,65,flat,Les Corts
1195,2,1,FALSE,FALSE,55,flat,Eixample
1100,1,1,TRUE,FALSE,55,flat,Ciutat Vella
950,2,2,TRUE,FALSE,65,flat,Sant Martí
1350,4,2,TRUE,TRUE,77,flat,Eixample
990,3,1,TRUE,TRUE,71,flat,Sarria-Sant Gervasi
1200,1,2,FALSE,TRUE,59,flat,Ciutat Vella
1150,3,1,TRUE,FALSE,90,flat,Eixample
2200,2,1,TRUE,FALSE,65,flat,Sarria-Sant Gervasi
1700,3,2,TRUE,TRUE,135,flat,Eixample
850,3,1,TRUE,TRUE,76,flat,Sant Martí
1000,3,2,TRUE,FALSE,94,flat,Eixample
1600,3,3,TRUE,FALSE,79,flat,Ciutat Vella
1100,3,1,TRUE,FALSE,80,flat,Eixample
1200,3,1,FALSE,FALSE,80,flat,Sarria-Sant Gervasi
820,2,1,TRUE,FALSE,60,flat,Gracia
696,3,1,TRUE,FALSE,55,flat,Horta- Guinardo
817,3,1,TRUE,FALSE,70,flat,Horta- Guinardo
1218,3,2,FALSE,FALSE,90,flat,Eixample
1050,3,2,TRUE,FALSE,84,flat,Gracia
2700,3,2,TRUE,TRUE,85,flat,Sarria-Sant Gervasi
800,3,1,TRUE,TRUE,65,flat,Sant Martí
784,3,1,FALSE,FALSE,56,flat,Gracia
748,2,1,TRUE,FALSE,40,flat,Sant Martí
1050,4,1,TRUE,TRUE,113,flat,Les Corts
700,2,2,FALSE,FALSE,50,flat,Eixample
1400,3,3,TRUE,FALSE,113,flat,Eixample
875,3,1,TRUE,FALSE,59,flat,Sants-Montjuic
750,2,1,TRUE,FALSE,49,flat,Horta- Guinardo
890,1,1,TRUE,FALSE,36,flat,Eixample
714,3,1,FALSE,FALSE,59,flat,Horta- Guinardo
925,3,1,FALSE,FALSE,70,flat,Eixample
850,1,1,FALSE,FALSE,39,flat,Eixample
788,3,1,TRUE,FALSE,70,flat,Sants-Montjuic
1015,2,1,FALSE,TRUE,60,flat,Sarria-Sant Gervasi
850,2,1,TRUE,FALSE,65,flat,Horta- Guinardo
1000,1,1,TRUE,FALSE,70,flat,Eixample
850,3,1,FALSE,TRUE,70,flat,Horta- Guinardo
990,2,1,TRUE,TRUE,73,flat,Eixample
790,3,1,FALSE,FALSE,70,flat,Gracia
1700,5,3,FALSE,FALSE,160,flat,Sarria-Sant Gervasi
1700,5,3,TRUE,FALSE,145,flat,Sarria-Sant Gervasi
1080,3,2,FALSE,TRUE,95,flat,Ciutat Vella
885,3,1,TRUE,FALSE,68,flat,Horta- Guinardo
720,3,1,FALSE,FALSE,47,flat,Sants-Montjuic
1600,4,2,TRUE,FALSE,103,flat,Les Corts
900,4,2,FALSE,TRUE,86,flat,Gracia
710,2,1,FALSE,FALSE,42,flat,Horta- Guinardo
600,2,1,FALSE,FALSE,58,flat,Horta- Guinardo
950,3,1,TRUE,FALSE,70,flat,Sant Andreu
1033,1,1,TRUE,FALSE,72,flat,Gracia
775,4,1,FALSE,FALSE,70,flat,Les Corts
1100,1,1,FALSE,FALSE,52,flat,Sarria-Sant Gervasi
1125,2,1,TRUE,FALSE,85,flat,Sarria-Sant Gervasi
1180,2,1,TRUE,FALSE,85,flat,Sarria-Sant Gervasi
1180,3,2,TRUE,FALSE,86,flat,Eixample
950,3,1,TRUE,TRUE,70,flat,Sant Andreu
950,2,1,TRUE,FALSE,80,flat,Sarria-Sant Gervasi
850,2,1,FALSE,FALSE,40,flat,Gracia
972,3,2,TRUE,TRUE,60,flat,Sarria-Sant Gervasi
900,2,1,TRUE,FALSE,53,flat,Sants-Montjuic
925,3,1,TRUE,FALSE,75,flat,Eixample
890,3,1,TRUE,FALSE,79,flat,Sants-Montjuic
975,2,1,TRUE,FALSE,70,flat,Sants-Montjuic
975,2,2,TRUE,FALSE,71,flat,Sants-Montjuic
1100,3,2,TRUE,TRUE,125,flat,Eixample
825,3,1,FALSE,FALSE,75,flat,Nou Barris
695,1,1,TRUE,FALSE,45,flat,Ciutat Vella
980,0,1,TRUE,FALSE,40,flat,Ciutat Vella
805,2,1,FALSE,FALSE,59,flat,Ciutat Vella
700,2,1,FALSE,FALSE,60,flat,Eixample
1200,4,2,TRUE,FALSE,105,flat,Ciutat Vella
1200,4,2,TRUE,FALSE,105,flat,Ciutat Vella
900,3,2,TRUE,FALSE,80,flat,Sant Martí
1050,4,2,TRUE,FALSE,82,flat,Sant Andreu
700,2,1,TRUE,FALSE,45,flat,Eixample
860,3,1,TRUE,FALSE,65,flat,Les Corts
909,3,1,TRUE,FALSE,73,flat,Sant Martí
1100,4,2,TRUE,FALSE,80,flat,Sant Martí
750,1,1,TRUE,FALSE,25,flat,Ciutat Vella
865,1,1,FALSE,TRUE,50,flat,Gracia
990,4,1,FALSE,FALSE,75,flat,Eixample
660,1,1,TRUE,FALSE,39,flat,Gracia
985,4,1,TRUE,FALSE,70,flat,Les Corts
1100,4,1,TRUE,FALSE,82,flat,Eixample
850,2,1,TRUE,TRUE,58,flat,Eixample
850,2,1,TRUE,FALSE,65,flat,Eixample
815,3,1,TRUE,FALSE,68,flat,Sant Martí
980,3,2,FALSE,FALSE,85,flat,Sarria-Sant Gervasi
900,1,1,TRUE,FALSE,35,flat,Ciutat Vella
900,1,1,TRUE,FALSE,37,flat,Ciutat Vella
1100,3,2,FALSE,FALSE,78,flat,Horta- Guinardo
1000,2,1,TRUE,FALSE,76,flat,Eixample
1180,2,2,TRUE,FALSE,59,flat,Eixample
1000,1,2,TRUE,FALSE,90,flat,Ciutat Vella
925,1,1,TRUE,FALSE,45,flat,Eixample
925,1,1,TRUE,FALSE,45,flat,Eixample
890,3,2,TRUE,FALSE,80,flat,Eixample
980,2,1,TRUE,TRUE,86,flat,Sant Martí
975,2,1,TRUE,FALSE,70,flat,Sants-Montjuic
1100,3,1,TRUE,TRUE,73,flat,Sarria-Sant Gervasi
1200,2,2,FALSE,FALSE,80,flat,Eixample
875,1,1,FALSE,FALSE,55,flat,Sarria-Sant Gervasi
1150,3,1,TRUE,FALSE,64,flat,Eixample
1350,2,1,TRUE,FALSE,70,flat,Eixample
1950,2,2,TRUE,FALSE,101,flat,Eixample
916,2,1,TRUE,FALSE,68,flat,Ciutat Vella
900,3,1,FALSE,FALSE,73,flat,Les Corts
1095,1,1,TRUE,FALSE,42,flat,Les Corts
795,3,1,FALSE,FALSE,75,flat,Gracia
800,2,1,TRUE,TRUE,62,flat,Sants-Montjuic
1032,3,2,TRUE,FALSE,76,flat,Sarria-Sant Gervasi
640,2,1,FALSE,FALSE,49,flat,Sarria-Sant Gervasi
1075,2,1,TRUE,FALSE,53,flat,Eixample
900,1,1,TRUE,FALSE,52,flat,Sarria-Sant Gervasi
850,1,1,FALSE,FALSE,51,flat,Sants-Montjuic
2200,3,2,TRUE,FALSE,110,flat,Eixample
850,2,1,TRUE,FALSE,50,flat,Sants-Montjuic
1100,2,2,TRUE,FALSE,83,flat,Eixample
1100,2,1,TRUE,FALSE,90,flat,Ciutat Vella
710,2,1,TRUE,FALSE,41,flat,Gracia
840,3,1,TRUE,FALSE,77,flat,Les Corts
1150,4,2,TRUE,FALSE,91,flat,Les Corts
795,4,1,TRUE,FALSE,61,flat,Eixample
950,2,2,TRUE,FALSE,78,flat,Ciutat Vella
1090,2,2,TRUE,FALSE,54,flat,Sants-Montjuic
778,2,1,TRUE,FALSE,45,flat,Horta- Guinardo
1045,3,2,TRUE,FALSE,55,flat,Eixample
1205,2,1,TRUE,FALSE,59,flat,Eixample
900,4,2,FALSE,FALSE,89,flat,Horta- Guinardo
900,3,1,TRUE,TRUE,93,flat,Les Corts
875,4,2,TRUE,FALSE,70,flat,Eixample
990,3,2,TRUE,FALSE,90,flat,Eixample
1200,3,1,TRUE,TRUE,74,flat,Eixample
825,2,1,FALSE,TRUE,50,flat,Horta- Guinardo
850,2,1,TRUE,FALSE,65,flat,Gracia
950,3,1,TRUE,FALSE,80,flat,Eixample
1100,4,2,TRUE,FALSE,80,flat,Eixample
900,3,1,TRUE,FALSE,75,flat,Les Corts
1200,1,1,FALSE,TRUE,55,flat,Eixample
790,2,1,TRUE,FALSE,45,flat,Gracia
1800,3,2,TRUE,FALSE,135,flat,Eixample
950,3,2,FALSE,FALSE,75,flat,Sant Martí
2198,5,3,TRUE,FALSE,180,flat,Sarria-Sant Gervasi
800,3,1,TRUE,TRUE,55,flat,Horta- Guinardo
950,1,1,TRUE,FALSE,50,flat,Sarria-Sant Gervasi
1250,2,1,FALSE,FALSE,74,flat,Sant Martí
4800,4,4,FALSE,TRUE,200,flat,Sarria-Sant Gervasi
1350,3,2,TRUE,FALSE,85,flat,Sarria-Sant Gervasi
890,4,1,TRUE,FALSE,60,flat,Sants-Montjuic
1100,3,2,FALSE,TRUE,80,flat,Horta- Guinardo
850,3,1,TRUE,FALSE,62,flat,Nou Barris
950,2,1,TRUE,FALSE,62,flat,Eixample
1295,2,2,TRUE,TRUE,80,flat,Sant Martí
975,3,1,TRUE,FALSE,80,flat,Eixample
790,3,1,FALSE,FALSE,76,flat,Ciutat Vella
1110,3,2,TRUE,FALSE,111,flat,Ciutat Vella
1400,4,2,TRUE,FALSE,100,flat,Les Corts
890,3,1,TRUE,FALSE,86,flat,Sant Andreu
1400,3,2,TRUE,FALSE,100,flat,Eixample
850,2,1,FALSE,FALSE,47,flat,Sants-Montjuic
1187,3,2,TRUE,TRUE,80,flat,Eixample
950,4,1,TRUE,FALSE,71,flat,Ciutat Vella
2550,3,2,TRUE,TRUE,170,flat,Eixample
950,3,1,TRUE,TRUE,90,flat,Sarria-Sant Gervasi
1200,4,2,TRUE,FALSE,110,flat,Gracia
850,2,2,TRUE,FALSE,60,flat,Ciutat Vella
1050,1,1,TRUE,FALSE,51,flat,Eixample
1650,2,2,TRUE,TRUE,69,flat,Eixample
1200,2,2,TRUE,FALSE,80,flat,Eixample
1345,1,1,TRUE,FALSE,65,flat,Eixample
1200,1,1,FALSE,FALSE,45,flat,Eixample
1485,2,2,TRUE,FALSE,100,flat,Eixample
950,3,2,TRUE,FALSE,70,flat,Sant Martí
980,2,1,TRUE,FALSE,70,flat,Sarria-Sant Gervasi
850,3,1,FALSE,FALSE,49,flat,Gracia
1150,2,1,TRUE,TRUE,80,flat,Sarria-Sant Gervasi
825,3,1,TRUE,FALSE,64,flat,Sant Andreu
600,2,1,FALSE,FALSE,45,flat,Horta- Guinardo
700,1,1,FALSE,FALSE,31,flat,Sarria-Sant Gervasi
840,2,1,FALSE,FALSE,58,flat,Gracia
1300,3,1,TRUE,FALSE,85,flat,Gracia
770,1,1,TRUE,TRUE,65,flat,Sarria-Sant Gervasi
770,2,1,TRUE,FALSE,59,flat,Sant Andreu
950,3,1,TRUE,TRUE,88,flat,Sant Martí
1000,4,1,TRUE,FALSE,88,flat,Horta- Guinardo
1150,2,1,FALSE,FALSE,53,flat,Eixample
1795,2,2,TRUE,TRUE,120,flat,Eixample
825,1,1,TRUE,FALSE,50,flat,Sant Martí
685,1,1,FALSE,FALSE,48,flat,Ciutat Vella
650,2,1,FALSE,TRUE,55,flat,Horta- Guinardo
1100,3,2,TRUE,FALSE,88,flat,Ciutat Vella
1290,4,2,TRUE,TRUE,110,flat,Eixample
690,2,1,TRUE,TRUE,60,flat,Eixample
650,0,1,FALSE,TRUE,63,flat,Ciutat Vella
1000,4,2,TRUE,FALSE,93,flat,Eixample
850,3,1,TRUE,FALSE,60,flat,Sant Martí
2020,4,2,TRUE,FALSE,126,flat,Sarria-Sant Gervasi
895,3,2,TRUE,FALSE,57,flat,Eixample
890,2,1,TRUE,FALSE,50,flat,Eixample
1350,3,2,FALSE,FALSE,93,flat,Eixample
750,3,1,TRUE,FALSE,78,flat,Sant Andreu
850,3,2,FALSE,FALSE,70,flat,Gracia
895,3,1,FALSE,FALSE,70,flat,Sants-Montjuic
850,1,1,FALSE,FALSE,45,flat,Ciutat Vella
930,3,1,TRUE,TRUE,50,flat,Sants-Montjuic
1600,4,1,TRUE,FALSE,146,flat,Sarria-Sant Gervasi
1075,2,1,TRUE,FALSE,63,flat,Sarria-Sant Gervasi
1150,2,2,TRUE,FALSE,76,flat,Sant Martí
1100,3,2,TRUE,FALSE,90,flat,Ciutat Vella
1250,3,2,TRUE,FALSE,72,flat,Gracia
775,2,1,TRUE,FALSE,56,flat,Sant Martí
900,3,1,TRUE,FALSE,58,flat,Gracia
800,1,1,TRUE,FALSE,55,flat,Ciutat Vella
900,3,1,TRUE,FALSE,68,flat,Sants-Montjuic
7000,10,3,FALSE,FALSE,230,flat,Sarria-Sant Gervasi
800,1,1,FALSE,FALSE,50,flat,Sant Martí
975,1,1,TRUE,FALSE,55,flat,Eixample
2550,4,2,TRUE,TRUE,142,flat,Sarria-Sant Gervasi
1500,4,2,TRUE,FALSE,110,flat,Eixample
1279,4,2,FALSE,FALSE,96,flat,Eixample
890,2,1,TRUE,FALSE,55,flat,Eixample
1100,4,2,TRUE,FALSE,90,flat,Les Corts
790,1,1,TRUE,FALSE,55,flat,Eixample
783,1,1,TRUE,FALSE,60,flat,Sarria-Sant Gervasi
1100,4,2,TRUE,FALSE,100,flat,Eixample
1100,3,1,TRUE,TRUE,86,flat,Sant Martí
1105,2,1,FALSE,FALSE,63,flat,Eixample
900,1,1,TRUE,FALSE,50,flat,Eixample
1390,4,2,TRUE,TRUE,194,flat,Horta- Guinardo
800,2,1,FALSE,FALSE,70,flat,Ciutat Vella
1350,2,1,TRUE,FALSE,60,flat,Gracia
950,1,1,FALSE,FALSE,62,flat,Ciutat Vella
600,1,1,TRUE,FALSE,31,flat,Eixample
1450,4,2,FALSE,FALSE,104,flat,Sant Martí
4000,3,2,TRUE,FALSE,245,flat,Sarria-Sant Gervasi
1350,2,1,FALSE,FALSE,75,flat,Eixample
1200,4,2,TRUE,FALSE,102,flat,Eixample
1100,4,2,TRUE,FALSE,87,flat,Eixample
800,2,1,TRUE,FALSE,50,flat,Sant Martí
1100,2,2,TRUE,FALSE,80,flat,Eixample
1250,3,1,TRUE,FALSE,84,flat,Eixample
1350,5,2,FALSE,FALSE,120,flat,Ciutat Vella
850,3,1,TRUE,TRUE,70,flat,Horta- Guinardo
950,2,2,FALSE,FALSE,87,flat,Ciutat Vella
1380,4,2,TRUE,TRUE,100,flat,Eixample
900,2,2,FALSE,FALSE,69,flat,Eixample
950,1,1,FALSE,FALSE,69,flat,Sarria-Sant Gervasi
850,2,1,FALSE,TRUE,66,flat,Sant Martí
1150,2,1,TRUE,FALSE,58,flat,Eixample
950,3,2,TRUE,FALSE,62,flat,Sarria-Sant Gervasi
1185,2,1,TRUE,FALSE,47,flat,Sant Martí
990,3,1,TRUE,FALSE,70,flat,Gracia
1335,2,1,TRUE,FALSE,55,flat,Sant Martí
750,2,1,FALSE,FALSE,50,flat,Eixample
790,2,1,FALSE,FALSE,67,flat,Eixample
1279,3,2,TRUE,FALSE,105,flat,Eixample
929,2,1,TRUE,TRUE,60,flat,Horta- Guinardo
1700,3,2,TRUE,FALSE,84,flat,Sarria-Sant Gervasi
890,1,1,TRUE,FALSE,55,flat,Sarria-Sant Gervasi
690,1,1,TRUE,FALSE,40,flat,Eixample
1080,1,1,TRUE,FALSE,86,flat,Ciutat Vella
1720,2,1,TRUE,TRUE,95,flat,Eixample
795,2,1,TRUE,FALSE,55,flat,Sants-Montjuic
850,3,1,TRUE,FALSE,75,flat,Sants-Montjuic
795,2,1,TRUE,FALSE,55,flat,Sants-Montjuic
850,3,1,TRUE,FALSE,75,flat,Sants-Montjuic
900,2,1,FALSE,FALSE,65,flat,Ciutat Vella
850,1,1,FALSE,TRUE,100,flat,Ciutat Vella
750,2,1,FALSE,FALSE,46,flat,Ciutat Vella
980,2,1,FALSE,FALSE,57,flat,Sants-Montjuic
750,2,1,FALSE,FALSE,50,flat,Sants-Montjuic
1000,3,1,TRUE,FALSE,79,flat,Eixample
900,4,1,TRUE,FALSE,102,flat,Nou Barris
3000,2,3,TRUE,FALSE,172,flat,Sarria-Sant Gervasi
1350,3,2,TRUE,TRUE,91,flat,Horta- Guinardo
1450,4,2,TRUE,TRUE,100,flat,Eixample
2495,4,2,TRUE,TRUE,175,flat,Eixample
1725,4,2,TRUE,FALSE,129,flat,Horta- Guinardo
1450,4,2,TRUE,FALSE,100,flat,Eixample
850,1,1,TRUE,FALSE,65,flat,Sants-Montjuic
1090,2,1,TRUE,TRUE,69,flat,Sant Martí
980,3,1,FALSE,FALSE,75,flat,Eixample
860,3,1,TRUE,FALSE,78,flat,Sant Martí
900,3,1,FALSE,FALSE,74,flat,Eixample
950,3,2,TRUE,FALSE,83,flat,Nou Barris
850,2,1,FALSE,FALSE,50,flat,Sant Martí
990,2,1,FALSE,FALSE,65,flat,Ciutat Vella
1100,3,1,TRUE,FALSE,93,flat,Sant Martí
970,4,1,TRUE,TRUE,70,flat,Les Corts
1100,3,2,TRUE,FALSE,95,flat,Ciutat Vella
990,2,2,FALSE,FALSE,40,flat,Ciutat Vella
974,3,1,FALSE,FALSE,68,flat,Eixample
1050,2,1,FALSE,FALSE,83,flat,Eixample
650,2,1,FALSE,TRUE,37,flat,Ciutat Vella
990,1,1,FALSE,FALSE,50,flat,Eixample
850,3,1,FALSE,FALSE,60,flat,Sants-Montjuic
3250,4,3,TRUE,TRUE,182,flat,Sarria-Sant Gervasi
2000,4,3,TRUE,FALSE,165,flat,Les Corts
900,3,1,TRUE,FALSE,67,flat,Eixample
880,2,1,FALSE,FALSE,75,flat,Sant Andreu
994,3,1,FALSE,FALSE,56,flat,Eixample
1300,2,2,TRUE,FALSE,78,flat,Les Corts
1000,2,1,FALSE,FALSE,80,flat,Ciutat Vella
1150,2,1,FALSE,FALSE,78,flat,Horta- Guinardo
1150,4,2,TRUE,FALSE,110,flat,Gracia
950,1,1,TRUE,FALSE,70,flat,Eixample
775,2,1,FALSE,FALSE,65,flat,Ciutat Vella
725,0,1,TRUE,FALSE,30,flat,Sant Martí
1000,2,1,FALSE,FALSE,65,flat,Sant Martí
825,3,1,TRUE,FALSE,55,flat,Sant Andreu
1200,2,2,TRUE,FALSE,90,flat,Eixample
700,0,1,FALSE,FALSE,38,flat,Ciutat Vella
1550,2,1,TRUE,FALSE,110,flat,Ciutat Vella
1100,4,2,TRUE,TRUE,101,flat,Eixample
1750,3,2,TRUE,FALSE,133,flat,Sarria-Sant Gervasi
950,3,1,TRUE,FALSE,95,flat,Eixample
890,1,1,FALSE,FALSE,55,flat,Ciutat Vella
1750,3,2,TRUE,FALSE,133,flat,Sarria-Sant Gervasi
1090,4,2,TRUE,FALSE,75,flat,Eixample
790,3,1,FALSE,FALSE,80,flat,Sant Andreu
2900,4,3,TRUE,FALSE,153,flat,Sarria-Sant Gervasi
2000,4,3,TRUE,FALSE,100,flat,Eixample
850,2,1,TRUE,FALSE,86,flat,Gracia
1050,4,2,FALSE,TRUE,115,flat,Ciutat Vella
1030,3,2,TRUE,TRUE,67,flat,Eixample
950,3,1,TRUE,TRUE,60,flat,Eixample
1045,3,2,TRUE,TRUE,67,flat,Eixample
875,3,2,TRUE,FALSE,69,flat,Eixample
750,2,1,FALSE,FALSE,60,flat,Ciutat Vella
860,1,1,TRUE,FALSE,50,flat,Sant Martí
2550,2,2,FALSE,FALSE,123,flat,Ciutat Vella
1200,2,1,FALSE,FALSE,100,flat,Ciutat Vella
1250,3,1,TRUE,FALSE,78,flat,Eixample
1765,1,2,TRUE,FALSE,126,flat,Sant Martí
2000,7,3,FALSE,FALSE,150,flat,Horta- Guinardo
1690,3,2,TRUE,FALSE,110,flat,Sarria-Sant Gervasi
1200,2,1,FALSE,FALSE,100,flat,Ciutat Vella
680,2,1,FALSE,FALSE,65,flat,Ciutat Vella
990,3,2,TRUE,FALSE,74,flat,Eixample
680,2,1,FALSE,FALSE,68,flat,Ciutat Vella
1250,4,2,TRUE,FALSE,95,flat,Nou Barris
832,2,1,TRUE,FALSE,55,flat,Eixample
4750,5,4,TRUE,TRUE,280,flat,Sarria-Sant Gervasi
4750,5,4,TRUE,TRUE,280,flat,Sarria-Sant Gervasi
850,3,1,TRUE,FALSE,60,flat,Sant Andreu
2445,5,1,FALSE,FALSE,160,flat,Eixample
820,2,1,FALSE,FALSE,66,flat,Eixample
725,1,2,FALSE,FALSE,80,flat,Ciutat Vella
800,2,1,FALSE,FALSE,56,flat,Ciutat Vella
1300,2,1,TRUE,TRUE,70,flat,Sant Martí
850,4,1,FALSE,FALSE,60,flat,Sants-Montjuic
1180,3,2,TRUE,TRUE,85,flat,Eixample
950,1,1,TRUE,FALSE,40,flat,Eixample
975,3,1,TRUE,FALSE,60,flat,Eixample
810,1,1,FALSE,FALSE,50,flat,Sants-Montjuic
1050,2,1,FALSE,FALSE,65,flat,Ciutat Vella
800,2,1,TRUE,FALSE,48,flat,Sants-Montjuic
1150,4,2,TRUE,FALSE,88,flat,Sarria-Sant Gervasi
1350,4,2,TRUE,FALSE,113,flat,Sarria-Sant Gervasi
925,3,1,TRUE,FALSE,65,flat,Sarria-Sant Gervasi
850,2,1,TRUE,FALSE,52,flat,Sarria-Sant Gervasi
1150,4,3,TRUE,FALSE,118,flat,Eixample
1500,2,2,TRUE,FALSE,85,flat,Sarria-Sant Gervasi
1750,2,2,TRUE,TRUE,90,flat,Sarria-Sant Gervasi
1550,2,2,TRUE,FALSE,120,flat,Eixample
825,1,1,TRUE,FALSE,45,flat,Eixample
825,1,1,TRUE,FALSE,45,flat,Eixample
1550,2,2,TRUE,FALSE,89,flat,Ciutat Vella
725,1,1,FALSE,FALSE,50,flat,Sant Martí
1065,1,1,TRUE,FALSE,90,flat,Sant Martí
700,3,1,FALSE,FALSE,55,flat,Horta- Guinardo
950,2,1,TRUE,FALSE,70,flat,Gracia
850,2,1,FALSE,FALSE,72,flat,Gracia
810,2,1,TRUE,FALSE,65,flat,Sant Martí
1200,3,2,TRUE,FALSE,71,flat,Sants-Montjuic
1695,4,2,TRUE,FALSE,101,flat,Eixample
650,1,1,FALSE,FALSE,35,flat,Ciutat Vella
1495,3,2,TRUE,FALSE,90,flat,Ciutat Vella
2250,4,2,TRUE,FALSE,165,flat,Eixample
995,2,2,TRUE,FALSE,62,flat,Ciutat Vella
850,2,2,FALSE,FALSE,45,flat,Eixample
1150,2,1,FALSE,FALSE,50,flat,Sarria-Sant Gervasi
1400,3,1,TRUE,FALSE,82,flat,Gracia
1150,1,1,TRUE,FALSE,45,flat,Eixample
1200,2,1,TRUE,FALSE,70,flat,Eixample
1495,3,2,TRUE,FALSE,80,flat,Eixample
1095,1,1,TRUE,FALSE,42,flat,Sants-Montjuic
1195,2,1,FALSE,TRUE,90,flat,Sants-Montjuic
1295,3,2,TRUE,FALSE,104,flat,Eixample
1150,2,4,TRUE,FALSE,75,flat,Les Corts
945,1,1,TRUE,FALSE,52,flat,Eixample
950,2,1,TRUE,FALSE,60,flat,Sants-Montjuic
1350,2,1,TRUE,FALSE,62,flat,Ciutat Vella
1250,2,1,TRUE,FALSE,56,flat,Ciutat Vella
1200,2,2,TRUE,FALSE,75,flat,Sant Martí
1090,2,2,TRUE,FALSE,95,flat,Eixample
1090,2,2,TRUE,FALSE,87,flat,Eixample
900,3,1,TRUE,FALSE,85,flat,Horta- Guinardo
840,2,1,TRUE,FALSE,55,flat,Sant Andreu
940,3,1,TRUE,FALSE,80,flat,Sant Andreu
760,3,1,FALSE,FALSE,50,flat,Sants-Montjuic
1250,4,2,TRUE,FALSE,91,flat,Eixample
750,1,1,FALSE,FALSE,40,flat,Ciutat Vella
700,3,1,FALSE,FALSE,65,flat,Horta- Guinardo
990,1,1,TRUE,FALSE,55,flat,Eixample
650,2,1,FALSE,FALSE,56,flat,Nou Barris
1050,2,1,TRUE,FALSE,55,flat,Gracia
1200,3,1,TRUE,FALSE,70,flat,Eixample
949,3,1,FALSE,FALSE,81,flat,Gracia
890,1,1,FALSE,FALSE,49,flat,Sarria-Sant Gervasi
765,1,1,TRUE,FALSE,50,flat,Sant Martí
1267,4,2,TRUE,FALSE,87,flat,Les Corts
775,1,1,FALSE,FALSE,37,flat,Ciutat Vella
1200,4,1,TRUE,FALSE,69,flat,Eixample
750,1,1,TRUE,FALSE,49,flat,Eixample
827,2,1,TRUE,FALSE,48,flat,Eixample
950,2,1,TRUE,FALSE,62,flat,Eixample
1050,2,1,FALSE,FALSE,70,flat,Sant Martí
1000,3,1,TRUE,FALSE,73,flat,Sant Andreu
879,3,1,FALSE,TRUE,65,flat,Gracia
990,2,1,FALSE,FALSE,90,flat,Ciutat Vella
1100,4,1,FALSE,FALSE,97,flat,Ciutat Vella
1251,2,1,TRUE,FALSE,60,flat,Eixample
1350,2,2,TRUE,FALSE,80,flat,Sarria-Sant Gervasi
900,2,2,TRUE,FALSE,53,flat,Sants-Montjuic
832,1,1,TRUE,FALSE,48,flat,Sant Martí
900,3,2,TRUE,FALSE,63,flat,Gracia
1100,3,2,FALSE,FALSE,83,flat,Sarria-Sant Gervasi
850,1,1,FALSE,FALSE,45,flat,Ciutat Vella
850,2,1,FALSE,FALSE,65,flat,Sant Martí
1000,3,1,TRUE,FALSE,68,flat,Les Corts
1100,2,2,TRUE,TRUE,82,flat,Gracia
1000,1,1,TRUE,FALSE,57,flat,Eixample
800,1,1,FALSE,FALSE,25,flat,Eixample
1490,3,2,TRUE,FALSE,112,flat,Sarria-Sant Gervasi
850,1,1,FALSE,FALSE,25,flat,Ciutat Vella
920,2,1,TRUE,FALSE,71,flat,Nou Barris
800,1,1,FALSE,FALSE,45,flat,Ciutat Vella
950,4,2,TRUE,TRUE,80,flat,Sant Andreu
800,4,2,TRUE,FALSE,91,flat,Sant Martí
1300,1,1,TRUE,FALSE,60,flat,Ciutat Vella
950,4,2,TRUE,FALSE,90,flat,Sant Martí
825,2,1,TRUE,FALSE,65,flat,Eixample
1300,2,2,TRUE,FALSE,60,flat,Gracia
1075,2,1,TRUE,FALSE,60,flat,Sarria-Sant Gervasi
900,3,1,TRUE,FALSE,75,flat,Eixample
625,1,1,TRUE,FALSE,56,flat,Eixample
3000,5,3,TRUE,TRUE,200,flat,Sarria-Sant Gervasi
950,3,1,TRUE,TRUE,76,flat,Sarria-Sant Gervasi
1100,3,2,TRUE,FALSE,75,flat,Eixample
2300,5,2,TRUE,FALSE,113,flat,Sarria-Sant Gervasi
1110,4,2,TRUE,TRUE,83,flat,Les Corts
750,1,1,FALSE,FALSE,60,flat,Ciutat Vella
1399,3,2,TRUE,TRUE,80,flat,Sant Martí
1750,3,2,TRUE,FALSE,114,flat,Eixample
1000,3,1,TRUE,TRUE,86,flat,Eixample
850,4,1,FALSE,FALSE,79,flat,Eixample
795,1,1,TRUE,FALSE,50,flat,Sants-Montjuic
950,2,1,FALSE,FALSE,79,flat,Sants-Montjuic
1150,2,1,FALSE,FALSE,72,flat,Gracia
2650,2,2,TRUE,TRUE,120,flat,Eixample
1136,2,1,TRUE,FALSE,58,flat,Eixample
850,3,1,FALSE,FALSE,66,flat,Nou Barris
1200,3,2,TRUE,FALSE,73,flat,Sant Martí
663,3,1,FALSE,FALSE,48,flat,Nou Barris
1000,3,1,TRUE,FALSE,100,flat,Sants-Montjuic
1570,3,2,TRUE,TRUE,108,flat,Sarria-Sant Gervasi
990,3,2,TRUE,FALSE,90,flat,Gracia
650,2,1,TRUE,FALSE,55,flat,Horta- Guinardo
825,1,1,TRUE,FALSE,45,flat,Eixample
1100,1,1,TRUE,FALSE,66,flat,Eixample
1000,4,1,TRUE,FALSE,73,flat,Eixample
1000,3,1,TRUE,FALSE,70,flat,Sants-Montjuic
1300,3,1,FALSE,FALSE,67,flat,Eixample
1125,3,1,TRUE,FALSE,64,flat,Eixample
1150,4,2,TRUE,TRUE,97,flat,Sarria-Sant Gervasi
1300,2,1,TRUE,FALSE,55,flat,Eixample
1175,4,2,TRUE,FALSE,88,flat,Eixample
740,1,1,TRUE,FALSE,41,flat,Eixample
1200,3,1,FALSE,FALSE,84,flat,Gracia
1200,2,1,TRUE,FALSE,70,flat,Sant Martí
1000,3,1,TRUE,FALSE,65,flat,Les Corts
1200,2,2,TRUE,FALSE,86,flat,Sarria-Sant Gervasi
1225,3,2,TRUE,FALSE,82,flat,Sants-Montjuic
1190,4,2,TRUE,TRUE,83,flat,Sants-Montjuic
575,2,1,FALSE,FALSE,47,flat,Sant Martí
1000,3,1,FALSE,FALSE,65,flat,Gracia
1400,2,1,TRUE,FALSE,80,flat,Sarria-Sant Gervasi
750,3,1,TRUE,TRUE,55,flat,Sants-Montjuic
1400,3,1,TRUE,FALSE,103,flat,Eixample
900,3,1,TRUE,FALSE,70,flat,Sants-Montjuic
1080,3,1,FALSE,FALSE,83,flat,Sarria-Sant Gervasi
2200,2,1,TRUE,FALSE,65,flat,Sarria-Sant Gervasi
850,3,2,TRUE,FALSE,65,flat,Sant Andreu
900,2,1,TRUE,FALSE,68,flat,Eixample
900,4,1,TRUE,FALSE,85,flat,Les Corts
750,2,1,TRUE,FALSE,45,flat,Gracia
950,2,1,TRUE,TRUE,66,flat,Sarria-Sant Gervasi
1100,3,2,TRUE,FALSE,80,flat,Sants-Montjuic
1250,3,1,TRUE,TRUE,95,flat,Eixample
950,2,1,TRUE,FALSE,64,flat,Sarria-Sant Gervasi
900,1,1,TRUE,FALSE,60,flat,Eixample
800,1,1,FALSE,FALSE,60,flat,Les Corts
900,3,1,TRUE,FALSE,80,flat,Les Corts
750,1,1,FALSE,FALSE,33,flat,Ciutat Vella
650,2,1,FALSE,FALSE,50,flat,Ciutat Vella
930,2,1,TRUE,FALSE,67,flat,Gracia
950,1,1,FALSE,FALSE,48,flat,Eixample
950,3,1,FALSE,FALSE,72,flat,Ciutat Vella
1250,3,2,TRUE,FALSE,70,flat,Gracia
1250,3,2,TRUE,FALSE,91,flat,Eixample
1200,2,1,TRUE,FALSE,80,flat,Sants-Montjuic
1050,2,2,TRUE,FALSE,87,flat,Les Corts
1050,3,2,TRUE,FALSE,83,flat,Les Corts
720,1,1,FALSE,FALSE,35,flat,Ciutat Vella
650,1,1,FALSE,FALSE,35,flat,Ciutat Vella
1950,4,2,FALSE,FALSE,125,flat,Sarria-Sant Gervasi
900,3,1,FALSE,FALSE,74,flat,Sant Martí
850,1,1,FALSE,FALSE,35,flat,Ciutat Vella
1225,2,1,TRUE,FALSE,70,flat,Gracia
775,1,1,TRUE,FALSE,45,flat,Eixample
780,2,1,TRUE,FALSE,65,flat,Sant Martí
859,0,1,TRUE,FALSE,58,flat,Eixample
620,2,1,FALSE,FALSE,42,flat,Nou Barris
950,4,1,TRUE,FALSE,84,flat,Eixample
900,2,1,TRUE,FALSE,36,flat,Eixample
850,3,1,FALSE,FALSE,74,flat,Eixample
1375,4,2,TRUE,TRUE,139,flat,Eixample
990,3,1,TRUE,FALSE,75,flat,Eixample
695,2,1,FALSE,FALSE,42,flat,Ciutat Vella
900,3,2,TRUE,FALSE,77,flat,Eixample
1400,5,2,TRUE,FALSE,120,flat,Eixample
950,3,1,TRUE,TRUE,79,flat,Horta- Guinardo
800,1,1,TRUE,TRUE,42,flat,Eixample
935,1,1,TRUE,TRUE,35,flat,Gracia
850,1,1,TRUE,FALSE,42,flat,Eixample
895,1,1,TRUE,FALSE,41,flat,Gracia
1095,2,1,TRUE,FALSE,49,flat,Sants-Montjuic
950,1,1,TRUE,FALSE,60,flat,Eixample
895,1,1,FALSE,FALSE,55,flat,Les Corts
1250,3,2,TRUE,FALSE,95,flat,Eixample
900,1,1,TRUE,TRUE,55,flat,Sarria-Sant Gervasi
890,2,1,TRUE,FALSE,63,flat,Sants-Montjuic
1150,2,1,TRUE,FALSE,80,flat,Ciutat Vella
975,1,1,TRUE,FALSE,50,flat,Eixample
1495,3,2,TRUE,FALSE,90,flat,Ciutat Vella
800,1,1,TRUE,TRUE,45,flat,Ciutat Vella
750,3,1,TRUE,FALSE,70,flat,Gracia
760,2,1,FALSE,FALSE,63,flat,Ciutat Vella
960,4,2,TRUE,TRUE,78,flat,Gracia
900,3,2,TRUE,TRUE,77,flat,Gracia
900,1,2,TRUE,FALSE,40,flat,Ciutat Vella
700,1,1,FALSE,FALSE,35,flat,Ciutat Vella
1550,4,2,FALSE,FALSE,122,flat,Eixample
1251,3,1,TRUE,FALSE,90,flat,Sarria-Sant Gervasi
1285,1,1,TRUE,TRUE,75,flat,Les Corts
550,0,1,FALSE,FALSE,45,flat,Gracia
1104,2,2,TRUE,FALSE,60,flat,Eixample
1050,3,1,TRUE,FALSE,70,flat,Ciutat Vella
750,1,1,FALSE,FALSE,30,flat,Ciutat Vella
750,1,1,TRUE,FALSE,42,flat,Ciutat Vella
1100,2,2,TRUE,FALSE,55,flat,Sants-Montjuic
650,1,1,FALSE,FALSE,35,flat,Les Corts
1200,3,2,TRUE,FALSE,85,flat,Gracia
1248,3,2,TRUE,FALSE,90,flat,Eixample
1161,2,2,FALSE,FALSE,65,flat,Eixample
1306,3,1,TRUE,FALSE,90,flat,Sarria-Sant Gervasi
1590,4,2,TRUE,FALSE,180,flat,Eixample
825,3,1,TRUE,FALSE,68,flat,Sant Andreu
1850,4,2,TRUE,FALSE,175,flat,Eixample
1300,4,2,TRUE,FALSE,100,flat,Les Corts
850,1,1,TRUE,FALSE,62,flat,Sarria-Sant Gervasi
900,2,1,TRUE,FALSE,60,flat,Eixample
1750,2,1,FALSE,TRUE,92,flat,Ciutat Vella
980,2,1,TRUE,FALSE,52,flat,Sarria-Sant Gervasi
2450,3,2,TRUE,FALSE,140,flat,Les Corts
1110,2,2,TRUE,FALSE,58,flat,Eixample
1150,3,1,TRUE,FALSE,70,flat,Sarria-Sant Gervasi
1000,3,1,TRUE,FALSE,76,flat,Eixample
980,3,1,TRUE,FALSE,78,flat,Les Corts
1290,3,1,TRUE,TRUE,58,flat,Eixample
3200,3,2,TRUE,FALSE,122,flat,Sarria-Sant Gervasi
2300,4,3,TRUE,FALSE,160,flat,Sarria-Sant Gervasi
5000,5,5,TRUE,FALSE,250,flat,Sarria-Sant Gervasi
2550,5,4,TRUE,FALSE,166,flat,Les Corts
2300,5,3,TRUE,FALSE,135,flat,Sarria-Sant Gervasi
3100,4,3,TRUE,FALSE,197,flat,Sarria-Sant Gervasi
970,3,1,TRUE,FALSE,90,flat,Sarria-Sant Gervasi
3990,4,3,TRUE,FALSE,262,flat,Sarria-Sant Gervasi
750,1,1,TRUE,FALSE,40,flat,Gracia
2500,4,3,TRUE,FALSE,134,flat,Sarria-Sant Gervasi
3000,4,3,TRUE,FALSE,140,flat,Les Corts
990,3,1,FALSE,FALSE,100,flat,Eixample
2500,4,3,TRUE,FALSE,190,flat,Sarria-Sant Gervasi
5000,5,4,TRUE,TRUE,285,flat,Sarria-Sant Gervasi
750,2,1,TRUE,FALSE,65,flat,Sants-Montjuic
800,2,2,TRUE,FALSE,65,flat,Sants-Montjuic
800,1,1,TRUE,TRUE,45,flat,Sants-Montjuic
950,2,1,TRUE,FALSE,104,flat,Eixample
990,2,1,TRUE,FALSE,54,flat,Sant Martí
1100,2,2,TRUE,FALSE,62,flat,Sant Martí
1260,4,2,TRUE,FALSE,105,flat,Eixample
775,2,1,TRUE,FALSE,65,flat,Les Corts
1150,3,2,TRUE,TRUE,90,flat,Eixample
875,3,1,TRUE,FALSE,62,flat,Les Corts
5000,2,4,FALSE,FALSE,213,flat,Eixample
1200,4,2,TRUE,TRUE,83,flat,Sants-Montjuic
700,2,1,FALSE,FALSE,50,flat,Ciutat Vella
700,2,1,FALSE,FALSE,80,flat,Gracia
1150,4,2,FALSE,TRUE,115,flat,Sants-Montjuic
700,1,1,FALSE,FALSE,34,flat,Sants-Montjuic
900,3,1,TRUE,FALSE,80,flat,Eixample
900,1,1,FALSE,FALSE,55,flat,Sarria-Sant Gervasi
1100,2,2,TRUE,FALSE,100,flat,Sarria-Sant Gervasi
1600,3,2,TRUE,FALSE,104,flat,Sarria-Sant Gervasi
1250,3,1,FALSE,FALSE,84,flat,Ciutat Vella
1150,3,2,TRUE,FALSE,61,flat,Ciutat Vella
875,1,1,FALSE,FALSE,40,flat,Ciutat Vella
800,1,1,FALSE,FALSE,40,flat,Ciutat Vella
825,1,1,FALSE,FALSE,40,flat,Ciutat Vella
1201,1,1,TRUE,FALSE,51,flat,Eixample
1054,1,1,TRUE,FALSE,51,flat,Eixample
799,1,1,TRUE,FALSE,50,flat,Sant Martí
1100,2,1,TRUE,TRUE,96,flat,Sant Martí
999,2,1,TRUE,TRUE,53,flat,Sant Martí
1100,1,1,FALSE,TRUE,55,flat,Gracia
1100,4,1,TRUE,FALSE,85,flat,Eixample
1280,3,1,TRUE,FALSE,68,flat,Sant Martí
1099,2,1,TRUE,TRUE,79,flat,Eixample
1250,4,2,TRUE,FALSE,97,flat,Eixample
1000,3,1,TRUE,TRUE,75,flat,Eixample
800,1,1,TRUE,FALSE,45,flat,Sarria-Sant Gervasi
900,2,1,FALSE,TRUE,65,flat,Sarria-Sant Gervasi
780,1,1,TRUE,FALSE,50,flat,Les Corts
1100,2,1,TRUE,FALSE,75,flat,Gracia
800,2,1,FALSE,FALSE,65,flat,Horta- Guinardo
850,1,1,FALSE,FALSE,68,flat,Sarria-Sant Gervasi
1050,4,2,TRUE,TRUE,87,flat,Sants-Montjuic
950,1,1,TRUE,FALSE,40,flat,Ciutat Vella
700,1,1,FALSE,FALSE,50,flat,Ciutat Vella
940,2,1,TRUE,FALSE,61,flat,Ciutat Vella
1050,2,1,FALSE,FALSE,55,flat,Les Corts
1364,3,1,FALSE,FALSE,135,flat,Ciutat Vella
1220,4,1,TRUE,FALSE,78,flat,Sarria-Sant Gervasi
950,3,1,TRUE,TRUE,70,flat,Eixample
1050,2,1,FALSE,FALSE,55,flat,Les Corts
1180,4,2,TRUE,FALSE,95,flat,Sarria-Sant Gervasi
1100,3,2,TRUE,FALSE,81,flat,Sarria-Sant Gervasi
1200,4,1,TRUE,FALSE,85,flat,Gracia
1050,3,1,TRUE,FALSE,103,flat,Eixample
1150,3,1,TRUE,FALSE,80,flat,Eixample
725,0,1,FALSE,FALSE,47,flat,Ciutat Vella
2300,3,2,FALSE,FALSE,150,flat,Eixample
1000,3,1,FALSE,FALSE,82,flat,Sants-Montjuic
750,3,1,FALSE,FALSE,55,flat,Sant Martí
1400,2,2,FALSE,FALSE,120,flat,Ciutat Vella
1900,5,3,TRUE,TRUE,180,flat,Sarria-Sant Gervasi
1600,2,1,FALSE,FALSE,66,flat,Eixample
1250,5,2,TRUE,FALSE,112,flat,Ciutat Vella
1200,2,2,TRUE,TRUE,70,flat,Les Corts
1300,4,2,TRUE,FALSE,129,flat,Eixample
5000,3,3,TRUE,TRUE,180,flat,Eixample
900,2,1,TRUE,FALSE,70,flat,Eixample
1000,3,1,TRUE,FALSE,96,flat,Sants-Montjuic
750,2,1,TRUE,FALSE,55,flat,Sant Martí
690,1,1,TRUE,FALSE,45,flat,Gracia
950,2,1,TRUE,FALSE,70,flat,Eixample
800,3,1,TRUE,FALSE,73,flat,Sant Martí
1000,3,1,TRUE,FALSE,63,flat,Sarria-Sant Gervasi
1300,3,2,TRUE,FALSE,104,flat,Sarria-Sant Gervasi
4500,4,3,TRUE,FALSE,150,flat,Sarria-Sant Gervasi
1500,4,2,FALSE,FALSE,91,flat,Eixample
950,2,1,FALSE,FALSE,77,flat,Eixample
1100,3,2,TRUE,FALSE,80,flat,Eixample
2000,4,2,TRUE,TRUE,154,flat,Eixample
790,0,1,TRUE,FALSE,74,flat,Sants-Montjuic
900,1,1,FALSE,FALSE,59,flat,Ciutat Vella
1100,2,1,TRUE,FALSE,57,flat,Eixample
900,2,1,FALSE,FALSE,50,flat,Eixample
950,2,1,TRUE,TRUE,60,flat,Eixample
1400,4,1,FALSE,FALSE,60,flat,Eixample
1350,3,2,TRUE,FALSE,85,flat,Sarria-Sant Gervasi
1950,4,2,FALSE,FALSE,180,flat,Les Corts
900,3,1,TRUE,TRUE,53,flat,Sarria-Sant Gervasi
1200,3,2,TRUE,FALSE,102,flat,Eixample
1200,1,1,FALSE,TRUE,55,flat,Sant Andreu
2600,5,5,TRUE,TRUE,260,flat,Eixample
1400,2,1,FALSE,FALSE,70,flat,Eixample
680,2,1,TRUE,FALSE,50,flat,Sant Andreu
640,1,1,FALSE,TRUE,35,flat,Gracia
749,3,1,TRUE,FALSE,55,flat,Sant Martí
750,1,1,TRUE,FALSE,40,flat,Sarria-Sant Gervasi
2400,3,1,TRUE,FALSE,85,flat,Sarria-Sant Gervasi
1256,4,2,TRUE,TRUE,94,flat,Gracia
1200,4,2,TRUE,FALSE,76,flat,Eixample
800,1,1,FALSE,FALSE,52,flat,Ciutat Vella
1000,2,1,TRUE,FALSE,68,flat,Eixample
5000,5,4,TRUE,FALSE,235,flat,Sarria-Sant Gervasi
820,3,1,TRUE,FALSE,65,flat,Sant Martí
750,1,1,TRUE,FALSE,48,flat,Eixample
700,3,1,FALSE,FALSE,64,flat,Horta- Guinardo
800,3,1,FALSE,FALSE,73,flat,Horta- Guinardo
1250,4,2,TRUE,FALSE,116,flat,Eixample
1175,4,2,TRUE,TRUE,118,flat,Eixample
990,2,1,TRUE,TRUE,64,flat,Sant Martí
690,1,1,TRUE,FALSE,60,flat,Horta- Guinardo
1240,3,2,TRUE,FALSE,92,flat,Eixample
3200,4,3,TRUE,TRUE,250,flat,Les Corts
1650,2,1,FALSE,FALSE,80,flat,Sarria-Sant Gervasi
1100,3,2,TRUE,FALSE,90,flat,Sant Andreu
850,3,1,TRUE,TRUE,54,flat,Nou Barris
800,2,1,TRUE,FALSE,69,flat,Sant Martí
736,2,1,FALSE,TRUE,67,flat,Nou Barris
850,2,1,FALSE,FALSE,56,flat,Horta- Guinardo
850,1,1,TRUE,FALSE,44,flat,Eixample
720,3,1,TRUE,FALSE,60,flat,Gracia
3250,4,3,TRUE,FALSE,247,flat,Sarria-Sant Gervasi
1000,4,2,TRUE,TRUE,107,flat,Sant Martí
1350,2,2,TRUE,FALSE,110,flat,Sarria-Sant Gervasi
1100,2,1,TRUE,FALSE,92,flat,Sarria-Sant Gervasi
710,3,1,FALSE,FALSE,58,flat,Horta- Guinardo
522,1,1,TRUE,FALSE,38,flat,Horta- Guinardo
1450,3,2,TRUE,TRUE,99,flat,Sant Martí
1100,3,2,TRUE,FALSE,83,flat,Eixample
1028,2,2,TRUE,FALSE,76,flat,Ciutat Vella
788,2,2,TRUE,FALSE,72,flat,Gracia
750,1,1,TRUE,FALSE,43,flat,Sarria-Sant Gervasi
930,4,2,TRUE,FALSE,90,flat,Les Corts
845,2,1,FALSE,FALSE,55,flat,Eixample
765,2,1,TRUE,FALSE,65,flat,Sants-Montjuic
800,1,1,TRUE,FALSE,45,flat,Eixample
995,1,1,FALSE,FALSE,40,flat,Ciutat Vella
1000,2,2,TRUE,FALSE,70,flat,Ciutat Vella
995,1,1,FALSE,FALSE,40,flat,Ciutat Vella
1145,2,1,TRUE,FALSE,65,flat,Eixample
1150,2,2,FALSE,FALSE,78,flat,Sants-Montjuic
1000,2,1,TRUE,FALSE,64,flat,Eixample
895,4,1,FALSE,FALSE,76,flat,Sant Martí
800,2,1,TRUE,TRUE,60,flat,Sants-Montjuic
800,2,1,TRUE,FALSE,64,flat,Eixample
875,1,1,FALSE,TRUE,54,flat,Sarria-Sant Gervasi
1100,3,2,TRUE,TRUE,86,flat,Les Corts
800,3,1,TRUE,FALSE,54,flat,Sants-Montjuic
1090,3,1,TRUE,FALSE,92,flat,Sant Martí
950,3,1,FALSE,FALSE,53,flat,Gracia
800,2,2,TRUE,FALSE,52,flat,Sarria-Sant Gervasi
1140,1,1,TRUE,FALSE,45,flat,Ciutat Vella
15000,4,3,TRUE,TRUE,450,flat,Sarria-Sant Gervasi
6000,0,1,FALSE,FALSE,290,flat,Ciutat Vella
2500,3,2,TRUE,FALSE,179,flat,Eixample
1400,3,1,TRUE,TRUE,68,flat,Eixample
2200,3,3,TRUE,FALSE,141,flat,Eixample
800,3,1,FALSE,FALSE,66,flat,Sant Andreu
1100,2,1,TRUE,FALSE,95,flat,Eixample
1050,4,1,TRUE,FALSE,95,flat,Gracia
3500,5,4,TRUE,TRUE,220,flat,Sarria-Sant Gervasi
1050,3,2,TRUE,FALSE,125,flat,Eixample
1200,3,2,TRUE,FALSE,90,flat,Eixample
1100,4,2,TRUE,FALSE,98,flat,Les Corts
850,3,1,FALSE,FALSE,80,flat,Eixample
1500,4,2,TRUE,FALSE,183,flat,Gracia
1250,5,3,TRUE,FALSE,141,flat,Eixample
1069,4,2,TRUE,FALSE,105,flat,Eixample
780,3,1,TRUE,TRUE,61,flat,Sant Martí
825,2,2,TRUE,FALSE,75,flat,Gracia
790,2,1,FALSE,FALSE,84,flat,Sant Martí
725,1,1,FALSE,FALSE,45,flat,Sant Martí
700,1,1,TRUE,FALSE,40,flat,Gracia
575,2,1,FALSE,FALSE,60,flat,Horta- Guinardo
1040,3,2,TRUE,FALSE,80,flat,Gracia
1470,3,2,TRUE,FALSE,102,flat,Gracia
750,3,1,FALSE,FALSE,44,flat,Gracia
875,2,1,TRUE,FALSE,51,flat,Horta- Guinardo
935,2,2,TRUE,FALSE,67,flat,Sant Andreu
725,2,1,FALSE,FALSE,70,flat,Sants-Montjuic
620,1,1,TRUE,FALSE,41,flat,Eixample
825,3,1,FALSE,FALSE,68,flat,Sant Andreu
875,2,1,TRUE,FALSE,79,flat,Eixample
1000,2,1,TRUE,FALSE,70,flat,Sarria-Sant Gervasi
825,1,1,TRUE,FALSE,45,flat,Eixample
1100,3,1,TRUE,FALSE,83,flat,Eixample
1350,1,1,FALSE,TRUE,38,flat,Ciutat Vella
1395,3,4,TRUE,FALSE,90,flat,Sarria-Sant Gervasi
895,2,2,TRUE,FALSE,56,flat,Ciutat Vella
995,1,1,TRUE,FALSE,40,flat,Eixample
950,2,1,TRUE,FALSE,55,flat,Sarria-Sant Gervasi
1095,1,1,FALSE,TRUE,70,flat,Gracia
1050,4,2,TRUE,FALSE,118,flat,Sant Andreu
1300,2,2,TRUE,FALSE,120,flat,Sarria-Sant Gervasi
800,2,1,TRUE,FALSE,63,flat,Eixample
990,1,1,TRUE,TRUE,57,flat,Sarria-Sant Gervasi
1300,3,2,TRUE,FALSE,120,flat,Ciutat Vella
775,2,1,TRUE,TRUE,51,flat,Sarria-Sant Gervasi
995,3,2,TRUE,FALSE,70,flat,Les Corts
738,3,1,TRUE,FALSE,69,flat,Nou Barris
599,0,1,FALSE,FALSE,50,flat,Ciutat Vella
1000,4,1,TRUE,FALSE,90,flat,Gracia
775,2,1,FALSE,FALSE,57,flat,Horta- Guinardo
1190,3,1,TRUE,FALSE,70,flat,Les Corts
750,1,1,FALSE,FALSE,47,flat,Sants-Montjuic
1100,2,1,TRUE,FALSE,53,flat,Eixample
900,1,1,TRUE,FALSE,67,flat,Les Corts
1360,5,2,TRUE,FALSE,118,flat,Eixample
920,2,1,TRUE,FALSE,45,flat,Sants-Montjuic
1600,3,2,TRUE,FALSE,133,flat,Eixample
1100,3,2,TRUE,FALSE,87,flat,Les Corts
950,3,1,TRUE,TRUE,88,flat,Sarria-Sant Gervasi
1300,2,1,TRUE,TRUE,80,flat,Sarria-Sant Gervasi
800,1,1,TRUE,FALSE,40,flat,Ciutat Vella
900,1,1,TRUE,FALSE,64,flat,Ciutat Vella
850,4,2,TRUE,TRUE,90,flat,Gracia
800,1,1,TRUE,FALSE,55,flat,Sant Martí
800,1,1,TRUE,FALSE,50,flat,Gracia
1100,3,1,TRUE,FALSE,70,flat,Eixample
1280,2,2,FALSE,FALSE,116,flat,Ciutat Vella
1500,2,2,TRUE,FALSE,75,flat,Sarria-Sant Gervasi
700,2,1,FALSE,FALSE,45,flat,Eixample
1180,3,2,TRUE,FALSE,80,flat,Gracia
825,3,1,TRUE,FALSE,68,flat,Sant Andreu
600,1,1,FALSE,FALSE,36,flat,Ciutat Vella
900,3,1,TRUE,FALSE,70,flat,Eixample
850,2,1,TRUE,FALSE,57,flat,Eixample
800,2,1,TRUE,FALSE,62,flat,Sants-Montjuic
700,2,1,FALSE,FALSE,49,flat,Eixample
920,2,1,TRUE,FALSE,68,flat,Gracia
1100,2,1,TRUE,FALSE,55,flat,Gracia
750,2,2,TRUE,FALSE,45,flat,Eixample
1550,4,2,TRUE,TRUE,130,flat,Eixample
640,1,1,TRUE,FALSE,25,flat,Sants-Montjuic
1100,2,2,FALSE,FALSE,96,flat,Ciutat Vella
2200,3,2,TRUE,TRUE,167,flat,Sarria-Sant Gervasi
750,2,1,TRUE,FALSE,50,flat,Sarria-Sant Gervasi
1150,2,1,FALSE,TRUE,82,flat,Sarria-Sant Gervasi
950,3,1,TRUE,TRUE,100,flat,Sant Andreu
965,2,1,TRUE,FALSE,52,flat,Sarria-Sant Gervasi
730,1,1,FALSE,FALSE,45,flat,Horta- Guinardo
750,2,1,FALSE,FALSE,45,flat,Horta- Guinardo
2300,3,2,TRUE,FALSE,205,flat,Sarria-Sant Gervasi
1690,4,2,FALSE,FALSE,128,flat,Sarria-Sant Gervasi
900,4,1,TRUE,FALSE,91,flat,Eixample
975,4,2,TRUE,FALSE,100,flat,Horta- Guinardo
950,3,2,TRUE,TRUE,100,flat,Sant Andreu
2500,5,3,TRUE,FALSE,191,flat,Sarria-Sant Gervasi
900,2,1,TRUE,FALSE,59,flat,Horta- Guinardo
800,2,1,TRUE,FALSE,53,flat,Eixample
860,4,1,TRUE,FALSE,75,flat,Sant Martí
2000,0,4,TRUE,TRUE,80,flat,Gracia
2575,3,2,TRUE,TRUE,156,flat,Eixample
1200,2,1,FALSE,FALSE,100,flat,Ciutat Vella
1390,4,2,TRUE,FALSE,92,flat,Sarria-Sant Gervasi
2000,4,4,TRUE,FALSE,100,flat,Eixample
1290,3,1,TRUE,FALSE,92,flat,Sarria-Sant Gervasi
850,4,2,TRUE,TRUE,95,flat,Sant Andreu
1177,4,2,TRUE,TRUE,70,flat,Eixample
1150,0,1,FALSE,FALSE,91,flat,Sarria-Sant Gervasi
953,3,1,TRUE,FALSE,57,flat,Gracia
1500,4,3,TRUE,FALSE,135,flat,Sarria-Sant Gervasi
1250,2,2,FALSE,FALSE,105,flat,Eixample
900,2,2,FALSE,FALSE,75,flat,Eixample
1900,4,2,FALSE,TRUE,150,flat,Les Corts
950,2,1,TRUE,FALSE,77,flat,Eixample
680,2,1,FALSE,FALSE,50,flat,Nou Barris
950,3,1,TRUE,FALSE,70,flat,Eixample
1025,2,1,TRUE,FALSE,50,flat,Eixample
1100,2,1,TRUE,FALSE,61,flat,Eixample
1300,2,2,TRUE,FALSE,65,flat,Gracia
3200,9,3,TRUE,FALSE,312,flat,Eixample
1600,3,2,TRUE,TRUE,110,flat,Sarria-Sant Gervasi
740,2,1,TRUE,FALSE,44,flat,Sants-Montjuic
1000,2,1,TRUE,FALSE,65,flat,Eixample
1295,4,2,TRUE,FALSE,82,flat,Eixample
950,2,1,TRUE,TRUE,66,flat,Sarria-Sant Gervasi
1600,4,2,TRUE,FALSE,140,flat,Eixample
975,3,2,TRUE,FALSE,85,flat,Sants-Montjuic
1300,4,2,FALSE,FALSE,110,flat,Sants-Montjuic
4500,3,2,TRUE,FALSE,105,flat,Eixample
850,3,1,TRUE,FALSE,64,flat,Nou Barris
850,3,1,FALSE,FALSE,70,flat,Sant Andreu
1050,2,1,TRUE,FALSE,55,flat,Les Corts
950,3,1,TRUE,FALSE,74,flat,Sants-Montjuic
900,2,1,FALSE,FALSE,74,flat,Sants-Montjuic
1200,3,2,TRUE,TRUE,109,flat,Horta- Guinardo
974,2,1,FALSE,FALSE,80,flat,Sant Martí
700,1,1,TRUE,FALSE,50,flat,Eixample
675,1,1,FALSE,FALSE,39,flat,Ciutat Vella
6000,3,2,FALSE,FALSE,160,flat,Gracia
1150,4,2,TRUE,FALSE,125,flat,Eixample
2100,4,3,FALSE,FALSE,162,flat,Sarria-Sant Gervasi
1700,3,2,TRUE,FALSE,120,flat,Sarria-Sant Gervasi
950,3,1,TRUE,FALSE,73,flat,Eixample
850,2,1,TRUE,FALSE,55,flat,Les Corts
800,2,1,TRUE,TRUE,76,flat,Nou Barris
950,2,2,FALSE,FALSE,50,flat,Ciutat Vella
2100,2,2,FALSE,FALSE,100,flat,Eixample
950,3,1,TRUE,FALSE,56,flat,Gracia
825,2,1,FALSE,FALSE,41,flat,Ciutat Vella
650,1,1,FALSE,FALSE,30,flat,Ciutat Vella
575,1,1,FALSE,FALSE,30,flat,Horta- Guinardo
750,2,1,TRUE,FALSE,51,flat,Les Corts
650,2,1,FALSE,FALSE,63,flat,Sant Martí
1495,3,2,TRUE,TRUE,132,flat,Sarria-Sant Gervasi
775,2,1,TRUE,FALSE,60,flat,Sants-Montjuic
750,2,1,FALSE,FALSE,60,flat,Sants-Montjuic
1175,2,1,FALSE,TRUE,75,flat,Gracia
800,2,1,TRUE,FALSE,75,flat,Eixample
2200,4,3,TRUE,FALSE,130,flat,Sarria-Sant Gervasi
790,2,1,FALSE,FALSE,60,flat,Ciutat Vella
6000,4,3,TRUE,FALSE,214,flat,Eixample
650,1,1,FALSE,FALSE,40,flat,Ciutat Vella
950,2,1,FALSE,FALSE,70,flat,Eixample
1695,2,2,TRUE,FALSE,75,flat,Sarria-Sant Gervasi
1350,2,1,TRUE,TRUE,81,flat,Les Corts
990,2,3,TRUE,FALSE,70,flat,Eixample
850,4,2,TRUE,FALSE,100,flat,Sant Martí
875,2,1,TRUE,FALSE,72,flat,Sant Andreu
1168,3,1,TRUE,FALSE,75,flat,Eixample
1100,2,1,TRUE,FALSE,70,flat,Eixample
850,3,1,TRUE,FALSE,75,flat,Sant Andreu
750,1,2,FALSE,FALSE,60,flat,Ciutat Vella
860,3,1,TRUE,FALSE,69,flat,Gracia
1500,2,1,TRUE,FALSE,60,flat,Sarria-Sant Gervasi
875,1,1,FALSE,TRUE,50,flat,Ciutat Vella
800,2,1,TRUE,FALSE,79,flat,Sarria-Sant Gervasi
900,2,1,TRUE,FALSE,55,flat,Eixample
750,2,1,TRUE,FALSE,54,flat,Ciutat Vella
2600,5,2,TRUE,FALSE,180,flat,Eixample
1190,3,2,TRUE,FALSE,75,flat,Sarria-Sant Gervasi
1390,2,2,TRUE,FALSE,105,flat,Sarria-Sant Gervasi
1650,4,2,TRUE,FALSE,126,flat,Sarria-Sant Gervasi
995,2,1,TRUE,FALSE,57,flat,Gracia
1050,2,2,TRUE,FALSE,85,flat,Eixample
1190,4,1,TRUE,TRUE,104,flat,Eixample
995,2,1,FALSE,TRUE,70,flat,Sarria-Sant Gervasi
1100,3,2,TRUE,TRUE,79,flat,Ciutat Vella
950,3,1,TRUE,FALSE,70,flat,Sarria-Sant Gervasi
950,3,1,TRUE,FALSE,70,flat,Sarria-Sant Gervasi
900,3,1,TRUE,FALSE,75,flat,Sant Martí
895,3,1,TRUE,FALSE,58,flat,Gracia
1250,4,2,TRUE,TRUE,95,flat,Eixample
2800,4,3,TRUE,FALSE,165,flat,Les Corts
2900,4,3,TRUE,FALSE,210,flat,Sarria-Sant Gervasi
1200,2,2,FALSE,FALSE,84,flat,Ciutat Vella
2000,3,2,TRUE,FALSE,94,flat,Eixample
1200,2,1,TRUE,FALSE,70,flat,Eixample
950,1,1,TRUE,FALSE,55,flat,Eixample
950,1,1,TRUE,FALSE,60,flat,Eixample
850,3,1,TRUE,FALSE,70,flat,Sant Andreu
640,1,1,FALSE,FALSE,50,flat,Horta- Guinardo
850,4,1,FALSE,FALSE,88,flat,Ciutat Vella
780,3,1,TRUE,FALSE,62,flat,Nou Barris
750,1,1,FALSE,TRUE,57,flat,Nou Barris
1450,3,2,FALSE,FALSE,112,flat,Eixample
950,2,2,FALSE,FALSE,80,flat,Horta- Guinardo
950,3,2,FALSE,FALSE,76,flat,Horta- Guinardo
1200,4,2,FALSE,FALSE,80,flat,Ciutat Vella
1100,3,1,FALSE,FALSE,80,flat,Eixample
995,2,1,TRUE,FALSE,50,flat,Sants-Montjuic
1100,2,1,FALSE,FALSE,45,flat,Ciutat Vella
1070,4,1,FALSE,FALSE,75,flat,Gracia
2700,4,2,TRUE,FALSE,120,flat,Ciutat Vella
1180,4,2,TRUE,FALSE,79,flat,Eixample
1200,1,1,FALSE,FALSE,45,flat,Eixample
3550,3,2,TRUE,TRUE,135,flat,Les Corts
874,2,1,FALSE,FALSE,75,flat,Ciutat Vella
1100,1,1,FALSE,FALSE,55,flat,Eixample
1000,4,1,FALSE,FALSE,90,flat,Ciutat Vella
1100,3,2,TRUE,FALSE,100,flat,Eixample
850,1,1,FALSE,FALSE,60,flat,Sants-Montjuic
1350,5,2,FALSE,FALSE,140,flat,Eixample
794,1,1,FALSE,FALSE,45,flat,Ciutat Vella
1050,2,1,FALSE,FALSE,60,flat,Ciutat Vella
784,2,1,TRUE,FALSE,58,flat,Sant Martí
670,1,1,FALSE,FALSE,55,flat,Ciutat Vella
1500,3,2,TRUE,FALSE,115,flat,Eixample
1200,2,1,TRUE,FALSE,85,flat,Eixample
4500,4,3,TRUE,FALSE,150,flat,Sarria-Sant Gervasi
1750,5,2,TRUE,FALSE,155,flat,Eixample
1100,3,2,TRUE,FALSE,72,flat,Gracia
1600,4,2,TRUE,TRUE,95,flat,Sarria-Sant Gervasi
1000,4,1,TRUE,TRUE,71,flat,Les Corts
880,3,1,FALSE,FALSE,69,flat,Sant Andreu
875,2,1,FALSE,FALSE,45,flat,Eixample
680,1,1,FALSE,FALSE,35,flat,Ciutat Vella
3500,9,4,TRUE,TRUE,350,flat,Eixample
1500,4,2,TRUE,TRUE,96,flat,Eixample
1132,4,2,TRUE,TRUE,85,flat,Eixample
1175,3,2,TRUE,TRUE,93,flat,Eixample
1150,3,1,TRUE,FALSE,85,flat,Eixample
850,1,1,TRUE,FALSE,45,flat,Sarria-Sant Gervasi
2800,3,2,TRUE,FALSE,122,flat,Sant Martí
1190,4,2,TRUE,FALSE,85,flat,Eixample
660,0,1,TRUE,FALSE,45,flat,Ciutat Vella
850,3,1,FALSE,FALSE,58,flat,Gracia
770,2,1,FALSE,FALSE,55,flat,Gracia
950,2,1,TRUE,FALSE,50,flat,Gracia
1280,3,1,TRUE,TRUE,83,flat,Eixample
1195,1,2,FALSE,FALSE,85,flat,Gracia
1095,2,2,TRUE,FALSE,62,flat,Ciutat Vella
944,3,1,TRUE,FALSE,69,flat,Ciutat Vella
1400,3,2,FALSE,FALSE,85,flat,Eixample
1100,3,2,TRUE,FALSE,100,flat,Sarria-Sant Gervasi
1350,3,1,FALSE,FALSE,71,flat,Sants-Montjuic
1000,1,1,FALSE,FALSE,66,flat,Ciutat Vella
1350,3,1,FALSE,FALSE,90,flat,Eixample
1500,2,3,FALSE,FALSE,106,flat,Eixample
1140,1,1,FALSE,FALSE,50,flat,Sarria-Sant Gervasi
970,2,1,TRUE,FALSE,64,flat,Gracia
1400,1,1,FALSE,FALSE,45,flat,Sarria-Sant Gervasi
3000,3,2,FALSE,FALSE,140,flat,Eixample
1450,1,1,FALSE,FALSE,55,flat,Ciutat Vella
4500,4,2,FALSE,FALSE,225,flat,Sant Martí
1600,4,1,FALSE,FALSE,114,flat,Eixample
1458,2,2,FALSE,FALSE,53,flat,Eixample
2750,3,3,FALSE,FALSE,190,flat,Sant Martí
1600,2,2,FALSE,FALSE,80,flat,Ciutat Vella
1460,1,1,FALSE,FALSE,65,flat,Eixample
1450,2,1,FALSE,FALSE,60,flat,Eixample
1326,1,1,FALSE,FALSE,53,flat,Eixample
1600,2,1,FALSE,FALSE,58,flat,Eixample
1480,4,1,FALSE,FALSE,105,flat,Eixample
1600,2,1,FALSE,FALSE,115,flat,Ciutat Vella
1350,1,1,FALSE,FALSE,59,flat,Eixample
3500,3,2,FALSE,FALSE,167,flat,Sarria-Sant Gervasi
2200,2,1,TRUE,FALSE,65,flat,Sarria-Sant Gervasi
1550,3,2,FALSE,FALSE,130,flat,Sarria-Sant Gervasi
1590,3,2,FALSE,FALSE,95,flat,Sant Martí
800,1,1,FALSE,FALSE,45,flat,Ciutat Vella
1326,1,1,FALSE,FALSE,53,flat,Eixample
650,1,1,FALSE,FALSE,30,flat,Gracia
1600,2,1,FALSE,FALSE,75,flat,Eixample
950,3,2,TRUE,FALSE,67,flat,Sarria-Sant Gervasi
1450,2,2,FALSE,FALSE,80,flat,Eixample
925,2,1,TRUE,FALSE,50,flat,Eixample
740,1,1,TRUE,FALSE,45,flat,Ciutat Vella
900,2,1,TRUE,FALSE,44,flat,Ciutat Vella
695,1,1,TRUE,TRUE,47,flat,Les Corts
780,3,1,FALSE,TRUE,60,flat,Gracia
2200,3,2,TRUE,TRUE,114,flat,Eixample
1190,4,2,TRUE,TRUE,100,flat,Eixample
1260,4,2,TRUE,FALSE,100,flat,Les Corts
800,1,1,TRUE,FALSE,48,flat,Sants-Montjuic
4500,3,2,TRUE,FALSE,80,flat,Eixample
4500,3,2,TRUE,FALSE,105,flat,Eixample
700,1,1,FALSE,FALSE,40,flat,Ciutat Vella
950,1,1,TRUE,FALSE,40,flat,Sarria-Sant Gervasi
975,2,2,TRUE,FALSE,71,flat,Sants-Montjuic
3400,4,5,TRUE,FALSE,175,flat,Les Corts
2250,3,2,TRUE,FALSE,130,flat,Sarria-Sant Gervasi
1280,3,1,TRUE,TRUE,83,flat,Eixample
1450,3,2,TRUE,FALSE,125,flat,Sant Martí
1500,3,3,TRUE,FALSE,210,flat,Ciutat Vella
850,1,1,TRUE,FALSE,63,flat,Ciutat Vella
1500,3,2,TRUE,FALSE,88,flat,Sant Martí
750,0,1,FALSE,FALSE,58,flat,Sants-Montjuic
1500,3,2,TRUE,FALSE,88,flat,Sant Martí
750,0,1,FALSE,FALSE,58,flat,Sants-Montjuic
2500,4,2,TRUE,TRUE,195,flat,Sarria-Sant Gervasi
3200,4,3,TRUE,FALSE,181,flat,Les Corts
1050,3,2,TRUE,FALSE,75,flat,Eixample
750,1,1,FALSE,FALSE,50,flat,Gracia
895,1,1,TRUE,FALSE,60,flat,Les Corts
790,3,1,TRUE,FALSE,72,flat,Horta- Guinardo
790,2,1,TRUE,FALSE,61,flat,Horta- Guinardo
1580,3,2,TRUE,FALSE,125,flat,Ciutat Vella
1000,3,1,FALSE,FALSE,70,flat,Eixample
750,3,1,TRUE,FALSE,54,flat,Horta- Guinardo
995,2,1,TRUE,FALSE,58,flat,Eixample
1045,2,1,TRUE,FALSE,57,flat,Les Corts
900,2,1,TRUE,FALSE,68,flat,Sarria-Sant Gervasi
1200,2,2,TRUE,FALSE,80,flat,Eixample
1150,3,2,TRUE,FALSE,90,flat,Eixample
2500,4,3,TRUE,FALSE,172,flat,Sarria-Sant Gervasi
1290,3,2,TRUE,FALSE,100,flat,Eixample
1000,3,2,TRUE,TRUE,90,flat,Eixample
1750,5,3,TRUE,FALSE,140,flat,Sarria-Sant Gervasi
1200,4,2,TRUE,FALSE,105,flat,Eixample
1550,2,2,TRUE,TRUE,73,flat,Sarria-Sant Gervasi
2150,4,3,TRUE,FALSE,124,flat,Les Corts
780,1,1,TRUE,FALSE,51,flat,Sant Martí
950,3,1,TRUE,FALSE,90,flat,Sarria-Sant Gervasi
1170,3,2,TRUE,TRUE,94,flat,Eixample
1100,2,1,TRUE,FALSE,71,flat,Eixample
1480,4,2,TRUE,FALSE,100,flat,Gracia
1415,4,2,TRUE,FALSE,135,flat,Sants-Montjuic
965,2,1,TRUE,FALSE,55,flat,Eixample
1490,3,2,TRUE,FALSE,120,flat,Eixample
750,2,1,FALSE,FALSE,60,flat,Gracia
1500,4,2,TRUE,FALSE,165,flat,Eixample
790,3,1,FALSE,FALSE,75,flat,Horta- Guinardo
1256,4,2,TRUE,FALSE,94,flat,Gracia
950,1,1,TRUE,FALSE,40,flat,Eixample
700,2,1,FALSE,FALSE,60,flat,Eixample
1090,2,2,TRUE,FALSE,94,flat,Les Corts
1700,3,2,FALSE,FALSE,120,flat,Gracia
785,2,1,FALSE,FALSE,60,flat,Sants-Montjuic
850,4,1,FALSE,FALSE,53,flat,Sant Martí
1050,3,2,TRUE,FALSE,80,flat,Sarria-Sant Gervasi
850,1,1,TRUE,FALSE,43,flat,Sants-Montjuic
975,2,1,TRUE,FALSE,58,flat,Eixample
1500,2,2,TRUE,FALSE,83,flat,Sarria-Sant Gervasi
1000,3,2,TRUE,FALSE,180,flat,Sarria-Sant Gervasi
850,3,2,TRUE,TRUE,70,flat,Sants-Montjuic
700,2,1,TRUE,FALSE,60,flat,Nou Barris
850,3,1,TRUE,FALSE,65,flat,Sants-Montjuic
895,2,1,TRUE,FALSE,75,flat,Sant Martí
1047,1,1,TRUE,TRUE,54,flat,Gracia
930,3,1,TRUE,FALSE,70,flat,Gracia
600,2,1,FALSE,FALSE,43,flat,Nou Barris
1250,2,2,TRUE,FALSE,78,flat,Sarria-Sant Gervasi
660,2,1,FALSE,FALSE,50,flat,Gracia
800,2,1,TRUE,FALSE,54,flat,Sant Andreu
995,2,1,TRUE,FALSE,78,flat,Horta- Guinardo
910,3,1,TRUE,FALSE,84,flat,Horta- Guinardo
1300,4,2,TRUE,FALSE,100,flat,Les Corts
750,2,1,FALSE,FALSE,63,flat,Ciutat Vella
1650,4,2,TRUE,FALSE,151,flat,Eixample
2575,3,2,TRUE,TRUE,156,flat,Eixample
1275,3,1,TRUE,TRUE,96,flat,Sarria-Sant Gervasi
800,2,1,TRUE,FALSE,56,flat,Sarria-Sant Gervasi
900,2,1,TRUE,FALSE,60,flat,Ciutat Vella
1300,2,2,TRUE,TRUE,78,flat,Eixample
850,0,1,TRUE,FALSE,53,flat,Ciutat Vella
650,1,1,FALSE,FALSE,35,flat,Ciutat Vella
950,1,1,TRUE,FALSE,46,flat,Sarria-Sant Gervasi
1590,3,2,FALSE,FALSE,156,flat,Ciutat Vella
800,3,1,FALSE,TRUE,70,flat,Sants-Montjuic
1000,2,1,TRUE,FALSE,68,flat,Eixample
990,4,1,FALSE,FALSE,75,flat,Eixample
2095,3,2,TRUE,FALSE,138,flat,Sarria-Sant Gervasi
1200,1,1,TRUE,FALSE,70,flat,Sarria-Sant Gervasi
788,1,1,TRUE,FALSE,45,flat,Eixample
575,1,1,FALSE,FALSE,40,flat,Gracia
960,4,2,TRUE,TRUE,78,flat,Gracia
2400,3,2,TRUE,FALSE,104,flat,Eixample
1100,2,1,TRUE,FALSE,65,flat,Sant Martí
850,2,1,FALSE,FALSE,56,flat,Sarria-Sant Gervasi
1500,3,1,FALSE,TRUE,94,flat,Eixample
1400,4,2,TRUE,FALSE,110,flat,Les Corts
990,3,1,TRUE,FALSE,70,flat,Sant Martí
680,1,1,FALSE,FALSE,50,flat,Sants-Montjuic
1200,4,2,TRUE,TRUE,106,flat,Eixample
1500,2,2,TRUE,FALSE,70,flat,Sant Martí
2300,4,2,TRUE,FALSE,177,flat,Sarria-Sant Gervasi
4900,4,2,TRUE,TRUE,174,flat,Sarria-Sant Gervasi
2200,0,3,TRUE,FALSE,148,flat,Sarria-Sant Gervasi
880,1,1,TRUE,TRUE,45,flat,Sarria-Sant Gervasi
850,1,1,FALSE,FALSE,39,flat,Sarria-Sant Gervasi
1030,1,1,TRUE,FALSE,55,flat,Sarria-Sant Gervasi
1450,2,2,TRUE,TRUE,67,flat,Sarria-Sant Gervasi
3000,5,3,FALSE,FALSE,190,flat,Sarria-Sant Gervasi
3200,4,3,TRUE,FALSE,168,flat,Sarria-Sant Gervasi
1300,2,1,TRUE,FALSE,60,flat,Sarria-Sant Gervasi
1200,3,2,TRUE,FALSE,88,flat,Sarria-Sant Gervasi
4900,5,5,TRUE,TRUE,257,flat,Sarria-Sant Gervasi
1450,2,2,TRUE,FALSE,80,flat,Sarria-Sant Gervasi
1650,4,2,TRUE,TRUE,120,flat,Sarria-Sant Gervasi
1600,3,2,TRUE,FALSE,121,flat,Sarria-Sant Gervasi
4900,6,4,TRUE,TRUE,276,flat,Sarria-Sant Gervasi
3300,5,4,TRUE,TRUE,190,flat,Sarria-Sant Gervasi
1000,1,1,TRUE,FALSE,40,flat,Sarria-Sant Gervasi
1050,4,2,TRUE,FALSE,115,flat,Eixample
1300,2,1,TRUE,FALSE,55,flat,Sarria-Sant Gervasi
850,2,1,TRUE,FALSE,60,flat,Sarria-Sant Gervasi
4800,4,4,TRUE,TRUE,190,flat,Sarria-Sant Gervasi
3300,4,3,TRUE,TRUE,154,flat,Sarria-Sant Gervasi
1400,3,2,TRUE,FALSE,92,flat,Sarria-Sant Gervasi
1250,3,2,TRUE,FALSE,90,flat,Sarria-Sant Gervasi
1400,2,2,TRUE,FALSE,80,flat,Sarria-Sant Gervasi
1000,2,1,FALSE,FALSE,70,flat,Ciutat Vella
1700,2,2,TRUE,FALSE,99,flat,Sarria-Sant Gervasi
1100,4,2,TRUE,TRUE,88,flat,Eixample
970,2,1,TRUE,FALSE,70,flat,Eixample
1050,3,2,TRUE,FALSE,85,flat,Eixample
850,3,1,FALSE,FALSE,63,flat,Sants-Montjuic
975,2,1,TRUE,FALSE,70,flat,Sants-Montjuic
662,2,1,TRUE,FALSE,52,flat,Sarria-Sant Gervasi
800,2,1,TRUE,FALSE,55,flat,Sants-Montjuic
825,3,1,FALSE,TRUE,70,flat,Horta- Guinardo
780,2,1,TRUE,FALSE,73,flat,Sants-Montjuic
1000,3,1,FALSE,FALSE,65,flat,Eixample
700,2,1,FALSE,FALSE,46,flat,Nou Barris
800,2,1,FALSE,FALSE,80,flat,Horta- Guinardo
1200,4,2,TRUE,FALSE,94,flat,Eixample
900,3,2,TRUE,TRUE,76,flat,Sant Martí
1400,2,2,TRUE,TRUE,74,flat,Eixample
870,2,1,TRUE,FALSE,70,flat,Eixample
4500,3,2,TRUE,FALSE,85,flat,Eixample
1180,2,1,TRUE,FALSE,80,flat,Sarria-Sant Gervasi
950,2,1,FALSE,FALSE,60,flat,Eixample
850,2,1,FALSE,FALSE,55,flat,Eixample
900,3,1,TRUE,FALSE,65,flat,Gracia
900,3,1,TRUE,FALSE,65,flat,Gracia
900,4,1,TRUE,FALSE,85,flat,Sant Martí
2200,2,1,TRUE,FALSE,65,flat,Sarria-Sant Gervasi
1100,3,2,FALSE,FALSE,70,flat,Sant Martí
1300,2,2,TRUE,FALSE,79,flat,Eixample
800,2,1,FALSE,FALSE,75,flat,Gracia
525,1,1,FALSE,FALSE,35,flat,Ciutat Vella
900,3,2,FALSE,FALSE,79,flat,Gracia
800,3,1,TRUE,FALSE,63,flat,Sants-Montjuic
750,2,1,FALSE,FALSE,55,flat,Sants-Montjuic
879,2,1,FALSE,FALSE,56,flat,Ciutat Vella
700,2,2,FALSE,FALSE,52,flat,Ciutat Vella
785,2,1,TRUE,FALSE,47,flat,Gracia
850,1,1,TRUE,FALSE,71,flat,Nou Barris
2300,4,4,TRUE,FALSE,125,flat,Eixample
925,1,1,FALSE,FALSE,50,flat,Gracia
1175,4,2,TRUE,FALSE,110,flat,Nou Barris
1400,2,2,TRUE,TRUE,90,flat,Eixample
1090,2,2,TRUE,FALSE,72,flat,Sants-Montjuic
850,2,1,FALSE,FALSE,54,flat,Sants-Montjuic
1100,3,1,TRUE,FALSE,75,flat,Horta- Guinardo
1090,3,2,TRUE,FALSE,80,flat,Eixample
1600,2,1,TRUE,FALSE,67,flat,Eixample
830,2,1,FALSE,FALSE,64,flat,Ciutat Vella
1275,3,1,TRUE,TRUE,145,flat,Sarria-Sant Gervasi
1600,3,2,FALSE,FALSE,90,flat,Sarria-Sant Gervasi
1300,2,2,TRUE,FALSE,78,flat,Les Corts
850,1,1,FALSE,FALSE,58,flat,Ciutat Vella
850,3,1,TRUE,FALSE,62,flat,Sant Andreu
3600,3,2,TRUE,FALSE,140,flat,Sarria-Sant Gervasi
800,2,1,TRUE,FALSE,57,flat,Gracia
1300,3,2,TRUE,FALSE,114,flat,Ciutat Vella
2000,4,2,TRUE,TRUE,148,flat,Eixample
1100,3,2,TRUE,FALSE,80,flat,Horta- Guinardo
1100,4,2,TRUE,FALSE,82,flat,Eixample
890,3,1,TRUE,FALSE,60,flat,Eixample
1030,3,2,TRUE,FALSE,85,flat,Sants-Montjuic
1150,3,2,TRUE,FALSE,89,flat,Eixample
1350,4,2,TRUE,FALSE,100,flat,Sant Martí
850,2,1,TRUE,FALSE,46,flat,Sarria-Sant Gervasi
1400,4,2,TRUE,FALSE,104,flat,Sarria-Sant Gervasi
800,1,1,FALSE,TRUE,30,flat,Ciutat Vella
1150,2,1,TRUE,FALSE,71,flat,Eixample
850,1,1,TRUE,FALSE,62,flat,Sarria-Sant Gervasi
1200,3,2,FALSE,FALSE,85,flat,Eixample
695,2,1,FALSE,FALSE,70,flat,Nou Barris
1200,4,2,TRUE,FALSE,125,flat,Horta- Guinardo
800,3,1,FALSE,FALSE,80,flat,Nou Barris
2000,5,3,TRUE,FALSE,100,flat,Eixample
1000,3,2,TRUE,FALSE,75,flat,Gracia
975,4,2,TRUE,FALSE,106,flat,Nou Barris
600,2,1,FALSE,FALSE,50,flat,Nou Barris
975,3,1,TRUE,TRUE,87,flat,Gracia
770,2,1,FALSE,FALSE,53,flat,Sants-Montjuic
1700,4,2,FALSE,FALSE,120,flat,Gracia
700,3,2,FALSE,FALSE,68,flat,Sants-Montjuic
700,2,1,TRUE,FALSE,66,flat,Horta- Guinardo
1160,4,2,TRUE,FALSE,120,flat,Ciutat Vella
640,1,1,FALSE,FALSE,36,flat,Horta- Guinardo
770,2,1,TRUE,TRUE,55,flat,Sant Martí
1600,4,2,TRUE,FALSE,137,flat,Sarria-Sant Gervasi
925,2,1,TRUE,FALSE,70,flat,Les Corts
750,2,1,FALSE,FALSE,81,flat,Les Corts
1000,2,1,TRUE,TRUE,70,flat,Sarria-Sant Gervasi
1250,1,1,TRUE,FALSE,75,flat,Eixample
1700,2,2,TRUE,FALSE,120,flat,Eixample
1050,2,1,TRUE,FALSE,78,flat,Sarria-Sant Gervasi
1250,1,1,TRUE,FALSE,65,flat,Eixample
1750,2,1,TRUE,TRUE,80,flat,Sarria-Sant Gervasi
1700,2,2,TRUE,FALSE,120,flat,Eixample
1500,2,2,TRUE,FALSE,86,flat,Sarria-Sant Gervasi
750,2,1,FALSE,FALSE,55,flat,Ciutat Vella
750,1,1,TRUE,FALSE,35,flat,Les Corts
800,2,1,TRUE,FALSE,57,flat,Sants-Montjuic
785,1,1,TRUE,FALSE,50,flat,Sants-Montjuic
1600,5,3,TRUE,FALSE,151,flat,Eixample
1050,3,1,TRUE,TRUE,88,flat,Sants-Montjuic
875,2,1,FALSE,FALSE,67,flat,Sarria-Sant Gervasi
950,2,1,TRUE,FALSE,64,flat,Sarria-Sant Gervasi
1190,4,1,TRUE,FALSE,100,flat,Eixample
1100,2,2,TRUE,FALSE,68,flat,Eixample
900,3,1,TRUE,FALSE,80,flat,Sant Andreu
890,1,1,TRUE,TRUE,55,flat,Sarria-Sant Gervasi
750,2,1,FALSE,FALSE,58,flat,Horta- Guinardo
650,3,1,FALSE,FALSE,62,flat,Horta- Guinardo
845,3,1,TRUE,FALSE,70,flat,Ciutat Vella
895,4,2,TRUE,FALSE,90,flat,Eixample
1250,4,2,TRUE,FALSE,98,flat,Eixample
800,2,1,FALSE,FALSE,59,flat,Les Corts
1050,2,1,FALSE,FALSE,55,flat,Les Corts
975,3,1,TRUE,FALSE,75,flat,Horta- Guinardo
850,2,1,TRUE,FALSE,55,flat,Gracia
875,2,1,FALSE,FALSE,67,flat,Sarria-Sant Gervasi
600,1,2,FALSE,FALSE,35,flat,Ciutat Vella
900,3,1,TRUE,TRUE,84,flat,Sant Martí
900,2,1,TRUE,FALSE,70,flat,Gracia
875,1,1,TRUE,FALSE,35,flat,Ciutat Vella
1400,4,1,TRUE,FALSE,82,flat,Sarria-Sant Gervasi
700,3,1,FALSE,FALSE,70,flat,Ciutat Vella
1500,3,2,TRUE,FALSE,76,flat,Sant Martí
1150,3,2,TRUE,FALSE,90,flat,Eixample
900,3,2,TRUE,FALSE,70,flat,Eixample
900,3,2,TRUE,FALSE,70,flat,Eixample
1300,4,1,TRUE,FALSE,137,flat,Eixample
1700,3,2,TRUE,FALSE,91,flat,Sarria-Sant Gervasi
847,1,1,FALSE,FALSE,46,flat,Eixample
1175,4,2,FALSE,FALSE,92,flat,Eixample
1160,3,1,TRUE,FALSE,73,flat,Horta- Guinardo
650,1,1,TRUE,FALSE,41,flat,Eixample
1297,3,2,TRUE,FALSE,100,flat,Eixample
1100,3,1,TRUE,FALSE,75,flat,Eixample
1950,5,3,TRUE,TRUE,172,flat,Sarria-Sant Gervasi
950,3,1,TRUE,FALSE,70,flat,Sarria-Sant Gervasi
920,3,2,TRUE,FALSE,70,flat,Eixample
825,3,2,FALSE,FALSE,101,flat,Sant Andreu
675,1,1,FALSE,FALSE,35,flat,Sarria-Sant Gervasi
1350,4,2,TRUE,TRUE,75,flat,Sarria-Sant Gervasi
839,2,2,TRUE,TRUE,75,flat,Ciutat Vella
680,2,1,FALSE,FALSE,45,flat,Horta- Guinardo
950,1,1,TRUE,FALSE,50,flat,Ciutat Vella
1100,4,2,TRUE,FALSE,85,flat,Eixample
820,2,1,FALSE,FALSE,70,flat,Ciutat Vella
775,3,1,TRUE,FALSE,70,flat,Les Corts
850,1,1,TRUE,FALSE,50,flat,Sant Martí
950,2,1,TRUE,FALSE,70,flat,Nou Barris
950,1,1,FALSE,FALSE,50,flat,Eixample
950,1,1,FALSE,FALSE,70,flat,Eixample
1500,2,2,TRUE,TRUE,95,flat,Eixample
1030,4,1,TRUE,FALSE,100,flat,Sants-Montjuic
890,3,1,FALSE,FALSE,65,flat,Ciutat Vella
1200,3,2,FALSE,FALSE,90,flat,Eixample
1100,3,1,TRUE,FALSE,99,flat,Sarria-Sant Gervasi
1300,5,2,FALSE,FALSE,160,flat,Les Corts
1100,3,2,TRUE,FALSE,75,flat,Eixample
890,2,1,FALSE,TRUE,57,flat,Sants-Montjuic
800,2,1,TRUE,FALSE,53,flat,Sant Martí
950,3,1,FALSE,FALSE,78,flat,Ciutat Vella
1200,4,1,TRUE,TRUE,88,flat,Sants-Montjuic
840,1,1,TRUE,FALSE,42,flat,Ciutat Vella
750,1,1,TRUE,FALSE,54,flat,Sant Martí
1150,2,1,FALSE,FALSE,60,flat,Les Corts
950,2,1,FALSE,FALSE,55,flat,Ciutat Vella
786,3,1,TRUE,FALSE,52,flat,Sant Martí
950,3,1,FALSE,FALSE,95,flat,Horta- Guinardo
525,1,1,FALSE,FALSE,34,flat,Sant Martí
1300,4,2,FALSE,FALSE,100,flat,Les Corts
1090,3,1,FALSE,FALSE,71,flat,Eixample
2800,4,3,TRUE,TRUE,150,flat,Les Corts
950,3,1,FALSE,FALSE,70,flat,Eixample
850,2,1,FALSE,TRUE,60,flat,Sants-Montjuic
990,3,1,FALSE,FALSE,65,flat,Ciutat Vella
850,2,1,TRUE,TRUE,55,flat,Les Corts
821,3,1,TRUE,FALSE,70,flat,Sant Andreu
1350,1,1,TRUE,FALSE,81,flat,Eixample
1350,3,2,FALSE,FALSE,75,flat,Eixample
590,1,1,FALSE,FALSE,38,flat,Ciutat Vella
894,1,2,FALSE,FALSE,100,flat,Sant Andreu
1208,4,2,FALSE,FALSE,120,flat,Eixample
1075,3,2,FALSE,FALSE,68,flat,Ciutat Vella
1100,4,1,TRUE,FALSE,72,flat,Eixample
1200,3,2,TRUE,FALSE,85,flat,Sarria-Sant Gervasi
950,3,1,TRUE,FALSE,88,flat,Eixample
1100,3,2,TRUE,FALSE,83,flat,Eixample
750,3,1,FALSE,FALSE,60,flat,Sants-Montjuic
880,3,1,FALSE,FALSE,70,flat,Eixample
3000,2,1,TRUE,TRUE,75,flat,Gracia
2200,2,1,TRUE,FALSE,65,flat,Sarria-Sant Gervasi
4500,4,3,TRUE,FALSE,150,flat,Sarria-Sant Gervasi
1400,2,1,TRUE,FALSE,80,flat,Sarria-Sant Gervasi
2400,3,1,TRUE,FALSE,80,flat,Sarria-Sant Gervasi
980,3,1,TRUE,FALSE,96,flat,Les Corts
825,3,1,FALSE,FALSE,76,flat,Sant Andreu
1010,2,1,TRUE,FALSE,64,flat,Sarria-Sant Gervasi
850,1,1,FALSE,FALSE,58,flat,Eixample
1250,3,1,FALSE,FALSE,84,flat,Sarria-Sant Gervasi
1100,1,1,FALSE,FALSE,70,flat,Gracia
2000,3,2,TRUE,FALSE,80,flat,Eixample
925,4,2,TRUE,TRUE,98,flat,Sant Martí
2000,3,2,TRUE,FALSE,80,flat,Eixample
2000,4,1,TRUE,FALSE,110,flat,Ciutat Vella
2000,4,1,TRUE,FALSE,110,flat,Ciutat Vella
1250,4,2,TRUE,TRUE,124,flat,Sants-Montjuic
700,1,1,TRUE,FALSE,49,flat,Eixample
1075,1,1,TRUE,TRUE,60,flat,Les Corts
1000,3,1,TRUE,TRUE,80,flat,Ciutat Vella
1100,3,1,TRUE,FALSE,80,flat,Eixample
900,1,1,FALSE,FALSE,50,flat,Gracia
3800,4,3,TRUE,TRUE,300,flat,Sarria-Sant Gervasi
865,3,1,TRUE,FALSE,70,flat,Eixample
1225,3,2,FALSE,FALSE,70,flat,Gracia
790,1,1,TRUE,FALSE,45,flat,Les Corts
900,1,1,FALSE,FALSE,34,flat,Ciutat Vella
935,3,1,TRUE,FALSE,74,flat,Eixample
950,2,1,TRUE,TRUE,65,flat,Sant Martí
2575,6,4,TRUE,FALSE,270,flat,Sarria-Sant Gervasi
950,2,1,FALSE,TRUE,65,flat,Sant Martí
950,2,1,TRUE,TRUE,66,flat,Sant Martí
1375,2,1,TRUE,FALSE,100,flat,Ciutat Vella
842,3,1,TRUE,FALSE,68,flat,Horta- Guinardo
900,2,1,FALSE,FALSE,80,flat,Gracia
2150,4,3,TRUE,FALSE,152,flat,Sarria-Sant Gervasi
1100,3,2,FALSE,FALSE,60,flat,Eixample
3550,3,3,TRUE,TRUE,175,flat,Les Corts
1090,2,1,FALSE,FALSE,53,flat,Eixample
650,1,1,TRUE,FALSE,38,flat,Ciutat Vella
800,3,1,FALSE,FALSE,73,flat,Sants-Montjuic
1350,2,2,TRUE,FALSE,70,flat,Eixample
1190,2,1,FALSE,FALSE,53,flat,Eixample
650,1,1,TRUE,FALSE,38,flat,Ciutat Vella
1050,1,1,TRUE,FALSE,50,flat,Eixample
950,4,2,TRUE,FALSE,75,flat,Sarria-Sant Gervasi
990,2,1,FALSE,TRUE,66,flat,Sants-Montjuic
725,3,1,TRUE,FALSE,55,flat,Eixample
850,2,2,FALSE,FALSE,60,flat,Ciutat Vella
700,2,1,FALSE,FALSE,100,flat,Gracia
1100,3,1,TRUE,FALSE,75,flat,Eixample
1190,4,2,TRUE,FALSE,105,flat,Eixample
825,3,1,FALSE,FALSE,70,flat,Ciutat Vella
825,3,1,FALSE,TRUE,70,flat,Ciutat Vella
1460,2,2,FALSE,FALSE,95,flat,Eixample
650,1,1,TRUE,FALSE,47,flat,Ciutat Vella
975,2,1,TRUE,FALSE,73,flat,Sarria-Sant Gervasi
929,3,1,TRUE,FALSE,65,flat,Eixample
850,3,1,TRUE,TRUE,54,flat,Nou Barris
1395,4,2,FALSE,TRUE,110,flat,Sarria-Sant Gervasi
800,2,1,FALSE,FALSE,54,flat,Sant Martí
670,1,1,FALSE,TRUE,50,flat,Horta- Guinardo
1150,3,1,TRUE,FALSE,90,flat,Nou Barris
750,3,1,TRUE,FALSE,53,flat,Sant Martí
1720,2,1,TRUE,TRUE,95,flat,Eixample
2000,2,2,TRUE,FALSE,75,flat,Eixample
1400,3,2,TRUE,FALSE,118,flat,Eixample
1150,2,1,TRUE,TRUE,75,flat,Ciutat Vella
1150,1,1,TRUE,FALSE,58,flat,Sarria-Sant Gervasi
715,2,1,TRUE,FALSE,46,flat,Ciutat Vella
1100,4,2,TRUE,FALSE,88,flat,Eixample
760,1,1,FALSE,FALSE,50,flat,Ciutat Vella
1700,5,2,TRUE,FALSE,183,flat,Eixample
1827,3,2,TRUE,FALSE,113,flat,Sant Martí
600,1,1,FALSE,FALSE,35,flat,Horta- Guinardo
1100,2,1,TRUE,FALSE,90,flat,Sant Martí
775,2,1,TRUE,FALSE,51,flat,Sarria-Sant Gervasi
1100,3,1,TRUE,FALSE,77,flat,Eixample
800,2,1,TRUE,FALSE,75,flat,Horta- Guinardo
1600,2,1,TRUE,FALSE,65,flat,Eixample
795,3,1,FALSE,FALSE,70,flat,Sant Martí
800,1,1,FALSE,FALSE,40,flat,Eixample
4000,4,3,TRUE,FALSE,140,flat,Eixample
950,1,1,TRUE,FALSE,60,flat,Ciutat Vella
1200,4,2,TRUE,FALSE,84,flat,Eixample
1600,2,1,TRUE,FALSE,70,flat,Eixample
1100,2,1,FALSE,FALSE,60,flat,Sarria-Sant Gervasi
890,4,1,FALSE,FALSE,81,flat,Gracia
900,2,1,FALSE,FALSE,60,flat,Eixample
1075,3,1,TRUE,FALSE,65,flat,Eixample
1000,2,1,TRUE,TRUE,54,flat,Ciutat Vella
1500,5,2,TRUE,TRUE,110,flat,Sarria-Sant Gervasi
2100,4,3,TRUE,FALSE,200,flat,Sarria-Sant Gervasi
2000,3,2,TRUE,FALSE,90,flat,Eixample
1075,2,1,TRUE,TRUE,59,flat,Sarria-Sant Gervasi
1080,3,2,FALSE,TRUE,74,flat,Les Corts
990,3,2,TRUE,FALSE,92,flat,Gracia
990,2,1,TRUE,FALSE,60,flat,Ciutat Vella
1550,3,2,TRUE,FALSE,97,flat,Sarria-Sant Gervasi
1200,2,1,TRUE,FALSE,100,flat,Sarria-Sant Gervasi
960,2,1,FALSE,FALSE,55,flat,Gracia
875,3,1,TRUE,TRUE,56,flat,Sants-Montjuic
675,2,1,TRUE,FALSE,59,flat,Horta- Guinardo
900,2,1,TRUE,FALSE,70,flat,Eixample
1100,3,1,TRUE,FALSE,90,flat,Gracia
990,4,2,TRUE,FALSE,90,flat,Horta- Guinardo
700,1,1,TRUE,FALSE,38,flat,Ciutat Vella
2950,5,3,TRUE,FALSE,268,flat,Sarria-Sant Gervasi
825,2,1,TRUE,FALSE,54,flat,Sant Martí
1150,1,1,TRUE,FALSE,44,flat,Sarria-Sant Gervasi
2100,4,2,TRUE,TRUE,170,flat,Eixample
950,4,1,TRUE,FALSE,85,flat,Eixample
900,3,1,TRUE,FALSE,90,flat,Sants-Montjuic
1150,3,1,TRUE,FALSE,79,flat,Sarria-Sant Gervasi
1150,3,1,TRUE,FALSE,79,flat,Sarria-Sant Gervasi
3300,5,5,TRUE,FALSE,338,flat,Sarria-Sant Gervasi
920,4,2,TRUE,FALSE,90,flat,Sant Andreu
920,4,2,TRUE,TRUE,100,flat,Sant Martí
800,3,1,FALSE,FALSE,63,flat,Sants-Montjuic
920,4,2,TRUE,TRUE,100,flat,Sant Martí
800,1,2,TRUE,FALSE,52,flat,Sants-Montjuic
670,1,1,FALSE,FALSE,42,flat,Ciutat Vella
850,2,1,TRUE,FALSE,50,flat,Sant Andreu
850,2,1,TRUE,FALSE,45,flat,Sants-Montjuic
800,1,1,TRUE,FALSE,47,flat,Sarria-Sant Gervasi
1250,2,1,TRUE,FALSE,80,flat,Eixample
975,3,1,TRUE,TRUE,75,flat,Eixample
1331,2,2,TRUE,FALSE,71,flat,Les Corts
4500,3,2,TRUE,FALSE,85,flat,Eixample
850,2,2,FALSE,TRUE,48,flat,Sants-Montjuic
3600,5,4,TRUE,TRUE,260,flat,Sarria-Sant Gervasi
800,2,1,TRUE,FALSE,65,flat,Eixample
1800,4,2,TRUE,TRUE,180,flat,Sant Martí
1150,3,2,TRUE,FALSE,84,flat,Sants-Montjuic
920,4,1,TRUE,FALSE,92,flat,Sant Andreu
895,2,1,FALSE,FALSE,55,flat,Sarria-Sant Gervasi
1300,4,2,TRUE,FALSE,100,flat,Les Corts
1150,3,2,TRUE,FALSE,102,flat,Ciutat Vella
1500,4,2,TRUE,FALSE,94,flat,Sarria-Sant Gervasi
994,3,1,FALSE,FALSE,95,flat,Sant Martí
750,2,1,TRUE,FALSE,50,flat,Les Corts
700,2,1,TRUE,FALSE,60,flat,Gracia
850,2,2,TRUE,FALSE,63,flat,Eixample
1250,1,1,TRUE,TRUE,59,flat,Eixample
1100,2,2,TRUE,FALSE,69,flat,Ciutat Vella
980,3,1,TRUE,TRUE,85,flat,Ciutat Vella
850,1,2,TRUE,FALSE,40,flat,Sant Martí
1376,3,1,TRUE,TRUE,90,flat,Eixample
1050,4,1,TRUE,FALSE,90,flat,Eixample
2500,4,3,TRUE,FALSE,178,flat,Sarria-Sant Gervasi
995,3,1,TRUE,FALSE,75,flat,Les Corts
790,4,1,TRUE,FALSE,65,flat,Nou Barris
750,2,1,TRUE,FALSE,48,flat,Gracia
700,1,1,FALSE,FALSE,35,flat,Ciutat Vella
1120,1,1,TRUE,FALSE,50,flat,Sarria-Sant Gervasi
2050,4,3,TRUE,FALSE,164,flat,Sarria-Sant Gervasi
1100,2,1,TRUE,FALSE,70,flat,Eixample
1200,2,1,TRUE,FALSE,70,flat,Ciutat Vella
890,1,1,FALSE,FALSE,55,flat,Sants-Montjuic
950,2,2,TRUE,FALSE,85,flat,Eixample
1068,3,2,TRUE,FALSE,78,flat,Sarria-Sant Gervasi
1100,4,2,TRUE,FALSE,88,flat,Eixample
1600,3,2,TRUE,TRUE,95,flat,Sant Martí
1299,4,1,TRUE,TRUE,120,flat,Ciutat Vella
827,2,1,TRUE,FALSE,50,flat,Sants-Montjuic
700,2,1,TRUE,FALSE,60,flat,Sant Martí
1650,3,2,TRUE,FALSE,140,flat,Eixample
950,1,1,TRUE,TRUE,55,flat,Les Corts
900,4,2,TRUE,FALSE,80,flat,Sants-Montjuic
1550,4,2,TRUE,TRUE,159,flat,Sarria-Sant Gervasi
1500,4,2,TRUE,FALSE,96,flat,Les Corts
1250,3,2,TRUE,FALSE,130,flat,Eixample
1450,5,2,TRUE,TRUE,155,flat,Eixample
700,1,1,TRUE,FALSE,45,flat,Sarria-Sant Gervasi
891,1,1,TRUE,FALSE,48,flat,Les Corts
3200,3,2,TRUE,FALSE,120,flat,Eixample
1140,1,1,TRUE,FALSE,52,flat,Eixample
1526,3,2,TRUE,FALSE,100,flat,Sarria-Sant Gervasi
2000,3,2,TRUE,FALSE,120,flat,Eixample
954,3,1,TRUE,FALSE,62,flat,Sarria-Sant Gervasi
905,2,1,TRUE,FALSE,62,flat,Gracia
850,3,1,FALSE,TRUE,70,flat,Eixample
875,1,1,TRUE,TRUE,67,flat,Sant Martí
2820,3,2,FALSE,FALSE,100,flat,Ciutat Vella
868,1,1,TRUE,FALSE,40,flat,Eixample
2850,3,2,FALSE,FALSE,140,flat,Sarria-Sant Gervasi
1084,2,1,TRUE,FALSE,70,flat,Eixample
926,3,1,TRUE,FALSE,63,flat,Sants-Montjuic
900,2,1,TRUE,FALSE,76,flat,Ciutat Vella
950,3,1,TRUE,FALSE,79,flat,Sarria-Sant Gervasi
820,3,1,TRUE,FALSE,66,flat,Sant Martí
790,1,1,TRUE,FALSE,60,flat,Sant Martí
1200,1,1,TRUE,FALSE,55,flat,Gracia
718,1,1,TRUE,FALSE,50,flat,Sant Martí
795,1,1,TRUE,FALSE,48,flat,Sant Martí
1800,2,2,TRUE,FALSE,100,flat,Eixample
1350,4,2,TRUE,FALSE,120,flat,Sarria-Sant Gervasi
1200,4,2,TRUE,FALSE,110,flat,Eixample
720,2,1,FALSE,FALSE,53,flat,Ciutat Vella
850,3,1,TRUE,FALSE,75,flat,Eixample
1050,2,2,TRUE,TRUE,101,flat,Sarria-Sant Gervasi
895,3,1,TRUE,FALSE,52,flat,Eixample
1000,3,1,TRUE,TRUE,85,flat,Sants-Montjuic
1100,1,1,TRUE,TRUE,45,flat,Eixample
1100,1,1,TRUE,TRUE,45,flat,Eixample
800,2,1,TRUE,FALSE,50,flat,Eixample
850,1,1,TRUE,FALSE,50,flat,Sarria-Sant Gervasi
850,2,1,TRUE,FALSE,65,flat,Ciutat Vella
895,3,1,FALSE,TRUE,75,flat,Sant Martí
1075,2,2,TRUE,FALSE,65,flat,Ciutat Vella
1400,3,2,TRUE,FALSE,90,flat,Eixample
2300,7,2,TRUE,FALSE,200,flat,Eixample
1600,4,2,TRUE,FALSE,130,flat,Sarria-Sant Gervasi
1750,3,2,TRUE,FALSE,120,flat,Sarria-Sant Gervasi
1100,1,1,FALSE,FALSE,60,flat,Sarria-Sant Gervasi
6000,2,1,TRUE,TRUE,307,flat,Ciutat Vella
3166,3,2,TRUE,TRUE,105,flat,Sarria-Sant Gervasi
795,1,1,TRUE,FALSE,60,flat,Les Corts
800,3,2,FALSE,FALSE,70,flat,Ciutat Vella
750,2,1,TRUE,FALSE,65,flat,Sarria-Sant Gervasi
850,2,1,FALSE,FALSE,80,flat,Sant Andreu
975,3,2,TRUE,FALSE,91,flat,Eixample
690,2,1,TRUE,TRUE,55,flat,Nou Barris
892,2,1,TRUE,FALSE,85,flat,Sant Andreu
1190,3,2,TRUE,FALSE,96,flat,Les Corts
1390,3,2,TRUE,FALSE,149,flat,Ciutat Vella
750,2,1,FALSE,FALSE,45,flat,Ciutat Vella
1085,3,2,TRUE,TRUE,80,flat,Les Corts
1025,2,1,FALSE,TRUE,75,flat,Eixample
4200,5,4,TRUE,TRUE,273,flat,Les Corts
3500,5,4,TRUE,TRUE,274,flat,Sarria-Sant Gervasi
750,1,1,FALSE,FALSE,61,flat,Ciutat Vella
2750,3,2,TRUE,FALSE,221,flat,Eixample
2300,4,3,TRUE,TRUE,158,flat,Les Corts
950,3,1,TRUE,TRUE,65,flat,Gracia
1050,2,1,FALSE,FALSE,77,flat,Ciutat Vella
1300,4,2,TRUE,FALSE,110,flat,Horta- Guinardo
1150,4,2,TRUE,FALSE,118,flat,Eixample
975,3,2,FALSE,FALSE,90,flat,Sants-Montjuic
975,2,2,TRUE,FALSE,90,flat,Sants-Montjuic
950,1,2,FALSE,FALSE,55,flat,Eixample
850,1,1,TRUE,TRUE,55,flat,Sants-Montjuic
2500,3,2,FALSE,FALSE,165,flat,Eixample
1190,3,1,FALSE,FALSE,90,flat,Ciutat Vella
800,3,1,FALSE,FALSE,70,flat,Ciutat Vella
1150,2,1,FALSE,FALSE,60,flat,Ciutat Vella
1390,3,2,FALSE,FALSE,120,flat,Eixample
750,1,1,FALSE,FALSE,40,flat,Ciutat Vella
1248,1,1,FALSE,FALSE,53,flat,Eixample
1900,3,2,FALSE,FALSE,110,flat,Eixample
1450,3,2,FALSE,FALSE,50,flat,Eixample
1150,3,2,FALSE,FALSE,66,flat,Eixample
750,3,1,FALSE,FALSE,55,flat,Sants-Montjuic
1080,3,2,FALSE,FALSE,92,flat,Gracia
1800,3,1,FALSE,FALSE,80,flat,Sarria-Sant Gervasi
1440,3,2,FALSE,FALSE,100,flat,Sant Martí
2200,2,1,TRUE,FALSE,65,flat,Sarria-Sant Gervasi
715,1,1,FALSE,FALSE,40,flat,Sants-Montjuic
3000,2,1,TRUE,FALSE,75,flat,Gracia
4500,3,2,TRUE,FALSE,80,flat,Eixample
2300,2,2,FALSE,FALSE,140,flat,Sant Martí
1290,4,2,TRUE,FALSE,100,flat,Sarria-Sant Gervasi
1290,4,2,TRUE,FALSE,100,flat,Sarria-Sant Gervasi
1890,4,2,TRUE,FALSE,89,flat,Ciutat Vella
750,2,1,FALSE,FALSE,45,flat,Ciutat Vella
1025,2,1,TRUE,FALSE,50,flat,Les Corts
1150,4,2,TRUE,FALSE,111,flat,Eixample
1440,2,1,TRUE,FALSE,63,flat,Ciutat Vella
1500,4,2,TRUE,FALSE,105,flat,Ciutat Vella
1485,3,2,TRUE,FALSE,73,flat,Ciutat Vella
975,2,1,TRUE,FALSE,68,flat,Gracia
790,2,1,FALSE,FALSE,55,flat,Sants-Montjuic
900,4,1,TRUE,FALSE,80,flat,Sarria-Sant Gervasi
900,2,1,TRUE,FALSE,70,flat,Gracia
700,3,1,FALSE,FALSE,55,flat,Horta- Guinardo
950,3,1,FALSE,FALSE,65,flat,Sants-Montjuic
950,3,1,TRUE,FALSE,70,flat,Eixample
1035,4,2,FALSE,TRUE,84,flat,Gracia
750,1,1,TRUE,FALSE,52,flat,Ciutat Vella
695,3,1,FALSE,FALSE,60,flat,Sant Martí
940,3,1,FALSE,FALSE,65,flat,Sarria-Sant Gervasi
700,2,1,TRUE,FALSE,50,flat,Les Corts
995,3,1,TRUE,FALSE,60,flat,Eixample
1800,2,1,FALSE,FALSE,80,flat,Sants-Montjuic
4500,4,3,TRUE,FALSE,148,flat,Sarria-Sant Gervasi
2400,3,3,TRUE,FALSE,140,flat,Sarria-Sant Gervasi
4500,3,2,TRUE,FALSE,105,flat,Eixample
980,2,1,TRUE,FALSE,80,flat,Ciutat Vella
2600,3,2,FALSE,FALSE,89,flat,Sant Martí
2600,3,2,FALSE,FALSE,105,flat,Sant Martí
2300,3,2,FALSE,FALSE,120,flat,Sant Martí
3000,2,2,FALSE,FALSE,170,flat,Eixample
2100,2,2,FALSE,FALSE,84,flat,Ciutat Vella
2300,2,2,FALSE,FALSE,175,flat,Eixample
2500,4,2,FALSE,FALSE,120,flat,Eixample
1550,1,1,FALSE,FALSE,75,flat,Ciutat Vella
2200,3,2,FALSE,FALSE,90,flat,Eixample
2100,3,1,FALSE,FALSE,86,flat,Sarria-Sant Gervasi
2400,3,2,FALSE,FALSE,105,flat,Sant Martí
2600,4,2,FALSE,FALSE,130,flat,Eixample
997,3,1,TRUE,FALSE,80,flat,Gracia
2310,2,1,FALSE,FALSE,65,flat,Eixample
1950,2,1,FALSE,FALSE,95,flat,Sarria-Sant Gervasi
850,3,1,TRUE,FALSE,70,flat,Sants-Montjuic
750,3,1,TRUE,FALSE,70,flat,Sant Martí
700,2,1,TRUE,FALSE,50,flat,Nou Barris
890,2,1,TRUE,FALSE,65,flat,Eixample
795,2,1,FALSE,TRUE,98,flat,Ciutat Vella
1900,4,2,FALSE,FALSE,150,flat,Les Corts
1650,4,2,TRUE,TRUE,115,flat,Eixample
820,3,1,FALSE,FALSE,68,flat,Horta- Guinardo
890,3,1,TRUE,FALSE,80,flat,Eixample
874,2,1,FALSE,FALSE,60,flat,Gracia
1378,3,2,FALSE,FALSE,104,flat,Eixample
850,2,1,TRUE,FALSE,65,flat,Horta- Guinardo
980,3,2,TRUE,FALSE,81,flat,Eixample
1100,2,1,TRUE,FALSE,67,flat,Sarria-Sant Gervasi
1950,5,3,TRUE,TRUE,160,flat,Sarria-Sant Gervasi
1000,3,2,TRUE,FALSE,102,flat,Horta- Guinardo
1100,3,2,TRUE,TRUE,75,flat,Eixample
1000,4,2,TRUE,FALSE,120,flat,Sarria-Sant Gervasi
1150,3,2,TRUE,TRUE,103,flat,Sarria-Sant Gervasi
1350,2,2,TRUE,FALSE,94,flat,Eixample
600,1,1,FALSE,TRUE,37,flat,Ciutat Vella
825,1,1,FALSE,FALSE,50,flat,Ciutat Vella
927,2,2,TRUE,FALSE,65,flat,Eixample
1375,5,2,TRUE,TRUE,151,flat,Eixample
1600,4,2,TRUE,FALSE,101,flat,Eixample
950,3,1,TRUE,FALSE,71,flat,Sarria-Sant Gervasi
730,2,1,TRUE,FALSE,55,flat,Sant Martí
1150,4,2,TRUE,FALSE,110,flat,Sant Andreu
825,2,1,TRUE,FALSE,78,flat,Eixample
1225,3,1,TRUE,TRUE,140,flat,Sants-Montjuic
775,1,1,FALSE,FALSE,47,flat,Ciutat Vella
1700,3,2,FALSE,FALSE,140,flat,Sarria-Sant Gervasi
1350,2,2,TRUE,TRUE,100,flat,Eixample
1750,3,2,TRUE,TRUE,87,flat,Ciutat Vella
1286,1,1,TRUE,FALSE,70,flat,Les Corts
1181,2,1,TRUE,FALSE,67,flat,Eixample
1260,3,2,TRUE,FALSE,70,flat,Eixample
958,1,1,FALSE,FALSE,46,flat,Sarria-Sant Gervasi
987,1,1,TRUE,FALSE,45,flat,Sarria-Sant Gervasi
1201,3,2,TRUE,FALSE,85,flat,Gracia
1065,2,1,TRUE,FALSE,74,flat,Eixample
550,1,1,FALSE,FALSE,35,flat,Ciutat Vella
1060,4,1,TRUE,FALSE,80,flat,Eixample
1050,3,1,TRUE,FALSE,80,flat,Eixample
795,4,1,TRUE,FALSE,73,flat,Horta- Guinardo
830,1,1,TRUE,FALSE,60,flat,Ciutat Vella
925,3,1,TRUE,FALSE,70,flat,Nou Barris
925,3,1,TRUE,FALSE,70,flat,Nou Barris
2400,3,2,TRUE,FALSE,90,flat,Eixample
850,2,1,TRUE,FALSE,80,flat,Horta- Guinardo
770,2,1,FALSE,FALSE,60,flat,Ciutat Vella
800,2,1,TRUE,FALSE,73,flat,Horta- Guinardo
930,2,1,TRUE,FALSE,60,flat,Les Corts
850,2,1,FALSE,FALSE,60,flat,Horta- Guinardo
1800,4,1,FALSE,FALSE,90,flat,Sants-Montjuic
875,3,1,TRUE,TRUE,62,flat,Gracia
1400,2,1,TRUE,FALSE,80,flat,Sarria-Sant Gervasi
1700,3,2,FALSE,FALSE,110,flat,Sant Martí
666,2,1,FALSE,FALSE,42,flat,Sants-Montjuic
895,2,1,FALSE,FALSE,73,flat,Sarria-Sant Gervasi
1900,4,2,TRUE,TRUE,183,flat,Sarria-Sant Gervasi
1290,3,2,TRUE,FALSE,90,flat,Sarria-Sant Gervasi
695,2,2,FALSE,FALSE,65,flat,Horta- Guinardo
1270,3,1,FALSE,FALSE,115,flat,Sants-Montjuic
1810,1,1,FALSE,FALSE,60,flat,Sarria-Sant Gervasi
1724,4,2,FALSE,FALSE,153,flat,Eixample
4500,4,3,TRUE,FALSE,150,flat,Sarria-Sant Gervasi
1000,3,1,TRUE,FALSE,80,flat,Ciutat Vella
3300,2,2,TRUE,TRUE,180,flat,Eixample
940,3,1,FALSE,FALSE,65,flat,Sarria-Sant Gervasi
900,2,1,TRUE,FALSE,70,flat,Eixample
990,3,1,TRUE,TRUE,68,flat,Sarria-Sant Gervasi
770,3,1,TRUE,FALSE,54,flat,Ciutat Vella
924,1,1,FALSE,FALSE,50,flat,Ciutat Vella
1700,3,2,FALSE,FALSE,110,flat,Sant Martí
1950,5,3,TRUE,FALSE,160,flat,Sarria-Sant Gervasi
850,2,1,TRUE,FALSE,55,flat,Gracia
1674,2,1,FALSE,FALSE,55,flat,Ciutat Vella
3000,2,2,FALSE,FALSE,75,flat,Ciutat Vella
1650,1,1,FALSE,FALSE,50,flat,Sarria-Sant Gervasi
1850,3,2,FALSE,FALSE,115,flat,Les Corts
675,2,1,TRUE,FALSE,54,flat,Gracia
1000,3,2,TRUE,FALSE,65,flat,Eixample
1030,3,2,TRUE,FALSE,84,flat,Sarria-Sant Gervasi
990,2,2,TRUE,FALSE,62,flat,Eixample
650,1,1,FALSE,FALSE,45,flat,Ciutat Vella
1375,4,2,TRUE,FALSE,110,flat,Sarria-Sant Gervasi
875,2,1,FALSE,FALSE,70,flat,Ciutat Vella
860,2,1,TRUE,FALSE,63,flat,Sant Martí
1500,3,2,TRUE,FALSE,100,flat,Gracia
1000,2,1,TRUE,FALSE,73,flat,Eixample
950,4,2,TRUE,FALSE,95,flat,Les Corts
997,3,1,TRUE,FALSE,80,flat,Gracia
1190,2,1,FALSE,FALSE,53,flat,Eixample
1850,2,2,FALSE,FALSE,100,flat,Sarria-Sant Gervasi
750,2,1,TRUE,TRUE,70,flat,Sant Andreu
1175,2,1,TRUE,TRUE,67,flat,Eixample
850,2,1,FALSE,FALSE,52,flat,Sarria-Sant Gervasi
890,4,1,FALSE,FALSE,77,flat,Horta- Guinardo
5000,2,2,FALSE,FALSE,105,flat,Gracia
825,3,1,TRUE,FALSE,68,flat,Sant Andreu
1100,1,1,TRUE,FALSE,50,flat,Ciutat Vella
1200,3,2,TRUE,TRUE,90,flat,Les Corts
1850,3,1,FALSE,FALSE,86,flat,Eixample
1900,2,1,FALSE,FALSE,75,flat,Eixample
1850,2,2,FALSE,FALSE,75,flat,Sant Martí
1150,1,1,TRUE,FALSE,42,flat,Sarria-Sant Gervasi
1620,1,1,FALSE,FALSE,45,flat,Ciutat Vella
3200,5,3,TRUE,FALSE,220,flat,Eixample
1550,1,1,TRUE,FALSE,77,flat,Eixample
960,2,1,TRUE,TRUE,55,flat,Ciutat Vella
860,1,1,TRUE,TRUE,55,flat,Ciutat Vella
895,3,1,TRUE,FALSE,71,flat,Sants-Montjuic
1090,2,1,TRUE,FALSE,95,flat,Ciutat Vella
1380,3,2,TRUE,TRUE,210,flat,Ciutat Vella
3300,5,3,TRUE,TRUE,214,flat,Sarria-Sant Gervasi
2100,2,2,TRUE,TRUE,118,flat,Les Corts
1130,2,2,TRUE,TRUE,91,flat,Ciutat Vella
550,1,1,FALSE,FALSE,27,flat,Ciutat Vella
1200,4,1,TRUE,FALSE,89,flat,Sant Andreu
800,2,1,FALSE,FALSE,43,flat,Ciutat Vella
750,2,1,TRUE,FALSE,48,flat,Eixample
975,3,1,FALSE,FALSE,75,flat,Ciutat Vella
1000,4,2,TRUE,FALSE,90,flat,Sants-Montjuic
1100,3,2,TRUE,TRUE,80,flat,Les Corts
1450,3,1,FALSE,FALSE,80,flat,Eixample
1370,4,2,TRUE,FALSE,129,flat,Sants-Montjuic
1007,3,1,FALSE,FALSE,80,flat,Eixample
775,3,1,TRUE,FALSE,50,flat,Sant Andreu
1249,3,2,TRUE,FALSE,90,flat,Eixample
1300,4,1,TRUE,FALSE,97,flat,Les Corts
950,3,1,TRUE,FALSE,74,flat,Les Corts
1350,3,2,TRUE,FALSE,92,flat,Sants-Montjuic
1100,2,2,TRUE,FALSE,80,flat,Sants-Montjuic
1050,3,1,TRUE,FALSE,87,flat,Eixample
3200,6,2,TRUE,FALSE,150,flat,Eixample
1200,3,2,TRUE,FALSE,105,flat,Eixample
880,4,1,FALSE,FALSE,88,flat,Sants-Montjuic
975,4,2,TRUE,FALSE,97,flat,Ciutat Vella
1600,2,1,TRUE,FALSE,60,flat,Eixample
1360,3,2,TRUE,FALSE,92,flat,Sant Martí
1090,4,1,TRUE,TRUE,86,flat,Les Corts
950,3,1,TRUE,TRUE,81,flat,Les Corts
950,3,1,TRUE,TRUE,81,flat,Les Corts
3300,2,2,FALSE,FALSE,120,flat,Eixample
870,2,1,TRUE,TRUE,78,flat,Sant Martí
1200,0,4,TRUE,TRUE,120,flat,Sants-Montjuic
1275,2,2,TRUE,FALSE,80,flat,Sarria-Sant Gervasi
1050,4,2,TRUE,TRUE,90,flat,Eixample
1075,4,2,TRUE,TRUE,90,flat,Eixample
1220,4,2,TRUE,TRUE,105,flat,Eixample
1100,2,1,FALSE,FALSE,55,flat,Les Corts
3900,5,5,TRUE,FALSE,325,flat,Sarria-Sant Gervasi
695,2,1,FALSE,FALSE,51,flat,Sants-Montjuic
775,4,1,FALSE,FALSE,66,flat,Eixample
1850,3,2,FALSE,FALSE,105,flat,Sarria-Sant Gervasi
1100,3,1,FALSE,FALSE,55,flat,Les Corts
980,4,2,TRUE,FALSE,78,flat,Sant Martí
2200,2,1,TRUE,FALSE,65,flat,Sarria-Sant Gervasi
1115,2,1,TRUE,FALSE,55,flat,Eixample
1172,2,1,TRUE,FALSE,58,flat,Eixample
700,1,1,TRUE,FALSE,30,flat,Sants-Montjuic
892,3,1,TRUE,FALSE,85,flat,Sant Martí
600,1,1,FALSE,FALSE,35,flat,Ciutat Vella
770,2,1,TRUE,FALSE,50,flat,Les Corts
1300,3,2,TRUE,TRUE,110,flat,Les Corts
925,2,1,TRUE,FALSE,70,flat,Eixample
655,3,1,TRUE,FALSE,53,flat,Nou Barris
1225,4,4,TRUE,FALSE,147,flat,Eixample
1000,4,2,TRUE,TRUE,78,flat,Les Corts
1310,3,2,TRUE,FALSE,131,flat,Sants-Montjuic
640,1,1,TRUE,FALSE,28,flat,Sants-Montjuic
880,3,1,FALSE,FALSE,65,flat,Eixample
750,1,1,FALSE,FALSE,65,flat,Les Corts
1400,3,2,TRUE,TRUE,122,flat,Les Corts
799,1,1,TRUE,FALSE,60,flat,Sant Martí
690,1,1,TRUE,FALSE,25,flat,Les Corts
700,1,1,FALSE,FALSE,45,flat,Sants-Montjuic
800,2,1,FALSE,FALSE,46,flat,Sant Martí
750,3,1,FALSE,FALSE,76,flat,Sant Andreu
1450,1,1,TRUE,TRUE,70,flat,Eixample
1350,2,2,TRUE,FALSE,77,flat,Eixample
945,2,1,FALSE,FALSE,45,flat,Ciutat Vella
845,1,1,FALSE,FALSE,38,flat,Ciutat Vella
1201,3,2,FALSE,FALSE,82,flat,Sarria-Sant Gervasi
1100,3,1,TRUE,TRUE,75,flat,Sarria-Sant Gervasi
550,0,1,TRUE,FALSE,35,flat,Eixample
1150,3,2,TRUE,FALSE,87,flat,Sants-Montjuic
2100,4,2,TRUE,FALSE,120,flat,Eixample
1500,2,1,TRUE,FALSE,70,flat,Eixample
1300,1,1,TRUE,FALSE,55,flat,Eixample
1950,2,1,TRUE,FALSE,74,flat,Les Corts
1450,4,2,TRUE,FALSE,104,flat,Sant Martí
750,2,1,FALSE,FALSE,54,flat,Sants-Montjuic
750,2,1,FALSE,FALSE,58,flat,Nou Barris
1070,2,1,FALSE,FALSE,65,flat,Eixample
1573,3,2,TRUE,FALSE,140,flat,Sarria-Sant Gervasi
950,3,1,TRUE,FALSE,70,flat,Gracia
1050,2,1,TRUE,FALSE,70,flat,Sants-Montjuic
1180,2,1,TRUE,FALSE,85,flat,Sarria-Sant Gervasi
1200,2,1,TRUE,FALSE,80,flat,Sarria-Sant Gervasi
800,0,1,FALSE,FALSE,32,flat,Ciutat Vella
900,1,1,TRUE,FALSE,50,flat,Sarria-Sant Gervasi
800,2,1,FALSE,TRUE,60,flat,Ciutat Vella
800,1,1,FALSE,FALSE,40,flat,Ciutat Vella
890,3,1,TRUE,FALSE,83,flat,Sant Martí
800,2,2,TRUE,FALSE,68,flat,Sarria-Sant Gervasi
850,1,1,TRUE,FALSE,50,flat,Ciutat Vella
800,3,1,FALSE,FALSE,72,flat,Sants-Montjuic
790,2,1,TRUE,FALSE,54,flat,Sants-Montjuic
860,3,1,FALSE,TRUE,72,flat,Nou Barris
1000,3,2,TRUE,TRUE,90,flat,Eixample
1300,3,2,TRUE,TRUE,80,flat,Eixample
2161,3,2,TRUE,FALSE,151,flat,Sarria-Sant Gervasi
679,2,1,FALSE,FALSE,49,flat,Horta- Guinardo
950,3,2,FALSE,FALSE,90,flat,Ciutat Vella
875,3,1,TRUE,FALSE,90,flat,Ciutat Vella
990,3,2,TRUE,FALSE,92,flat,Gracia
1300,4,1,TRUE,TRUE,107,flat,Les Corts
1750,3,2,TRUE,FALSE,110,flat,Sarria-Sant Gervasi
3500,5,3,TRUE,TRUE,250,flat,Sarria-Sant Gervasi
1100,4,2,TRUE,FALSE,97,flat,Sarria-Sant Gervasi
700,1,1,FALSE,FALSE,50,flat,Ciutat Vella
1200,2,2,FALSE,FALSE,80,flat,Eixample
1150,2,1,TRUE,FALSE,80,flat,Sarria-Sant Gervasi
690,2,1,FALSE,FALSE,50,flat,Ciutat Vella
900,2,1,FALSE,FALSE,69,flat,Eixample
1100,2,1,FALSE,FALSE,65,flat,Sarria-Sant Gervasi
688,1,1,FALSE,FALSE,40,flat,Ciutat Vella
650,1,1,FALSE,FALSE,35,flat,Sant Andreu
890,1,1,FALSE,FALSE,60,flat,Ciutat Vella
670,1,1,FALSE,FALSE,43,flat,Nou Barris
800,3,1,FALSE,FALSE,55,flat,Sant Martí
1300,1,1,TRUE,FALSE,50,flat,Eixample
1290,4,2,TRUE,TRUE,120,flat,Horta- Guinardo
625,1,1,TRUE,FALSE,41,flat,Ciutat Vella
1000,1,1,TRUE,FALSE,50,flat,Eixample
1900,4,3,TRUE,FALSE,220,flat,Eixample
990,2,1,TRUE,FALSE,61,flat,Ciutat Vella
3400,5,4,TRUE,TRUE,220,flat,Sarria-Sant Gervasi
1100,3,2,TRUE,TRUE,70,flat,Sants-Montjuic
1050,1,1,TRUE,FALSE,55,flat,Sarria-Sant Gervasi
2450,3,2,TRUE,FALSE,140,flat,Les Corts
990,2,1,FALSE,FALSE,69,flat,Eixample
1100,4,2,TRUE,FALSE,85,flat,Sant Martí
740,2,1,TRUE,FALSE,50,flat,Gracia
620,1,1,TRUE,FALSE,40,flat,Les Corts
790,2,1,TRUE,FALSE,63,flat,Sant Andreu
2150,4,3,TRUE,FALSE,164,flat,Sarria-Sant Gervasi
1050,4,1,TRUE,FALSE,80,flat,Horta- Guinardo
1550,2,2,TRUE,FALSE,119,flat,Sarria-Sant Gervasi
850,3,1,TRUE,FALSE,58,flat,Sarria-Sant Gervasi
970,2,1,TRUE,FALSE,90,flat,Eixample
835,1,1,TRUE,FALSE,42,flat,Ciutat Vella
1075,3,2,TRUE,FALSE,85,flat,Eixample
1400,2,2,TRUE,FALSE,152,flat,Eixample
880,3,1,TRUE,FALSE,76,flat,Gracia
740,2,1,FALSE,TRUE,60,flat,Horta- Guinardo
1150,3,2,TRUE,FALSE,80,flat,Sarria-Sant Gervasi
725,2,1,TRUE,FALSE,53,flat,Eixample
1050,3,1,FALSE,FALSE,84,flat,Gracia
3200,3,2,TRUE,FALSE,150,flat,Sarria-Sant Gervasi
650,2,1,FALSE,FALSE,35,flat,Ciutat Vella
2000,3,2,TRUE,FALSE,130,flat,Les Corts
725,3,1,TRUE,TRUE,60,flat,Nou Barris
950,3,2,TRUE,FALSE,80,flat,Gracia
978,3,1,TRUE,FALSE,63,flat,Les Corts
2150,4,3,TRUE,TRUE,144,flat,Les Corts
1040,2,2,TRUE,FALSE,64,flat,Sarria-Sant Gervasi
800,2,1,FALSE,FALSE,57,flat,Sants-Montjuic
1550,3,2,TRUE,FALSE,115,flat,Eixample
900,2,1,TRUE,FALSE,72,flat,Eixample
1023,3,2,TRUE,FALSE,62,flat,Gracia
675,1,1,FALSE,FALSE,35,flat,Sarria-Sant Gervasi
675,1,1,FALSE,FALSE,35,flat,Sarria-Sant Gervasi
980,3,2,TRUE,FALSE,102,flat,Sants-Montjuic
1500,4,1,FALSE,TRUE,101,flat,Gracia
7000,6,6,TRUE,FALSE,352,flat,Sarria-Sant Gervasi
1300,1,1,TRUE,FALSE,44,flat,Eixample
1295,2,1,TRUE,FALSE,55,flat,Eixample
1325,2,1,TRUE,FALSE,51,flat,Ciutat Vella
950,2,1,FALSE,FALSE,68,flat,Gracia
1100,2,2,TRUE,FALSE,67,flat,Ciutat Vella
890,2,1,TRUE,FALSE,75,flat,Gracia
1100,3,1,TRUE,FALSE,100,flat,Eixample
1000,1,1,TRUE,FALSE,45,flat,Sarria-Sant Gervasi
1000,1,1,TRUE,FALSE,45,flat,Sarria-Sant Gervasi
1150,3,2,TRUE,TRUE,110,flat,Nou Barris
825,2,1,TRUE,FALSE,80,flat,Sants-Montjuic
2750,5,4,TRUE,FALSE,240,flat,Sarria-Sant Gervasi
800,3,1,FALSE,FALSE,80,flat,Gracia
926,2,1,TRUE,FALSE,50,flat,Les Corts
1299,3,2,FALSE,FALSE,82,flat,Sarria-Sant Gervasi
850,2,1,FALSE,TRUE,53,flat,Gracia
950,3,2,TRUE,FALSE,82,flat,Eixample
3300,5,3,TRUE,TRUE,190,flat,Sarria-Sant Gervasi
700,3,1,FALSE,TRUE,41,flat,Eixample
1200,3,2,FALSE,FALSE,112,flat,Sant Andreu
1450,4,2,TRUE,FALSE,95,flat,Sarria-Sant Gervasi
1500,3,2,TRUE,FALSE,99,flat,Sarria-Sant Gervasi
790,2,1,FALSE,FALSE,62,flat,Sants-Montjuic
995,3,1,TRUE,TRUE,87,flat,Sant Martí
750,3,1,TRUE,FALSE,62,flat,Sant Andreu
1000,2,1,FALSE,TRUE,70,flat,Gracia
625,1,1,FALSE,FALSE,35,flat,Sants-Montjuic
821,3,1,TRUE,FALSE,70,flat,Sant Andreu
850,2,1,TRUE,FALSE,60,flat,Eixample
795,3,1,FALSE,FALSE,70,flat,Sant Martí
750,2,1,FALSE,FALSE,51,flat,Gracia
1250,4,2,TRUE,FALSE,128,flat,Eixample
1400,4,2,TRUE,FALSE,112,flat,Les Corts
825,2,1,TRUE,FALSE,43,flat,Gracia
1000,2,2,TRUE,FALSE,73,flat,Gracia
1150,2,2,FALSE,FALSE,56,flat,Gracia
1150,2,2,FALSE,FALSE,61,flat,Gracia
750,2,1,FALSE,FALSE,68,flat,Ciutat Vella
2300,3,2,TRUE,FALSE,93,flat,Eixample
1525,4,2,TRUE,FALSE,156,flat,Eixample
2600,5,3,TRUE,TRUE,143,flat,Sarria-Sant Gervasi
1390,5,2,TRUE,FALSE,122,flat,Gracia
1180,2,1,FALSE,FALSE,65,flat,Sant Martí
1390,1,1,TRUE,TRUE,60,flat,Les Corts
1000,3,1,TRUE,FALSE,70,flat,Sants-Montjuic
1000,3,1,TRUE,FALSE,70,flat,Sants-Montjuic
1220,4,2,FALSE,FALSE,120,flat,Eixample
1180,3,2,TRUE,FALSE,100,flat,Eixample
800,2,1,TRUE,FALSE,55,flat,Eixample
1050,2,1,FALSE,FALSE,55,flat,Les Corts
900,4,2,TRUE,TRUE,78,flat,Les Corts
900,2,1,TRUE,FALSE,70,flat,Eixample
2200,4,2,TRUE,FALSE,158,flat,Sarria-Sant Gervasi
700,1,1,TRUE,FALSE,38,flat,Sants-Montjuic
925,2,1,TRUE,FALSE,56,flat,Sarria-Sant Gervasi
850,2,1,TRUE,FALSE,67,flat,Ciutat Vella
980,3,2,TRUE,FALSE,75,flat,Gracia
700,3,1,FALSE,FALSE,65,flat,Horta- Guinardo
800,2,1,TRUE,FALSE,60,flat,Eixample
700,1,1,FALSE,FALSE,48,flat,Nou Barris
845,3,1,FALSE,FALSE,68,flat,Les Corts
850,2,2,TRUE,FALSE,75,flat,Eixample
1300,3,2,FALSE,FALSE,130,flat,Ciutat Vella
600,1,1,TRUE,FALSE,40,flat,Ciutat Vella
1373,3,2,TRUE,FALSE,80,flat,Eixample
800,1,1,FALSE,FALSE,48,flat,Ciutat Vella
900,1,1,TRUE,TRUE,55,flat,Eixample
1350,1,1,FALSE,FALSE,111,flat,Ciutat Vella
995,2,4,TRUE,FALSE,60,flat,Eixample
1026,2,1,TRUE,TRUE,53,flat,Sant Martí
1100,3,1,TRUE,FALSE,90,flat,Eixample
1050,3,2,TRUE,FALSE,90,flat,Eixample
850,4,1,TRUE,TRUE,75,flat,Sant Martí
1050,2,1,TRUE,FALSE,80,flat,Eixample
1190,2,2,TRUE,FALSE,54,flat,Sants-Montjuic
1700,4,2,TRUE,FALSE,160,flat,Sarria-Sant Gervasi
875,2,1,FALSE,FALSE,50,flat,Gracia
2400,5,4,TRUE,TRUE,240,flat,Sarria-Sant Gervasi
1450,3,2,TRUE,FALSE,120,flat,Eixample
1200,3,1,TRUE,FALSE,75,flat,Eixample
1100,2,1,TRUE,FALSE,70,flat,Gracia
2500,3,2,TRUE,TRUE,125,flat,Eixample
1250,2,2,TRUE,FALSE,94,flat,Sarria-Sant Gervasi
875,4,1,FALSE,FALSE,65,flat,Eixample
2150,2,2,TRUE,FALSE,80,flat,Eixample
850,2,1,TRUE,FALSE,81,flat,Ciutat Vella
1020,3,2,TRUE,FALSE,90,flat,Sants-Montjuic
975,3,1,TRUE,FALSE,74,flat,Gracia
1320,2,1,FALSE,TRUE,93,flat,Sarria-Sant Gervasi
2300,4,3,TRUE,FALSE,150,flat,Eixample
1500,3,2,TRUE,FALSE,92,flat,Les Corts
1000,3,1,TRUE,FALSE,82,flat,Eixample
1000,4,1,TRUE,FALSE,60,flat,Eixample
890,2,2,FALSE,FALSE,65,flat,Ciutat Vella
1150,3,2,TRUE,FALSE,87,flat,Sants-Montjuic
1000,2,1,FALSE,FALSE,48,flat,Ciutat Vella
1300,3,1,FALSE,FALSE,107,flat,Les Corts
1000,3,1,FALSE,FALSE,80,flat,Ciutat Vella
1100,4,2,TRUE,FALSE,82,flat,Eixample
980,4,2,TRUE,FALSE,97,flat,Eixample
1300,4,2,TRUE,FALSE,90,flat,Les Corts
950,3,1,TRUE,FALSE,70,flat,Sants-Montjuic
1200,3,1,TRUE,FALSE,65,flat,Les Corts
875,2,2,TRUE,FALSE,93,flat,Ciutat Vella
800,3,1,TRUE,FALSE,67,flat,Sant Andreu
650,0,1,TRUE,FALSE,32,flat,Eixample
1008,3,1,TRUE,TRUE,80,flat,Eixample
980,3,1,TRUE,FALSE,75,flat,Les Corts
1290,3,2,TRUE,FALSE,92,flat,Eixample
780,3,1,FALSE,FALSE,58,flat,Ciutat Vella
950,2,1,TRUE,FALSE,70,flat,Les Corts
890,4,2,TRUE,FALSE,95,flat,Sants-Montjuic
800,1,1,FALSE,TRUE,30,flat,Ciutat Vella
1300,2,1,TRUE,FALSE,54,flat,Eixample
900,3,1,FALSE,FALSE,65,flat,Ciutat Vella
900,3,1,FALSE,FALSE,65,flat,Ciutat Vella
1500,3,2,TRUE,FALSE,81,flat,Sarria-Sant Gervasi
625,1,1,TRUE,FALSE,32,flat,Gracia
950,3,1,TRUE,FALSE,66,flat,Sarria-Sant Gervasi
1400,4,2,TRUE,FALSE,106,flat,Sarria-Sant Gervasi
3200,4,3,FALSE,FALSE,168,flat,Sarria-Sant Gervasi
1175,2,2,TRUE,FALSE,80,flat,Eixample
1184,3,2,TRUE,FALSE,80,flat,Eixample
950,3,1,TRUE,FALSE,83,flat,Sarria-Sant Gervasi
1400,2,1,TRUE,FALSE,80,flat,Sarria-Sant Gervasi
995,3,1,TRUE,TRUE,75,flat,Sant Andreu
1250,3,2,TRUE,TRUE,87,flat,Eixample
1075,4,2,TRUE,TRUE,115,flat,Eixample
1000,3,2,TRUE,FALSE,82,flat,Sarria-Sant Gervasi
850,3,1,TRUE,FALSE,87,flat,Sarria-Sant Gervasi
1095,1,1,TRUE,FALSE,45,flat,Eixample
1150,2,1,TRUE,FALSE,60,flat,Eixample
1150,3,1,TRUE,FALSE,101,flat,Sant Martí
1700,3,1,TRUE,FALSE,75,flat,Sarria-Sant Gervasi
620,2,1,FALSE,FALSE,54,flat,Nou Barris
1150,3,1,TRUE,TRUE,71,flat,Sarria-Sant Gervasi
990,4,4,FALSE,TRUE,89,flat,Eixample
950,2,1,TRUE,FALSE,60,flat,Les Corts
1450,3,2,FALSE,FALSE,97,flat,Sarria-Sant Gervasi
1245,2,1,TRUE,FALSE,66,flat,Eixample
895,1,2,TRUE,FALSE,45,flat,Sarria-Sant Gervasi
895,1,1,TRUE,FALSE,40,flat,Gracia
1100,3,2,TRUE,FALSE,96,flat,Sarria-Sant Gervasi
1100,4,2,TRUE,FALSE,102,flat,Gracia
650,2,1,FALSE,FALSE,40,flat,Ciutat Vella
1050,3,1,TRUE,FALSE,83,flat,Eixample
1150,4,2,TRUE,FALSE,90,flat,Gracia
1100,2,2,FALSE,FALSE,105,flat,Eixample
1050,3,2,TRUE,FALSE,83,flat,Sant Andreu
1650,3,2,TRUE,FALSE,110,flat,Les Corts
1100,3,2,TRUE,FALSE,98,flat,Les Corts
2700,2,1,TRUE,FALSE,60,flat,Sarria-Sant Gervasi
700,2,1,FALSE,FALSE,60,flat,Sants-Montjuic
950,1,1,TRUE,FALSE,48,flat,Sarria-Sant Gervasi
895,2,2,FALSE,TRUE,57,flat,Horta- Guinardo
1030,3,2,TRUE,FALSE,55,flat,Eixample
750,1,1,TRUE,FALSE,45,flat,Sarria-Sant Gervasi
1110,3,1,TRUE,FALSE,73,flat,Eixample
990,3,2,TRUE,TRUE,82,flat,Eixample
800,3,1,TRUE,FALSE,65,flat,Sants-Montjuic
5800,4,3,TRUE,FALSE,220,flat,Eixample
4700,3,3,TRUE,TRUE,224,flat,Sarria-Sant Gervasi
900,3,1,TRUE,FALSE,60,flat,Eixample
1200,4,2,TRUE,TRUE,100,flat,Eixample
950,4,2,FALSE,FALSE,93,flat,Eixample
800,2,1,FALSE,FALSE,60,flat,Gracia
1100,4,2,TRUE,TRUE,95,flat,Sarria-Sant Gervasi
985,3,2,TRUE,FALSE,75,flat,Eixample
946,3,1,TRUE,FALSE,80,flat,Sants-Montjuic
915,3,2,TRUE,TRUE,85,flat,Les Corts
1188,3,2,TRUE,TRUE,90,flat,Eixample
899,3,1,TRUE,FALSE,74,flat,Les Corts
965,3,1,TRUE,FALSE,80,flat,Sant Martí
800,2,1,TRUE,FALSE,50,flat,Sant Martí
800,1,1,TRUE,FALSE,40,flat,Eixample
1280,3,1,TRUE,FALSE,68,flat,Sant Martí
990,3,2,TRUE,FALSE,90,flat,Eixample
1150,4,2,TRUE,FALSE,90,flat,Eixample
1560,3,2,TRUE,TRUE,77,flat,Sant Martí
1460,3,2,TRUE,TRUE,77,flat,Sant Martí
950,3,1,TRUE,TRUE,89,flat,Gracia
1000,4,2,TRUE,FALSE,120,flat,Sarria-Sant Gervasi
980,3,1,TRUE,TRUE,59,flat,Eixample
800,3,1,TRUE,FALSE,75,flat,Horta- Guinardo
2550,5,3,TRUE,TRUE,166,flat,Les Corts
1000,4,2,TRUE,FALSE,120,flat,Sarria-Sant Gervasi
950,3,1,TRUE,FALSE,79,flat,Sarria-Sant Gervasi
775,3,2,FALSE,FALSE,60,flat,Sants-Montjuic
1050,3,2,TRUE,FALSE,115,flat,Sants-Montjuic
1050,1,1,FALSE,FALSE,75,flat,Ciutat Vella
1690,5,3,TRUE,TRUE,151,flat,Eixample
900,0,1,TRUE,FALSE,58,flat,Eixample
700,3,1,TRUE,FALSE,52,flat,Ciutat Vella
1300,4,1,TRUE,FALSE,107,flat,Les Corts
1200,3,2,TRUE,FALSE,90,flat,Eixample
900,3,1,TRUE,FALSE,70,flat,Sant Martí
1300,2,2,TRUE,TRUE,110,flat,Eixample
850,3,1,TRUE,FALSE,71,flat,Eixample
830,2,1,TRUE,FALSE,82,flat,Gracia
875,2,2,TRUE,FALSE,89,flat,Sants-Montjuic
1795,3,3,TRUE,FALSE,96,flat,Eixample
1795,3,4,TRUE,FALSE,117,flat,Sant Martí
1150,2,1,TRUE,FALSE,75,flat,Sarria-Sant Gervasi
800,1,1,TRUE,FALSE,57,flat,Sants-Montjuic
800,3,2,TRUE,TRUE,61,flat,Gracia
790,3,1,TRUE,FALSE,62,flat,Nou Barris
850,3,1,TRUE,FALSE,61,flat,Sant Martí
475,1,1,FALSE,FALSE,26,flat,Sant Martí
875,3,1,TRUE,FALSE,74,flat,Ciutat Vella
2130,5,2,TRUE,TRUE,160,flat,Sarria-Sant Gervasi
895,4,1,TRUE,FALSE,96,flat,Sant Andreu
1075,2,1,TRUE,FALSE,77,flat,Sant Martí
750,2,1,FALSE,FALSE,65,flat,Sants-Montjuic
980,3,1,TRUE,FALSE,85,flat,Eixample
1380,4,2,TRUE,TRUE,100,flat,Sants-Montjuic
850,0,1,FALSE,FALSE,75,flat,Sarria-Sant Gervasi
850,3,2,TRUE,FALSE,75,flat,Ciutat Vella
750,1,1,FALSE,FALSE,42,flat,Sants-Montjuic
850,2,1,TRUE,FALSE,60,flat,Sant Martí
890,2,1,FALSE,FALSE,60,flat,Gracia
1100,3,1,TRUE,FALSE,55,flat,Sarria-Sant Gervasi
3000,2,1,TRUE,FALSE,85,flat,Gracia
950,3,1,TRUE,TRUE,73,flat,Sant Martí
4500,4,3,TRUE,FALSE,130,flat,Eixample
1700,3,2,TRUE,TRUE,85,flat,Sarria-Sant Gervasi
2700,4,3,TRUE,FALSE,150,flat,Sarria-Sant Gervasi
885,2,1,FALSE,FALSE,54,flat,Gracia
850,3,2,TRUE,FALSE,77,flat,Sants-Montjuic
1000,3,2,TRUE,FALSE,87,flat,Eixample
1081,3,2,TRUE,FALSE,69,flat,Sants-Montjuic
1150,2,2,TRUE,TRUE,79,flat,Sarria-Sant Gervasi
1350,3,2,TRUE,FALSE,128,flat,Sant Andreu
775,2,1,TRUE,FALSE,80,flat,Ciutat Vella
875,4,1,TRUE,FALSE,71,flat,Sant Andreu
850,3,1,TRUE,FALSE,68,flat,Eixample
1150,4,1,TRUE,TRUE,107,flat,Les Corts
1800,2,2,TRUE,TRUE,80,flat,Ciutat Vella
900,2,2,TRUE,FALSE,116,flat,Eixample
1075,4,2,TRUE,FALSE,126,flat,Eixample
1732,4,2,TRUE,FALSE,145,flat,Eixample
3050,4,2,TRUE,FALSE,210,flat,Sant Martí
1207,2,1,TRUE,FALSE,70,flat,Les Corts
720,1,1,FALSE,FALSE,48,flat,Ciutat Vella
900,4,1,TRUE,FALSE,87,flat,Gracia
900,3,2,TRUE,FALSE,100,flat,Gracia
1090,1,1,TRUE,FALSE,59,flat,Sarria-Sant Gervasi
640,2,1,FALSE,FALSE,66,flat,Horta- Guinardo
1000,3,2,TRUE,TRUE,94,flat,Eixample
570,1,1,FALSE,FALSE,35,flat,Ciutat Vella
800,1,1,TRUE,TRUE,70,flat,Eixample
995,3,1,TRUE,FALSE,80,flat,Gracia
900,2,1,TRUE,FALSE,59,flat,Horta- Guinardo
1100,2,1,FALSE,FALSE,70,flat,Ciutat Vella
1080,3,2,FALSE,FALSE,90,flat,Ciutat Vella
805,2,1,TRUE,FALSE,64,flat,Ciutat Vella
795,2,1,TRUE,FALSE,61,flat,Les Corts
1243,1,1,TRUE,TRUE,61,flat,Sarria-Sant Gervasi
2312,4,2,TRUE,TRUE,197,flat,Eixample
1300,1,1,TRUE,TRUE,52,flat,Sants-Montjuic
950,2,2,FALSE,FALSE,65,flat,Gracia
975,2,2,FALSE,FALSE,70,flat,Gracia
1300,1,1,TRUE,FALSE,73,flat,Sarria-Sant Gervasi
1600,3,2,TRUE,FALSE,110,flat,Eixample
995,2,1,FALSE,FALSE,70,flat,Gracia
1100,3,2,TRUE,FALSE,70,flat,Eixample
925,2,1,TRUE,FALSE,60,flat,Sants-Montjuic
1150,3,2,TRUE,FALSE,70,flat,Eixample
950,2,1,TRUE,FALSE,64,flat,Eixample
825,3,1,TRUE,FALSE,70,flat,Sants-Montjuic
800,2,1,FALSE,FALSE,55,flat,Ciutat Vella
1880,3,2,TRUE,FALSE,129,flat,Sarria-Sant Gervasi
899,4,2,FALSE,FALSE,71,flat,Gracia
1360,2,2,TRUE,TRUE,120,flat,Horta- Guinardo
935,3,2,TRUE,FALSE,68,flat,Eixample
995,1,1,FALSE,FALSE,70,flat,Sants-Montjuic
900,1,1,TRUE,FALSE,55,flat,Gracia
1400,1,1,TRUE,TRUE,71,flat,Sarria-Sant Gervasi
1995,4,8,FALSE,FALSE,100,flat,Eixample
1150,1,1,TRUE,FALSE,42,flat,Ciutat Vella
995,2,2,FALSE,FALSE,52,flat,Gracia
995,2,2,FALSE,FALSE,52,flat,Gracia
1400,3,2,TRUE,FALSE,77,flat,Sants-Montjuic
1250,2,1,TRUE,FALSE,65,flat,Eixample
1035,3,1,TRUE,FALSE,93,flat,Sant Martí
975,4,2,TRUE,FALSE,90,flat,Eixample
900,4,1,TRUE,FALSE,70,flat,Sants-Montjuic
1600,2,1,TRUE,FALSE,70,flat,Eixample
1200,5,2,TRUE,TRUE,112,flat,Ciutat Vella
1400,4,2,TRUE,FALSE,135,flat,Les Corts
600,1,1,FALSE,FALSE,35,flat,Ciutat Vella
690,2,1,TRUE,FALSE,49,flat,Sant Martí
810,3,1,TRUE,FALSE,49,flat,Gracia
850,2,1,TRUE,FALSE,42,flat,Sarria-Sant Gervasi
1430,2,1,TRUE,FALSE,57,flat,Eixample
1765,2,2,TRUE,FALSE,127,flat,Sant Martí
1150,3,2,TRUE,FALSE,82,flat,Eixample
780,2,1,FALSE,FALSE,62,flat,Ciutat Vella
1100,3,2,TRUE,FALSE,85,flat,Les Corts
800,1,1,TRUE,TRUE,45,flat,Eixample
750,2,1,TRUE,FALSE,58,flat,Sarria-Sant Gervasi
1000,3,1,FALSE,TRUE,67,flat,Eixample
2700,3,2,TRUE,FALSE,120,flat,Sant Martí
1580,3,2,TRUE,TRUE,120,flat,Ciutat Vella
1150,2,1,TRUE,FALSE,57,flat,Eixample
770,2,1,FALSE,FALSE,60,flat,Ciutat Vella
900,2,1,TRUE,TRUE,43,flat,Horta- Guinardo
700,1,1,FALSE,FALSE,47,flat,Sant Andreu
1700,3,2,TRUE,FALSE,140,flat,Sarria-Sant Gervasi
900,2,1,FALSE,FALSE,94,flat,Ciutat Vella
1200,2,2,TRUE,FALSE,70,flat,Ciutat Vella
1600,4,2,TRUE,FALSE,113,flat,Les Corts
1700,7,3,TRUE,FALSE,220,flat,Gracia
995,3,1,TRUE,FALSE,74,flat,Horta- Guinardo
1000,2,1,TRUE,FALSE,55,flat,Ciutat Vella
1050,2,1,TRUE,TRUE,75,flat,Ciutat Vella
950,2,1,FALSE,TRUE,64,flat,Ciutat Vella
950,2,1,TRUE,FALSE,68,flat,Les Corts
1280,3,2,TRUE,FALSE,89,flat,Sarria-Sant Gervasi
3700,4,3,TRUE,TRUE,180,flat,Sarria-Sant Gervasi
800,2,1,FALSE,FALSE,55,flat,Gracia
1459,2,3,TRUE,FALSE,72,flat,Eixample
741,2,1,FALSE,TRUE,58,flat,Eixample
1219,4,1,FALSE,FALSE,92,flat,Gracia
890,3,1,FALSE,FALSE,85,flat,Eixample
750,3,1,FALSE,FALSE,56,flat,Eixample
1326,1,2,TRUE,FALSE,53,flat,Eixample
793,2,2,FALSE,FALSE,65,flat,Sants-Montjuic
1246,1,2,TRUE,FALSE,40,flat,Eixample
3300,2,2,TRUE,TRUE,180,flat,Eixample
775,2,2,TRUE,FALSE,50,flat,Eixample
1300,4,1,TRUE,FALSE,90,flat,Les Corts
1006,2,1,FALSE,FALSE,73,flat,Sant Martí
2400,3,3,TRUE,FALSE,153,flat,Eixample
813,3,1,TRUE,FALSE,54,flat,Sants-Montjuic
950,1,1,TRUE,FALSE,54,flat,Eixample
850,3,1,FALSE,FALSE,78,flat,Sant Andreu
700,2,1,FALSE,FALSE,41,flat,Sant Martí
1950,2,2,TRUE,FALSE,100,flat,Eixample
1520,4,2,TRUE,FALSE,150,flat,Eixample
775,2,1,TRUE,FALSE,70,flat,Nou Barris
1300,2,1,TRUE,TRUE,111,flat,Les Corts
1100,1,1,TRUE,TRUE,70,flat,Eixample
850,3,1,TRUE,FALSE,63,flat,Sant Andreu
1250,2,2,TRUE,FALSE,74,flat,Les Corts
990,2,1,TRUE,FALSE,69,flat,Eixample
2400,4,3,TRUE,FALSE,153,flat,Sarria-Sant Gervasi
1300,2,1,TRUE,TRUE,75,flat,Gracia
875,3,2,TRUE,FALSE,65,flat,Eixample
850,1,1,FALSE,FALSE,60,flat,Ciutat Vella
850,2,1,TRUE,FALSE,55,flat,Les Corts
1100,4,1,TRUE,FALSE,90,flat,Les Corts
1100,2,1,TRUE,FALSE,65,flat,Sarria-Sant Gervasi
1900,5,2,TRUE,FALSE,141,flat,Eixample
990,3,1,TRUE,FALSE,90,flat,Eixample
900,3,2,FALSE,FALSE,59,flat,Sant Martí
1050,1,1,TRUE,FALSE,65,flat,Gracia
775,3,1,TRUE,FALSE,50,flat,Eixample
736,1,1,TRUE,FALSE,46,flat,Eixample
695,3,1,FALSE,FALSE,59,flat,Sant Martí
825,3,1,FALSE,FALSE,63,flat,Horta- Guinardo
975,4,2,TRUE,FALSE,68,flat,Gracia
1190,4,2,TRUE,FALSE,95,flat,Eixample
895,3,1,FALSE,FALSE,64,flat,Gracia
1200,4,2,TRUE,FALSE,76,flat,Eixample
895,1,1,TRUE,FALSE,61,flat,Eixample
1180,2,1,TRUE,FALSE,63,flat,Sarria-Sant Gervasi
1600,3,2,TRUE,TRUE,93,flat,Sarria-Sant Gervasi
650,1,1,FALSE,FALSE,34,flat,Ciutat Vella
1230,2,1,TRUE,FALSE,63,flat,Sarria-Sant Gervasi
1230,2,1,TRUE,FALSE,63,flat,Sarria-Sant Gervasi
1000,1,1,TRUE,FALSE,57,flat,Sarria-Sant Gervasi
1050,1,1,TRUE,FALSE,53,flat,Sarria-Sant Gervasi
1030,2,1,TRUE,FALSE,64,flat,Sarria-Sant Gervasi
1150,1,1,TRUE,FALSE,49,flat,Eixample
1130,2,1,TRUE,FALSE,61,flat,Sarria-Sant Gervasi
1150,1,1,TRUE,FALSE,60,flat,Eixample
900,2,1,FALSE,FALSE,52,flat,Sants-Montjuic
1950,3,2,TRUE,FALSE,104,flat,Sarria-Sant Gervasi
800,1,2,TRUE,FALSE,42,flat,Eixample
825,2,1,FALSE,FALSE,45,flat,Eixample
900,1,1,TRUE,FALSE,50,flat,Sarria-Sant Gervasi
950,3,1,TRUE,FALSE,90,flat,Sarria-Sant Gervasi
1100,2,1,TRUE,FALSE,65,flat,Eixample
1150,3,1,TRUE,TRUE,81,flat,Gracia
800,1,2,TRUE,FALSE,42,flat,Eixample
800,3,1,TRUE,FALSE,65,flat,Horta- Guinardo
800,1,1,TRUE,FALSE,65,flat,Sant Martí
730,1,1,TRUE,FALSE,53,flat,Eixample
950,4,2,TRUE,FALSE,80,flat,Sant Martí
745,3,1,TRUE,FALSE,65,flat,Nou Barris
850,1,1,TRUE,FALSE,65,flat,Ciutat Vella
1350,3,2,TRUE,FALSE,100,flat,Sarria-Sant Gervasi
1100,3,1,TRUE,TRUE,103,flat,Eixample
950,3,1,TRUE,TRUE,91,flat,Eixample
800,2,1,TRUE,TRUE,45,flat,Eixample
775,2,1,TRUE,TRUE,52,flat,Eixample
890,4,1,TRUE,TRUE,75,flat,Eixample
915,2,1,TRUE,FALSE,70,flat,Eixample
1150,2,1,TRUE,TRUE,70,flat,Eixample
1175,3,1,TRUE,TRUE,87,flat,Eixample
1100,2,1,TRUE,FALSE,65,flat,Eixample
870,3,1,TRUE,TRUE,71,flat,Sant Martí
800,2,1,TRUE,TRUE,60,flat,Ciutat Vella
975,3,1,TRUE,FALSE,93,flat,Gracia
1050,2,1,FALSE,FALSE,60,flat,Gracia
1125,4,2,TRUE,FALSE,85,flat,Eixample
1200,3,2,TRUE,FALSE,76,flat,Sarria-Sant Gervasi
1425,3,2,TRUE,FALSE,86,flat,Eixample
1050,3,2,TRUE,FALSE,80,flat,Sarria-Sant Gervasi
1600,2,2,TRUE,FALSE,83,flat,Sarria-Sant Gervasi
900,3,1,TRUE,TRUE,95,flat,Sant Martí
890,1,1,TRUE,FALSE,50,flat,Sants-Montjuic
750,1,1,TRUE,FALSE,25,flat,Ciutat Vella
982,2,2,TRUE,FALSE,76,flat,Sarria-Sant Gervasi
1000,3,1,TRUE,FALSE,80,flat,Horta- Guinardo
1050,4,2,TRUE,FALSE,100,flat,Eixample
1500,3,2,TRUE,FALSE,80,flat,Eixample
1104,2,2,TRUE,FALSE,57,flat,Eixample
1195,3,1,TRUE,FALSE,80,flat,Gracia
1470,1,1,TRUE,FALSE,89,flat,Les Corts
1200,2,2,TRUE,FALSE,72,flat,Eixample
1100,1,1,TRUE,FALSE,57,flat,Gracia
1032,3,1,TRUE,FALSE,65,flat,Gracia
876,1,1,TRUE,FALSE,46,flat,Sarria-Sant Gervasi
1021,1,1,TRUE,FALSE,50,flat,Sarria-Sant Gervasi
1025,0,1,TRUE,FALSE,49,flat,Sarria-Sant Gervasi
600,1,1,FALSE,FALSE,41,flat,Sants-Montjuic
4000,4,4,TRUE,TRUE,296,flat,Ciutat Vella
1750,4,2,TRUE,TRUE,150,flat,Eixample
900,3,1,FALSE,TRUE,68,flat,Nou Barris
1000,4,1,FALSE,FALSE,80,flat,Sant Martí
750,2,1,FALSE,FALSE,47,flat,Ciutat Vella
750,3,1,FALSE,FALSE,65,flat,Horta- Guinardo
825,3,1,TRUE,FALSE,70,flat,Gracia
1080,1,1,FALSE,FALSE,75,flat,Ciutat Vella
1000,3,2,FALSE,FALSE,120,flat,Gracia
775,3,1,TRUE,TRUE,62,flat,Horta- Guinardo
1500,3,2,FALSE,FALSE,118,flat,Eixample
875,3,2,TRUE,FALSE,80,flat,Eixample
650,3,1,FALSE,FALSE,46,flat,Gracia
721,3,1,FALSE,FALSE,60,flat,Sants-Montjuic
650,1,1,TRUE,TRUE,48,flat,Eixample
700,1,1,FALSE,FALSE,55,flat,Ciutat Vella
1100,3,1,TRUE,FALSE,82,flat,Sarria-Sant Gervasi
3900,3,2,FALSE,FALSE,160,flat,Sarria-Sant Gervasi
990,3,2,TRUE,FALSE,90,flat,Sant Martí
1260,3,2,TRUE,FALSE,118,flat,Eixample
1700,3,2,TRUE,FALSE,134,flat,Eixample
2000,2,2,TRUE,FALSE,90,flat,Eixample
1100,2,1,FALSE,FALSE,64,flat,Sants-Montjuic
1100,2,2,TRUE,FALSE,80,flat,Ciutat Vella
900,2,1,TRUE,FALSE,50,flat,Sarria-Sant Gervasi
630,1,1,FALSE,FALSE,43,flat,Sants-Montjuic
750,0,1,FALSE,FALSE,58,flat,Nou Barris
875,3,1,TRUE,FALSE,62,flat,Eixample
1100,3,1,FALSE,FALSE,102,flat,Sant Andreu
780,2,1,FALSE,FALSE,57,flat,Sarria-Sant Gervasi
1434,2,1,TRUE,FALSE,60,flat,Eixample
1434,2,1,TRUE,FALSE,60,flat,Eixample
1695,2,4,TRUE,FALSE,65,flat,Eixample
2750,3,2,TRUE,FALSE,200,flat,Eixample
795,1,1,FALSE,FALSE,40,flat,Eixample
1261,2,1,TRUE,FALSE,65,flat,Eixample
1228,2,1,TRUE,FALSE,63,flat,Eixample
1300,1,2,TRUE,FALSE,60,flat,Eixample
1315,2,1,TRUE,FALSE,65,flat,Eixample
1278,2,1,TRUE,FALSE,63,flat,Eixample
1195,2,1,FALSE,FALSE,55,flat,Eixample
1246,1,1,TRUE,FALSE,51,flat,Eixample
1095,2,1,FALSE,FALSE,60,flat,Sant Martí
995,2,1,FALSE,FALSE,75,flat,Ciutat Vella
1251,2,1,TRUE,FALSE,60,flat,Eixample
1050,2,4,TRUE,TRUE,60,flat,Sants-Montjuic
1246,2,1,TRUE,FALSE,63,flat,Eixample
850,2,1,TRUE,FALSE,60,flat,Nou Barris
900,3,1,TRUE,TRUE,70,flat,Gracia
590,1,1,TRUE,FALSE,41,flat,Sarria-Sant Gervasi
600,1,1,TRUE,TRUE,70,flat,Eixample
825,3,1,TRUE,FALSE,70,flat,Gracia
850,3,1,TRUE,FALSE,75,flat,Gracia
650,1,1,TRUE,FALSE,42,flat,Ciutat Vella
847,2,1,TRUE,FALSE,70,flat,Eixample
1045,1,1,TRUE,FALSE,65,flat,Ciutat Vella
1950,3,2,TRUE,TRUE,130,flat,Eixample
870,2,1,TRUE,TRUE,62,flat,Eixample
925,3,1,TRUE,FALSE,83,flat,Eixample
1700,2,2,TRUE,FALSE,70,flat,Eixample
1350,3,1,TRUE,TRUE,112,flat,Eixample
1590,1,1,TRUE,FALSE,60,flat,Les Corts
1250,3,2,TRUE,FALSE,115,flat,Eixample
1550,3,2,TRUE,FALSE,113,flat,Sant Martí
900,1,2,TRUE,TRUE,80,flat,Ciutat Vella
660,0,1,FALSE,FALSE,47,flat,Sant Andreu
950,2,1,TRUE,FALSE,70,flat,Sarria-Sant Gervasi
950,1,1,FALSE,FALSE,55,flat,Sarria-Sant Gervasi
850,3,1,TRUE,FALSE,60,flat,Sarria-Sant Gervasi
750,3,1,FALSE,TRUE,62,flat,Ciutat Vella
900,2,1,FALSE,FALSE,60,flat,Les Corts
1090,4,2,TRUE,FALSE,67,flat,Eixample
1400,3,2,TRUE,FALSE,113,flat,Eixample
690,2,1,FALSE,FALSE,34,flat,Ciutat Vella
1028,3,1,TRUE,FALSE,69,flat,Sarria-Sant Gervasi
995,2,2,TRUE,FALSE,62,flat,Ciutat Vella
2200,3,2,TRUE,TRUE,120,flat,Eixample
1100,1,1,TRUE,FALSE,85,flat,Eixample
1150,4,2,TRUE,FALSE,118,flat,Eixample
830,3,1,TRUE,FALSE,70,flat,Eixample
1450,5,2,TRUE,FALSE,130,flat,Eixample
885,4,2,TRUE,TRUE,88,flat,Eixample
1170,4,2,TRUE,TRUE,86,flat,Eixample
1100,1,1,TRUE,FALSE,50,flat,Eixample
1900,2,1,TRUE,TRUE,140,flat,Eixample
950,2,1,TRUE,FALSE,64,flat,Sarria-Sant Gervasi
1950,3,2,TRUE,FALSE,100,flat,Sarria-Sant Gervasi
695,1,1,FALSE,FALSE,50,flat,Ciutat Vella
1500,3,2,TRUE,FALSE,108,flat,Eixample
850,3,2,FALSE,FALSE,70,flat,Eixample
750,1,1,FALSE,FALSE,70,flat,Sarria-Sant Gervasi
1250,4,2,TRUE,FALSE,111,flat,Sarria-Sant Gervasi
900,3,1,TRUE,FALSE,75,flat,Les Corts
775,3,1,TRUE,FALSE,70,flat,Eixample
1300,2,2,TRUE,FALSE,92,flat,Eixample
725,2,1,FALSE,FALSE,87,flat,Ciutat Vella
1800,2,1,TRUE,FALSE,97,flat,Eixample
1049,2,1,TRUE,FALSE,71,flat,Eixample
1125,3,1,TRUE,FALSE,75,flat,Sarria-Sant Gervasi
1400,2,2,TRUE,FALSE,130,flat,Eixample
1100,2,1,TRUE,FALSE,85,flat,Eixample
925,3,1,TRUE,FALSE,70,flat,Les Corts
1500,4,3,TRUE,FALSE,110,flat,Sarria-Sant Gervasi
2300,3,2,TRUE,FALSE,195,flat,Sarria-Sant Gervasi
950,3,2,TRUE,FALSE,95,flat,Gracia
850,2,1,TRUE,FALSE,65,flat,Sarria-Sant Gervasi
2100,4,2,TRUE,FALSE,160,flat,Eixample
1800,3,2,TRUE,TRUE,80,flat,Sarria-Sant Gervasi
640,1,1,TRUE,FALSE,23,flat,Sants-Montjuic
3300,3,3,TRUE,FALSE,140,flat,Eixample
1950,2,1,TRUE,FALSE,60,flat,Eixample
1425,4,2,TRUE,FALSE,113,flat,Sants-Montjuic
1000,2,2,TRUE,FALSE,75,flat,Eixample
1450,2,2,TRUE,FALSE,117,flat,Eixample
1100,4,2,TRUE,FALSE,90,flat,Gracia
995,1,1,TRUE,FALSE,65,flat,Ciutat Vella
1250,3,2,TRUE,FALSE,64,flat,Eixample
1272,1,1,TRUE,FALSE,67,flat,Eixample
1100,2,1,TRUE,TRUE,65,flat,Gracia
5900,5,4,TRUE,FALSE,390,flat,Sarria-Sant Gervasi
850,1,1,TRUE,FALSE,40,flat,Ciutat Vella
1470,4,2,TRUE,FALSE,126,flat,Sarria-Sant Gervasi
895,3,2,TRUE,FALSE,75,flat,Eixample
800,1,1,TRUE,FALSE,60,flat,Sant Martí
1000,3,1,TRUE,FALSE,71,flat,Sants-Montjuic
910,3,1,TRUE,TRUE,74,flat,Sant Martí
1300,2,2,TRUE,FALSE,79,flat,Ciutat Vella
725,1,1,TRUE,FALSE,31,flat,Ciutat Vella
770,2,1,FALSE,FALSE,50,flat,Sants-Montjuic
790,2,1,FALSE,TRUE,77,flat,Ciutat Vella
598,1,1,FALSE,FALSE,31,flat,Ciutat Vella
875,3,1,FALSE,FALSE,80,flat,Horta- Guinardo
821,3,1,TRUE,FALSE,60,flat,Sant Andreu
1300,2,2,TRUE,FALSE,95,flat,Ciutat Vella
995,1,1,TRUE,FALSE,55,flat,Sant Martí
995,2,1,TRUE,FALSE,70,flat,Eixample
1195,1,1,TRUE,TRUE,68,flat,Eixample
1100,2,1,TRUE,FALSE,80,flat,Eixample
2000,3,2,FALSE,FALSE,164,flat,Eixample
1050,3,2,TRUE,TRUE,80,flat,Sants-Montjuic
1400,2,2,FALSE,FALSE,105,flat,Eixample
1100,3,2,TRUE,FALSE,95,flat,Sant Andreu
825,3,1,TRUE,FALSE,60,flat,Sant Andreu
730,2,1,FALSE,FALSE,65,flat,Ciutat Vella
850,2,1,TRUE,FALSE,54,flat,Eixample
990,2,2,TRUE,TRUE,84,flat,Sants-Montjuic
850,4,1,TRUE,FALSE,90,flat,Eixample
899,1,1,TRUE,FALSE,65,flat,Sarria-Sant Gervasi
1500,3,2,TRUE,FALSE,90,flat,Les Corts
1250,3,2,TRUE,FALSE,90,flat,Les Corts
2500,5,3,TRUE,FALSE,182,flat,Sarria-Sant Gervasi
900,2,1,TRUE,FALSE,60,flat,Sarria-Sant Gervasi
650,2,1,FALSE,FALSE,53,flat,Sant Martí
1560,3,2,TRUE,FALSE,77,flat,Sant Martí
780,3,1,TRUE,FALSE,72,flat,Sant Martí
900,3,1,TRUE,TRUE,78,flat,Les Corts
1150,3,2,TRUE,FALSE,85,flat,Eixample
995,2,2,TRUE,FALSE,65,flat,Sant Martí
990,3,1,TRUE,FALSE,76,flat,Gracia
740,1,1,FALSE,FALSE,38,flat,Ciutat Vella
1490,2,1,TRUE,FALSE,75,flat,Eixample
1195,2,1,TRUE,FALSE,60,flat,Sants-Montjuic
1195,2,2,TRUE,FALSE,72,flat,Sants-Montjuic
1300,4,1,TRUE,FALSE,81,flat,Les Corts
770,1,1,FALSE,FALSE,58,flat,Sants-Montjuic
850,3,1,TRUE,TRUE,56,flat,Sant Andreu
990,3,2,TRUE,FALSE,100,flat,Sarria-Sant Gervasi
775,1,1,TRUE,FALSE,45,flat,Ciutat Vella
1150,4,2,TRUE,FALSE,110,flat,Eixample
1100,4,2,TRUE,FALSE,120,flat,Eixample
900,4,2,FALSE,TRUE,82,flat,Ciutat Vella
680,1,2,FALSE,FALSE,58,flat,Eixample
1050,1,1,TRUE,FALSE,54,flat,Eixample
1150,3,2,TRUE,FALSE,107,flat,Ciutat Vella
610,1,1,FALSE,FALSE,26,flat,Sant Martí
1425,2,1,TRUE,FALSE,81,flat,Gracia
950,4,2,TRUE,FALSE,78,flat,Gracia
1100,4,1,TRUE,FALSE,78,flat,Eixample
1800,3,2,TRUE,TRUE,104,flat,Eixample
2250,4,3,TRUE,FALSE,260,flat,Gracia
750,2,1,FALSE,FALSE,34,flat,Ciutat Vella
784,3,1,FALSE,FALSE,65,flat,Gracia
1000,4,2,TRUE,FALSE,90,flat,Eixample
850,3,1,TRUE,FALSE,64,flat,Eixample
600,1,1,FALSE,FALSE,40,flat,Ciutat Vella
800,3,1,FALSE,FALSE,66,flat,Sant Martí
1500,3,2,TRUE,FALSE,100,flat,Sant Martí
550,0,1,TRUE,FALSE,28,flat,Gracia
650,1,1,FALSE,FALSE,30,flat,Gracia
1150,3,2,TRUE,FALSE,82,flat,Eixample
950,2,1,FALSE,TRUE,67,flat,Ciutat Vella
750,2,1,TRUE,TRUE,46,flat,Eixample
2600,4,3,TRUE,TRUE,280,flat,Eixample
550,0,1,TRUE,FALSE,29,flat,Sarria-Sant Gervasi
800,3,1,TRUE,FALSE,67,flat,Sarria-Sant Gervasi
850,2,1,FALSE,FALSE,69,flat,Ciutat Vella
720,3,1,TRUE,FALSE,60,flat,Nou Barris
1100,2,1,TRUE,FALSE,65,flat,Eixample
800,2,2,TRUE,FALSE,42,flat,Eixample
800,1,2,TRUE,FALSE,39,flat,Eixample
850,1,2,TRUE,FALSE,40,flat,Eixample
1100,3,1,TRUE,FALSE,83,flat,Sarria-Sant Gervasi
1050,4,1,TRUE,FALSE,75,flat,Sant Martí
1500,3,1,TRUE,TRUE,80,flat,Sarria-Sant Gervasi
1000,3,1,TRUE,TRUE,75,flat,Sarria-Sant Gervasi
890,4,2,FALSE,FALSE,98,flat,Eixample
1200,3,1,TRUE,TRUE,69,flat,Sant Martí
700,3,2,FALSE,FALSE,65,flat,Ciutat Vella
650,2,1,FALSE,FALSE,49,flat,Sants-Montjuic
1095,2,2,FALSE,FALSE,55,flat,Ciutat Vella
1250,2,2,TRUE,FALSE,75,flat,Sarria-Sant Gervasi
2900,3,4,TRUE,FALSE,159,flat,Sarria-Sant Gervasi
1000,3,1,TRUE,FALSE,75,flat,Gracia
1300,1,1,TRUE,TRUE,90,flat,Sarria-Sant Gervasi
1700,2,2,TRUE,FALSE,100,flat,Eixample
1790,3,1,TRUE,TRUE,110,flat,Sarria-Sant Gervasi
750,2,1,TRUE,TRUE,55,flat,Gracia
1900,2,1,TRUE,TRUE,76,flat,Eixample
1500,3,2,TRUE,TRUE,105,flat,Sant Martí
1450,2,2,TRUE,FALSE,85,flat,Eixample
5000,5,4,TRUE,FALSE,200,flat,Sarria-Sant Gervasi
750,2,1,FALSE,FALSE,73,flat,Horta- Guinardo
1068,4,2,TRUE,FALSE,114,flat,Gracia
900,2,2,TRUE,FALSE,80,flat,Les Corts
930,1,1,TRUE,FALSE,50,flat,Eixample
834,2,1,FALSE,FALSE,78,flat,Ciutat Vella
900,1,1,TRUE,FALSE,55,flat,Sarria-Sant Gervasi
825,3,1,TRUE,FALSE,71,flat,Eixample
950,1,1,TRUE,FALSE,48,flat,Ciutat Vella
1200,3,2,TRUE,FALSE,85,flat,Eixample
1200,3,2,TRUE,FALSE,85,flat,Eixample
900,4,2,TRUE,FALSE,82,flat,Sarria-Sant Gervasi
780,2,1,TRUE,FALSE,60,flat,Sarria-Sant Gervasi
1900,4,3,TRUE,FALSE,130,flat,Sarria-Sant Gervasi
2650,4,2,TRUE,FALSE,182,flat,Eixample
900,2,2,TRUE,FALSE,70,flat,Ciutat Vella
1900,2,2,TRUE,FALSE,90,flat,Eixample
1200,2,2,TRUE,FALSE,75,flat,Eixample
1115,3,2,TRUE,FALSE,75,flat,Gracia
1500,4,2,TRUE,FALSE,170,flat,Eixample
1020,2,1,TRUE,FALSE,100,flat,Sants-Montjuic
1195,2,1,TRUE,FALSE,65,flat,Sants-Montjuic
1200,4,2,TRUE,FALSE,95,flat,Gracia
1000,3,1,TRUE,TRUE,75,flat,Eixample
1150,3,1,TRUE,TRUE,92,flat,Eixample
1290,2,1,TRUE,FALSE,71,flat,Eixample
1200,4,2,TRUE,FALSE,108,flat,Horta- Guinardo
650,2,1,FALSE,FALSE,48,flat,Horta- Guinardo
690,1,2,TRUE,FALSE,40,flat,Sarria-Sant Gervasi
675,2,1,FALSE,FALSE,45,flat,Ciutat Vella
600,3,1,TRUE,FALSE,62,flat,Gracia
750,3,1,TRUE,FALSE,61,flat,Nou Barris
990,3,1,TRUE,FALSE,63,flat,Eixample
950,2,1,FALSE,FALSE,87,flat,Ciutat Vella
1400,3,2,TRUE,FALSE,85,flat,Les Corts
1150,2,1,TRUE,FALSE,55,flat,Sants-Montjuic
890,3,1,TRUE,FALSE,61,flat,Sant Martí
960,3,2,TRUE,FALSE,76,flat,Nou Barris
750,2,1,FALSE,FALSE,51,flat,Gracia
1282,1,1,TRUE,TRUE,61,flat,Ciutat Vella
700,1,1,TRUE,FALSE,55,flat,Sants-Montjuic
950,4,2,TRUE,FALSE,85,flat,Sants-Montjuic
900,4,1,TRUE,FALSE,84,flat,Sarria-Sant Gervasi
1100,3,2,TRUE,FALSE,90,flat,Ciutat Vella
950,1,1,TRUE,FALSE,50,flat,Ciutat Vella
1350,3,1,TRUE,FALSE,155,flat,Eixample
1150,3,1,TRUE,FALSE,63,flat,Sant Martí
2800,4,4,TRUE,FALSE,200,flat,Sarria-Sant Gervasi
2300,3,2,TRUE,TRUE,160,flat,Les Corts
790,1,1,TRUE,FALSE,50,flat,Sant Martí
650,1,1,FALSE,FALSE,35,flat,Ciutat Vella
750,1,1,FALSE,FALSE,25,flat,Ciutat Vella
650,2,1,FALSE,FALSE,48,flat,Sants-Montjuic
885,4,2,TRUE,FALSE,80,flat,Eixample
885,4,2,TRUE,FALSE,80,flat,Eixample
700,1,1,TRUE,FALSE,47,flat,Sarria-Sant Gervasi
775,2,1,TRUE,FALSE,55,flat,Sarria-Sant Gervasi
800,1,1,TRUE,FALSE,45,flat,Eixample
1900,4,2,TRUE,TRUE,128,flat,Sarria-Sant Gervasi
3000,4,4,TRUE,FALSE,200,flat,Sarria-Sant Gervasi
775,2,1,TRUE,FALSE,55,flat,Sarria-Sant Gervasi
1150,3,2,TRUE,FALSE,95,flat,Sarria-Sant Gervasi
850,2,1,TRUE,FALSE,65,flat,Sarria-Sant Gervasi
2800,5,3,TRUE,FALSE,192,flat,Eixample
790,1,1,TRUE,TRUE,48,flat,Sant Martí
1150,1,1,TRUE,FALSE,42,flat,Sants-Montjuic
1028,2,1,FALSE,FALSE,60,flat,Gracia
4150,5,4,TRUE,FALSE,304,flat,Eixample
900,3,1,TRUE,FALSE,70,flat,Les Corts
1500,3,2,TRUE,FALSE,128,flat,Eixample
1250,3,2,TRUE,FALSE,90,flat,Eixample
1400,2,2,FALSE,FALSE,70,flat,Sant Andreu
900,2,1,TRUE,FALSE,65,flat,Sarria-Sant Gervasi
880,2,1,TRUE,FALSE,60,flat,Sarria-Sant Gervasi
1500,3,2,TRUE,TRUE,105,flat,Sant Martí
2900,3,2,TRUE,FALSE,145,flat,Eixample
625,2,1,FALSE,FALSE,51,flat,Ciutat Vella
700,2,1,TRUE,FALSE,50,flat,Ciutat Vella
1950,2,2,TRUE,FALSE,100,flat,Eixample
975,3,1,FALSE,FALSE,70,flat,Gracia
800,2,1,FALSE,FALSE,64,flat,Sants-Montjuic
890,1,1,TRUE,FALSE,62,flat,Ciutat Vella
900,4,1,TRUE,TRUE,80,flat,Sarria-Sant Gervasi
1150,3,2,TRUE,TRUE,103,flat,Les Corts
1100,4,2,TRUE,TRUE,118,flat,Eixample
1900,3,2,FALSE,FALSE,145,flat,Ciutat Vella
2975,4,3,FALSE,TRUE,160,flat,Les Corts
1440,4,2,TRUE,FALSE,136,flat,Eixample
550,0,1,TRUE,FALSE,40,flat,Horta- Guinardo
600,1,1,FALSE,FALSE,45,flat,Sant Martí
600,1,1,FALSE,FALSE,35,flat,Ciutat Vella
900,2,2,TRUE,FALSE,80,flat,Gracia
1300,2,1,FALSE,FALSE,65,flat,Sant Martí
850,3,1,TRUE,FALSE,70,flat,Sant Martí
2750,5,3,TRUE,FALSE,240,flat,Eixample
2900,2,3,TRUE,FALSE,136,flat,Eixample
1500,3,2,TRUE,FALSE,105,flat,Eixample
930,2,1,TRUE,FALSE,63,flat,Sarria-Sant Gervasi
1195,3,1,TRUE,TRUE,90,flat,Ciutat Vella
2195,2,2,TRUE,TRUE,106,flat,Eixample
895,1,1,FALSE,FALSE,59,flat,Ciutat Vella
2250,4,3,TRUE,TRUE,190,flat,Sarria-Sant Gervasi
1500,4,2,TRUE,FALSE,117,flat,Eixample
1800,3,2,TRUE,FALSE,129,flat,Sarria-Sant Gervasi
750,3,1,FALSE,FALSE,80,flat,Horta- Guinardo
1100,2,1,TRUE,FALSE,90,flat,Ciutat Vella
1150,3,2,TRUE,FALSE,80,flat,Eixample
977,2,1,TRUE,FALSE,67,flat,Sarria-Sant Gervasi
800,1,1,TRUE,FALSE,45,flat,Ciutat Vella
1160,3,1,FALSE,FALSE,75,flat,Gracia
750,2,1,TRUE,FALSE,47,flat,Sants-Montjuic
650,1,1,TRUE,FALSE,25,flat,Eixample
1100,2,1,TRUE,FALSE,70,flat,Eixample
775,3,1,TRUE,FALSE,55,flat,Horta- Guinardo
790,1,1,TRUE,FALSE,48,flat,Sant Martí
750,1,1,TRUE,FALSE,60,flat,Sant Martí
685,2,1,TRUE,FALSE,50,flat,Eixample
675,2,1,FALSE,FALSE,50,flat,Horta- Guinardo
799,1,1,TRUE,FALSE,50,flat,Sant Martí
1060,4,2,TRUE,FALSE,104,flat,Eixample
1250,2,1,TRUE,FALSE,110,flat,Eixample
3600,5,4,TRUE,TRUE,209,flat,Les Corts
1000,3,2,TRUE,FALSE,84,flat,Eixample
1000,3,1,TRUE,FALSE,60,flat,Sants-Montjuic
685,0,1,TRUE,FALSE,30,flat,Les Corts
850,1,1,FALSE,FALSE,55,flat,Ciutat Vella
750,1,2,FALSE,FALSE,70,flat,Ciutat Vella
1250,4,1,TRUE,FALSE,100,flat,Eixample
1150,4,2,TRUE,FALSE,82,flat,Eixample
1135,3,1,TRUE,FALSE,93,flat,Eixample
850,3,1,TRUE,FALSE,68,flat,Sant Martí
795,1,1,FALSE,FALSE,40,flat,Ciutat Vella
850,3,1,TRUE,FALSE,75,flat,Eixample
1600,2,2,FALSE,TRUE,75,flat,Eixample
1050,3,2,FALSE,FALSE,85,flat,Gracia
1400,3,2,FALSE,TRUE,110,flat,Ciutat Vella
825,2,1,FALSE,FALSE,67,flat,Sants-Montjuic
1150,2,1,TRUE,FALSE,66,flat,Sarria-Sant Gervasi
900,2,1,FALSE,FALSE,59,flat,Sarria-Sant Gervasi
1000,4,2,TRUE,TRUE,90,flat,Eixample
645,1,1,FALSE,FALSE,36,flat,Ciutat Vella
1775,3,3,TRUE,TRUE,150,flat,Sarria-Sant Gervasi
1300,2,2,FALSE,FALSE,90,flat,Eixample
1200,4,2,TRUE,TRUE,81,flat,Eixample
725,3,1,TRUE,FALSE,65,flat,Sant Andreu
1150,1,1,TRUE,TRUE,62,flat,Gracia
1550,4,2,TRUE,TRUE,120,flat,Eixample
750,3,1,FALSE,FALSE,60,flat,Eixample
1325,2,2,TRUE,FALSE,75,flat,Eixample
1090,2,1,FALSE,FALSE,95,flat,Ciutat Vella
1150,3,1,TRUE,FALSE,87,flat,Sants-Montjuic
1200,3,2,TRUE,FALSE,79,flat,Ciutat Vella
950,2,1,TRUE,FALSE,65,flat,Sants-Montjuic
1700,4,2,TRUE,FALSE,110,flat,Sants-Montjuic
1015,3,1,TRUE,FALSE,62,flat,Eixample
1032,3,2,TRUE,FALSE,76,flat,Sarria-Sant Gervasi
750,2,1,FALSE,FALSE,45,flat,Ciutat Vella
1399,3,2,TRUE,TRUE,77,flat,Sant Martí
745,1,1,FALSE,FALSE,69,flat,Ciutat Vella
2050,2,1,TRUE,FALSE,80,flat,Eixample
1190,3,2,TRUE,FALSE,70,flat,Ciutat Vella
1090,2,2,TRUE,FALSE,54,flat,Sants-Montjuic
980,3,1,TRUE,FALSE,75,flat,Eixample
850,3,1,TRUE,FALSE,68,flat,Sant Martí
875,3,2,TRUE,FALSE,66,flat,Eixample
1300,2,1,TRUE,FALSE,80,flat,Sarria-Sant Gervasi
900,3,1,TRUE,FALSE,75,flat,Sant Martí
900,2,1,TRUE,FALSE,65,flat,Sarria-Sant Gervasi
2200,2,2,TRUE,FALSE,123,flat,Les Corts
1700,2,2,TRUE,FALSE,120,flat,Eixample
1100,1,1,FALSE,TRUE,80,flat,Ciutat Vella
950,1,1,TRUE,FALSE,40,flat,Eixample
1300,2,2,TRUE,FALSE,75,flat,Eixample
825,1,1,FALSE,TRUE,33,flat,Sants-Montjuic
795,1,1,FALSE,FALSE,55,flat,Ciutat Vella
795,1,1,TRUE,FALSE,60,flat,Sarria-Sant Gervasi
1050,3,1,TRUE,TRUE,69,flat,Eixample
1095,1,1,TRUE,FALSE,80,flat,Sarria-Sant Gervasi
750,2,1,TRUE,FALSE,50,flat,Eixample
1306,3,1,TRUE,FALSE,82,flat,Sarria-Sant Gervasi
1043,2,2,TRUE,FALSE,63,flat,Eixample
1100,2,1,TRUE,TRUE,89,flat,Sant Martí
780,1,1,FALSE,FALSE,36,flat,Ciutat Vella
870,3,1,FALSE,FALSE,65,flat,Horta- Guinardo
1000,0,1,TRUE,FALSE,81,flat,Ciutat Vella
1200,2,2,TRUE,FALSE,105,flat,Eixample
800,3,1,FALSE,FALSE,60,flat,Gracia
900,2,1,FALSE,FALSE,61,flat,Sarria-Sant Gervasi
900,3,1,FALSE,FALSE,82,flat,Gracia
2600,3,2,TRUE,FALSE,150,flat,Eixample
2400,3,2,TRUE,TRUE,100,flat,Sant Martí
1150,1,1,TRUE,FALSE,55,flat,Eixample
2000,5,2,FALSE,FALSE,160,flat,Gracia
790,1,1,TRUE,FALSE,43,flat,Ciutat Vella
1050,2,2,TRUE,FALSE,65,flat,Sant Martí
1500,2,1,TRUE,FALSE,71,flat,Eixample
1100,2,1,TRUE,FALSE,60,flat,Gracia
1290,4,2,TRUE,FALSE,120,flat,Sants-Montjuic
1100,3,2,TRUE,FALSE,88,flat,Sarria-Sant Gervasi
1000,3,1,FALSE,FALSE,70,flat,Gracia
1600,3,2,TRUE,TRUE,177,flat,Sarria-Sant Gervasi
1020,2,1,TRUE,TRUE,80,flat,Gracia
1120,4,2,TRUE,TRUE,120,flat,Sants-Montjuic
850,2,1,FALSE,FALSE,66,flat,Eixample
900,2,1,FALSE,FALSE,66,flat,Eixample
700,0,2,TRUE,FALSE,40,flat,Ciutat Vella
710,2,1,TRUE,FALSE,57,flat,Sant Andreu
3540,4,3,TRUE,TRUE,190,flat,Sarria-Sant Gervasi
825,2,1,FALSE,FALSE,50,flat,Sants-Montjuic
1400,3,2,FALSE,TRUE,124,flat,Ciutat Vella
1300,4,1,TRUE,FALSE,95,flat,Eixample
1100,4,2,TRUE,FALSE,116,flat,Gracia
850,3,1,TRUE,FALSE,70,flat,Eixample
775,3,1,FALSE,FALSE,60,flat,Eixample
1385,3,2,TRUE,TRUE,99,flat,Sant Martí
1430,4,2,TRUE,FALSE,125,flat,Sant Martí
2000,4,2,TRUE,FALSE,145,flat,Les Corts
1200,2,1,TRUE,FALSE,60,flat,Gracia
970,3,1,TRUE,FALSE,90,flat,Sarria-Sant Gervasi
1250,1,1,FALSE,TRUE,40,flat,Gracia
1400,4,2,TRUE,FALSE,122,flat,Gracia
1000,3,2,FALSE,FALSE,75,flat,Eixample
950,3,1,TRUE,TRUE,84,flat,Eixample
1100,4,2,TRUE,TRUE,115,flat,Eixample
930,1,1,TRUE,FALSE,53,flat,Sarria-Sant Gervasi
989,3,1,TRUE,FALSE,70,flat,Eixample
1290,4,2,TRUE,FALSE,96,flat,Eixample
820,2,1,FALSE,FALSE,80,flat,Ciutat Vella
750,1,1,FALSE,FALSE,45,flat,Ciutat Vella
1190,4,2,TRUE,TRUE,95,flat,Eixample
975,4,2,TRUE,FALSE,92,flat,Sarria-Sant Gervasi
1200,4,1,TRUE,FALSE,80,flat,Eixample
870,2,1,TRUE,FALSE,70,flat,Eixample
850,2,1,TRUE,FALSE,57,flat,Sarria-Sant Gervasi
625,2,1,FALSE,TRUE,53,flat,Ciutat Vella
955,3,1,FALSE,FALSE,57,flat,Sants-Montjuic
1400,3,2,TRUE,TRUE,80,flat,Sants-Montjuic
950,3,1,FALSE,FALSE,60,flat,Les Corts
950,2,1,FALSE,FALSE,45,flat,Ciutat Vella
1200,3,1,FALSE,FALSE,85,flat,Eixample
1700,3,2,TRUE,FALSE,115,flat,Ciutat Vella
1302,1,1,TRUE,FALSE,76,flat,Les Corts
1329,2,2,TRUE,FALSE,75,flat,Les Corts
750,1,1,FALSE,FALSE,31,flat,Ciutat Vella
1200,4,2,TRUE,FALSE,143,flat,Eixample
1020,3,2,TRUE,FALSE,80,flat,Sant Martí
1115,3,2,TRUE,FALSE,75,flat,Gracia
2650,2,2,TRUE,FALSE,115,flat,Eixample
900,3,2,TRUE,FALSE,74,flat,Les Corts
1999,3,2,TRUE,FALSE,85,flat,Eixample
1990,5,2,TRUE,FALSE,140,flat,Eixample
900,2,1,FALSE,FALSE,62,flat,Ciutat Vella
2200,4,3,TRUE,TRUE,147,flat,Sarria-Sant Gervasi
1300,4,2,TRUE,TRUE,90,flat,Sarria-Sant Gervasi
7000,4,5,TRUE,TRUE,400,flat,Sarria-Sant Gervasi
1210,3,1,TRUE,TRUE,80,flat,Eixample
1161,3,2,TRUE,FALSE,64,flat,Eixample
868,1,1,TRUE,FALSE,41,flat,Gracia
1154,2,1,TRUE,FALSE,74,flat,Eixample
725,2,1,FALSE,FALSE,48,flat,Sant Martí
1229,1,1,TRUE,FALSE,69,flat,Eixample
868,1,1,TRUE,FALSE,48,flat,Gracia
930,4,2,TRUE,TRUE,93,flat,Horta- Guinardo
930,4,2,TRUE,TRUE,93,flat,Horta- Guinardo
890,2,1,FALSE,FALSE,66,flat,Sants-Montjuic
800,1,1,TRUE,FALSE,55,flat,Ciutat Vella
1251,3,1,TRUE,FALSE,83,flat,Sarria-Sant Gervasi
1050,4,2,TRUE,FALSE,100,flat,Sant Martí
1080,3,2,TRUE,FALSE,75,flat,Ciutat Vella
1190,2,1,FALSE,FALSE,85,flat,Ciutat Vella
1200,3,2,TRUE,FALSE,80,flat,Eixample
900,3,1,TRUE,FALSE,75,flat,Gracia
995,2,1,TRUE,FALSE,65,flat,Ciutat Vella
890,3,2,TRUE,TRUE,70,flat,Horta- Guinardo
1100,5,2,TRUE,FALSE,94,flat,Eixample
1450,4,2,FALSE,TRUE,150,flat,Sarria-Sant Gervasi
750,2,1,TRUE,FALSE,71,flat,Horta- Guinardo
750,2,1,TRUE,FALSE,57,flat,Horta- Guinardo
900,3,2,TRUE,FALSE,65,flat,Eixample
2200,3,2,TRUE,FALSE,120,flat,Eixample
2200,3,2,TRUE,TRUE,120,flat,Eixample
2300,2,2,TRUE,FALSE,134,flat,Eixample
825,2,1,FALSE,FALSE,55,flat,Gracia
1100,3,1,TRUE,FALSE,78,flat,Eixample
920,2,1,TRUE,FALSE,73,flat,Ciutat Vella
790,3,1,FALSE,FALSE,70,flat,Ciutat Vella
700,1,1,TRUE,FALSE,45,flat,Sarria-Sant Gervasi
3600,4,3,TRUE,FALSE,280,flat,Les Corts
900,3,1,TRUE,FALSE,70,flat,Sants-Montjuic
1200,1,1,TRUE,TRUE,50,flat,Les Corts
1100,3,1,TRUE,TRUE,90,flat,Les Corts
1200,2,1,TRUE,TRUE,80,flat,Les Corts
2200,3,3,TRUE,FALSE,141,flat,Eixample
995,2,2,TRUE,FALSE,65,flat,Sant Martí
1140,3,2,TRUE,FALSE,103,flat,Sant Martí
1560,3,2,TRUE,FALSE,77,flat,Sant Martí
999,2,1,TRUE,TRUE,52,flat,Sant Martí
1041,2,2,TRUE,FALSE,78,flat,Sant Martí
1368,3,2,TRUE,FALSE,99,flat,Sant Martí
1280,3,1,TRUE,FALSE,68,flat,Sant Martí
1200,4,2,TRUE,FALSE,100,flat,Gracia
850,2,1,TRUE,FALSE,75,flat,Ciutat Vella
1075,2,1,TRUE,FALSE,63,flat,Sarria-Sant Gervasi
700,2,1,FALSE,FALSE,53,flat,Horta- Guinardo
1050,4,3,TRUE,FALSE,117,flat,Eixample
790,3,1,TRUE,FALSE,71,flat,Eixample
890,3,1,TRUE,FALSE,70,flat,Sant Andreu
990,4,2,TRUE,TRUE,79,flat,Sants-Montjuic
750,3,1,FALSE,TRUE,59,flat,Sants-Montjuic
3500,2,2,TRUE,FALSE,150,flat,Ciutat Vella
3500,2,2,TRUE,FALSE,150,flat,Ciutat Vella
1100,4,2,TRUE,FALSE,90,flat,Les Corts
675,1,1,FALSE,FALSE,32,flat,Ciutat Vella
700,1,1,TRUE,FALSE,46,flat,Sarria-Sant Gervasi
620,0,1,FALSE,FALSE,45,flat,Ciutat Vella
1550,2,2,TRUE,TRUE,90,flat,Ciutat Vella
1050,3,1,TRUE,FALSE,75,flat,Sants-Montjuic
850,1,1,TRUE,FALSE,45,flat,Horta- Guinardo
1000,1,1,FALSE,FALSE,60,flat,Ciutat Vella
798,3,1,TRUE,FALSE,56,flat,Eixample
935,3,1,TRUE,TRUE,78,flat,Eixample
1032,3,2,TRUE,FALSE,80,flat,Sarria-Sant Gervasi
1200,4,2,TRUE,FALSE,90,flat,Eixample
950,3,2,FALSE,FALSE,91,flat,Eixample
1000,3,1,TRUE,FALSE,70,flat,Eixample
1900,5,3,TRUE,TRUE,177,flat,Sarria-Sant Gervasi
1200,4,2,TRUE,TRUE,130,flat,Eixample
890,2,1,TRUE,FALSE,67,flat,Gracia
1850,3,2,TRUE,FALSE,79,flat,Sarria-Sant Gervasi
1250,3,2,FALSE,FALSE,100,flat,Eixample
1800,4,2,TRUE,FALSE,105,flat,Sant Martí
15000,2,3,FALSE,FALSE,288,flat,Eixample
1100,3,1,TRUE,FALSE,78,flat,Eixample
1100,4,2,TRUE,FALSE,80,flat,Eixample
1500,2,1,TRUE,FALSE,65,flat,Eixample
1350,3,2,TRUE,FALSE,92,flat,Eixample
1150,3,1,TRUE,FALSE,69,flat,Sarria-Sant Gervasi
700,1,1,FALSE,FALSE,45,flat,Ciutat Vella
1150,4,2,FALSE,TRUE,97,flat,Sant Martí
900,3,2,TRUE,FALSE,72,flat,Sants-Montjuic
700,1,1,TRUE,FALSE,44,flat,Sarria-Sant Gervasi
1200,4,2,TRUE,FALSE,98,flat,Eixample
1258,3,2,TRUE,FALSE,69,flat,Eixample
1163,3,2,TRUE,FALSE,65,flat,Eixample
1363,1,1,TRUE,TRUE,76,flat,Les Corts
1000,4,1,TRUE,FALSE,99,flat,Gracia
980,3,2,TRUE,FALSE,98,flat,Sant Andreu
1075,2,1,TRUE,FALSE,90,flat,Sarria-Sant Gervasi
2044,3,2,TRUE,FALSE,141,flat,Sarria-Sant Gervasi
800,3,1,FALSE,FALSE,67,flat,Sants-Montjuic
800,2,1,TRUE,FALSE,60,flat,Eixample
1463,4,2,TRUE,FALSE,131,flat,Ciutat Vella
1150,3,1,TRUE,FALSE,90,flat,Eixample
1900,4,2,TRUE,FALSE,120,flat,Sarria-Sant Gervasi
790,1,1,TRUE,FALSE,64,flat,Ciutat Vella
1000,3,2,FALSE,FALSE,85,flat,Gracia
1125,4,2,TRUE,TRUE,88,flat,Eixample
2200,3,2,TRUE,TRUE,120,flat,Eixample
1000,1,1,FALSE,TRUE,45,flat,Gracia
1178,3,2,TRUE,TRUE,70,flat,Eixample
1110,2,2,TRUE,FALSE,58,flat,Eixample
1396,1,1,FALSE,TRUE,68,flat,Sarria-Sant Gervasi
1500,3,2,TRUE,TRUE,67,flat,Sarria-Sant Gervasi
1500,2,1,TRUE,FALSE,77,flat,Eixample
600,1,1,FALSE,FALSE,37,flat,Ciutat Vella
990,3,1,TRUE,FALSE,80,flat,Sant Martí
1600,4,3,TRUE,FALSE,130,flat,Sarria-Sant Gervasi
793,3,1,TRUE,FALSE,72,flat,Horta- Guinardo
1350,3,2,TRUE,FALSE,114,flat,Eixample
1380,3,2,TRUE,TRUE,90,flat,Eixample
850,3,1,TRUE,FALSE,56,flat,Sants-Montjuic
875,3,1,FALSE,FALSE,75,flat,Sant Martí
1250,5,2,TRUE,FALSE,112,flat,Ciutat Vella
1200,4,2,TRUE,FALSE,87,flat,Sarria-Sant Gervasi
1100,3,2,TRUE,FALSE,90,flat,Sarria-Sant Gervasi
1100,3,1,TRUE,FALSE,93,flat,Sarria-Sant Gervasi
733,1,1,FALSE,FALSE,55,flat,Les Corts
850,2,1,FALSE,FALSE,60,flat,Eixample
1100,3,1,TRUE,FALSE,85,flat,Gracia
1100,3,1,TRUE,FALSE,90,flat,Eixample
2600,4,3,TRUE,FALSE,170,flat,Les Corts
950,4,1,TRUE,FALSE,80,flat,Les Corts
1500,3,2,TRUE,FALSE,85,flat,Les Corts
1300,4,1,TRUE,TRUE,97,flat,Les Corts
900,3,2,TRUE,FALSE,76,flat,Horta- Guinardo
790,2,1,TRUE,FALSE,50,flat,Gracia
850,2,1,FALSE,FALSE,58,flat,Sants-Montjuic
1900,3,3,TRUE,FALSE,240,flat,Eixample
990,3,3,TRUE,FALSE,103,flat,Horta- Guinardo
1150,3,1,TRUE,FALSE,90,flat,Eixample
895,2,1,TRUE,FALSE,73,flat,Sarria-Sant Gervasi
800,1,1,TRUE,FALSE,60,flat,Eixample
1395,4,2,TRUE,TRUE,115,flat,Eixample
1180,2,1,TRUE,FALSE,85,flat,Sarria-Sant Gervasi
1115,2,1,TRUE,FALSE,86,flat,Sarria-Sant Gervasi
800,3,1,TRUE,FALSE,45,flat,Eixample
1150,4,2,TRUE,FALSE,95,flat,Sants-Montjuic
650,2,1,FALSE,FALSE,45,flat,Nou Barris
1200,3,1,TRUE,FALSE,80,flat,Ciutat Vella
2250,3,3,FALSE,FALSE,207,flat,Horta- Guinardo
1700,3,2,TRUE,FALSE,129,flat,Eixample
1900,3,2,FALSE,FALSE,176,flat,Sarria-Sant Gervasi
1000,1,1,FALSE,FALSE,56,flat,Ciutat Vella
1000,3,1,TRUE,FALSE,75,flat,Sants-Montjuic
1050,1,1,FALSE,TRUE,42,flat,Ciutat Vella
800,2,1,FALSE,FALSE,55,flat,Ciutat Vella
1128,3,2,TRUE,FALSE,95,flat,Sant Martí
1100,3,1,TRUE,TRUE,92,flat,Horta- Guinardo
1099,3,1,TRUE,FALSE,88,flat,Gracia
1090,3,1,TRUE,FALSE,73,flat,Eixample
1100,2,2,TRUE,TRUE,80,flat,Eixample
1250,5,2,TRUE,FALSE,112,flat,Ciutat Vella
900,2,1,TRUE,TRUE,65,flat,Sarria-Sant Gervasi
1150,4,2,TRUE,FALSE,85,flat,Sarria-Sant Gervasi
990,4,2,TRUE,TRUE,102,flat,Eixample
1300,1,1,TRUE,TRUE,65,flat,Eixample
1050,4,1,TRUE,FALSE,95,flat,Eixample
950,2,1,TRUE,FALSE,61,flat,Eixample
800,2,1,TRUE,FALSE,85,flat,Nou Barris
1500,5,2,TRUE,FALSE,191,flat,Sarria-Sant Gervasi
900,3,1,TRUE,FALSE,85,flat,Gracia
1450,4,2,TRUE,FALSE,124,flat,Eixample
900,3,1,TRUE,FALSE,70,flat,Gracia
4900,4,3,TRUE,TRUE,345,flat,Eixample
900,4,2,TRUE,FALSE,75,flat,Sant Andreu
950,2,1,TRUE,FALSE,45,flat,Sarria-Sant Gervasi
950,2,1,TRUE,TRUE,55,flat,Ciutat Vella
1550,3,2,TRUE,FALSE,110,flat,Eixample
850,1,1,FALSE,TRUE,58,flat,Sant Martí
850,1,1,FALSE,TRUE,58,flat,Sant Martí
5300,6,5,TRUE,FALSE,280,flat,Sarria-Sant Gervasi
1500,3,2,TRUE,FALSE,93,flat,Les Corts
1330,4,2,TRUE,FALSE,95,flat,Eixample
975,3,1,TRUE,FALSE,75,flat,Eixample
3500,3,3,TRUE,FALSE,150,flat,Ciutat Vella
850,4,1,TRUE,FALSE,76,flat,Sant Martí
670,2,1,FALSE,TRUE,60,flat,Horta- Guinardo
900,2,1,TRUE,FALSE,70,flat,Horta- Guinardo
700,3,1,FALSE,FALSE,56,flat,Horta- Guinardo
700,3,1,FALSE,FALSE,65,flat,Horta- Guinardo
1050,1,1,TRUE,FALSE,50,flat,Ciutat Vella
1290,2,2,TRUE,FALSE,75,flat,Ciutat Vella
1028,4,2,FALSE,FALSE,94,flat,Gracia
1100,3,1,TRUE,FALSE,75,flat,Sant Martí
1090,2,1,FALSE,TRUE,86,flat,Ciutat Vella
1500,3,2,TRUE,FALSE,80,flat,Les Corts
1140,2,1,TRUE,FALSE,70,flat,Eixample
900,2,1,TRUE,FALSE,65,flat,Ciutat Vella
1300,3,2,TRUE,FALSE,88,flat,Eixample
920,4,2,TRUE,FALSE,90,flat,Sant Andreu
1050,2,1,TRUE,FALSE,50,flat,Eixample
1200,2,1,TRUE,FALSE,60,flat,Ciutat Vella
1050,1,1,TRUE,FALSE,52,flat,Ciutat Vella
1761,4,2,TRUE,FALSE,131,flat,Ciutat Vella
650,1,1,TRUE,FALSE,40,flat,Ciutat Vella
850,2,2,FALSE,FALSE,70,flat,Ciutat Vella
1100,2,1,TRUE,FALSE,55,flat,Eixample
1310,4,2,TRUE,TRUE,113,flat,Eixample
1190,3,2,TRUE,TRUE,86,flat,Les Corts
1125,3,1,TRUE,FALSE,75,flat,Sarria-Sant Gervasi
1100,3,2,TRUE,FALSE,80,flat,Les Corts
650,1,1,FALSE,FALSE,35,flat,Ciutat Vella
700,1,1,FALSE,FALSE,50,flat,Ciutat Vella
1220,4,2,TRUE,FALSE,104,flat,Eixample
700,1,1,FALSE,FALSE,40,flat,Horta- Guinardo
950,3,2,TRUE,FALSE,65,flat,Sants-Montjuic
890,1,1,TRUE,TRUE,49,flat,Eixample
1450,2,2,TRUE,FALSE,100,flat,Eixample
1000,2,1,TRUE,TRUE,44,flat,Sant Martí
1450,4,2,TRUE,FALSE,125,flat,Sarria-Sant Gervasi
1300,1,1,TRUE,TRUE,48,flat,Sarria-Sant Gervasi
1000,3,2,TRUE,FALSE,69,flat,Sants-Montjuic
900,2,1,FALSE,FALSE,60,flat,Ciutat Vella
950,3,1,FALSE,TRUE,72,flat,Ciutat Vella
957,3,1,TRUE,FALSE,74,flat,Eixample
1100,2,2,TRUE,FALSE,68,flat,Ciutat Vella
1200,1,1,TRUE,FALSE,55,flat,Sarria-Sant Gervasi
1050,4,1,TRUE,FALSE,80,flat,Eixample
750,2,1,FALSE,FALSE,65,flat,Ciutat Vella
700,2,1,TRUE,FALSE,60,flat,Ciutat Vella
675,3,1,FALSE,FALSE,55,flat,Les Corts
850,1,1,FALSE,TRUE,37,flat,Ciutat Vella
725,1,2,FALSE,FALSE,70,flat,Ciutat Vella
1000,2,1,TRUE,FALSE,60,flat,Sants-Montjuic
1300,4,2,TRUE,TRUE,120,flat,Eixample
1100,4,1,TRUE,FALSE,94,flat,Gracia
1125,2,1,TRUE,FALSE,85,flat,Sarria-Sant Gervasi
1100,3,1,TRUE,FALSE,65,flat,Eixample
870,3,1,TRUE,FALSE,63,flat,Horta- Guinardo
1295,2,2,TRUE,FALSE,70,flat,Les Corts
1045,2,1,FALSE,FALSE,70,flat,Sants-Montjuic
730,1,1,FALSE,FALSE,34,flat,Ciutat Vella
1050,4,1,TRUE,FALSE,80,flat,Eixample
1100,4,1,TRUE,FALSE,78,flat,Eixample
3862,3,2,FALSE,FALSE,120,flat,Sarria-Sant Gervasi
950,2,1,TRUE,FALSE,58,flat,Eixample
1250,2,2,FALSE,FALSE,71,flat,Ciutat Vella
920,1,1,FALSE,FALSE,63,flat,Ciutat Vella
1095,2,1,FALSE,FALSE,71,flat,Ciutat Vella
1350,3,2,FALSE,FALSE,75,flat,Ciutat Vella
800,1,1,FALSE,FALSE,45,flat,Ciutat Vella
1200,1,1,FALSE,TRUE,60,flat,Ciutat Vella
850,2,1,TRUE,FALSE,60,flat,Sant Martí
2200,3,2,TRUE,TRUE,160,flat,Sarria-Sant Gervasi
1100,4,2,TRUE,FALSE,95,flat,Les Corts
750,2,1,TRUE,FALSE,52,flat,Sant Martí
1300,4,1,FALSE,FALSE,107,flat,Les Corts
890,3,2,TRUE,FALSE,71,flat,Sant Andreu
1460,3,2,TRUE,TRUE,74,flat,Sant Martí
730,3,1,FALSE,FALSE,60,flat,Gracia
1790,5,2,TRUE,FALSE,150,flat,Eixample
850,2,1,FALSE,FALSE,70,flat,Gracia
750,1,1,FALSE,FALSE,35,flat,Ciutat Vella
950,1,1,TRUE,FALSE,60,flat,Sants-Montjuic
3200,4,3,TRUE,FALSE,170,flat,Sarria-Sant Gervasi
895,1,2,FALSE,FALSE,55,flat,Sarria-Sant Gervasi
2250,3,2,TRUE,TRUE,165,flat,Les Corts
2750,4,3,TRUE,FALSE,200,flat,Les Corts
1450,2,2,TRUE,TRUE,67,flat,Les Corts
660,2,1,FALSE,FALSE,60,flat,Horta- Guinardo
1250,2,1,TRUE,FALSE,71,flat,Eixample
3200,4,3,TRUE,TRUE,180,flat,Sarria-Sant Gervasi
850,0,2,TRUE,FALSE,51,flat,Eixample
900,2,1,TRUE,FALSE,70,flat,Eixample
1050,4,3,TRUE,FALSE,88,flat,Eixample
1150,4,2,TRUE,FALSE,88,flat,Eixample
900,3,2,TRUE,FALSE,70,flat,Sant Martí
1100,4,2,FALSE,FALSE,75,flat,Ciutat Vella
1250,2,2,TRUE,FALSE,85,flat,Eixample
910,2,1,TRUE,FALSE,50,flat,Les Corts
1100,2,2,FALSE,FALSE,80,flat,Ciutat Vella
3000,3,3,TRUE,FALSE,200,flat,Sarria-Sant Gervasi
1000,4,1,TRUE,FALSE,81,flat,Sants-Montjuic
1050,2,1,TRUE,FALSE,70,flat,Ciutat Vella
1590,5,3,TRUE,FALSE,180,flat,Gracia
775,2,1,FALSE,FALSE,65,flat,Horta- Guinardo
1200,4,2,TRUE,TRUE,106,flat,Eixample
750,1,1,TRUE,FALSE,44,flat,Les Corts
850,2,1,TRUE,FALSE,48,flat,Sant Martí
1500,2,2,TRUE,FALSE,110,flat,Eixample
1020,3,1,FALSE,FALSE,90,flat,Sants-Montjuic
890,2,2,TRUE,FALSE,60,flat,Ciutat Vella
3800,5,3,TRUE,FALSE,204,flat,Sarria-Sant Gervasi
1900,3,2,TRUE,FALSE,181,flat,Les Corts
950,1,1,TRUE,FALSE,55,flat,Eixample
1100,3,2,FALSE,FALSE,140,flat,Ciutat Vella
2995,3,2,TRUE,FALSE,180,flat,Eixample
1025,3,2,FALSE,FALSE,92,flat,Ciutat Vella
3000,2,1,FALSE,FALSE,30,flat,Sants-Montjuic
2190,2,1,TRUE,TRUE,70,flat,Eixample
1300,4,2,TRUE,TRUE,96,flat,Eixample
1400,2,2,TRUE,FALSE,74,flat,Eixample
1400,2,1,TRUE,FALSE,74,flat,Eixample
2200,3,2,FALSE,FALSE,120,flat,Sarria-Sant Gervasi
850,3,1,TRUE,FALSE,64,flat,Eixample
875,2,1,TRUE,FALSE,73,flat,Horta- Guinardo
900,3,1,TRUE,FALSE,63,flat,Sant Martí
1100,4,2,TRUE,TRUE,146,flat,Ciutat Vella
850,2,1,TRUE,FALSE,70,flat,Sant Martí
890,2,1,FALSE,FALSE,73,flat,Sant Martí
1100,2,1,TRUE,FALSE,75,flat,Sants-Montjuic
2200,4,2,TRUE,TRUE,115,flat,Sarria-Sant Gervasi
1695,3,2,TRUE,FALSE,85,flat,Eixample
1200,1,1,FALSE,TRUE,50,flat,Gracia
995,1,1,TRUE,FALSE,45,flat,Sants-Montjuic
850,1,1,TRUE,FALSE,60,flat,Eixample
800,2,1,FALSE,FALSE,60,flat,Ciutat Vella
2990,3,2,TRUE,FALSE,157,flat,Eixample
2100,2,2,TRUE,FALSE,122,flat,Sant Martí
2900,4,3,TRUE,FALSE,215,flat,Sarria-Sant Gervasi
700,2,1,FALSE,FALSE,50,flat,Nou Barris
825,3,1,FALSE,FALSE,80,flat,Nou Barris
950,2,1,TRUE,FALSE,65,flat,Eixample
875,1,1,FALSE,FALSE,55,flat,Ciutat Vella
1272,0,1,TRUE,FALSE,66,flat,Eixample
1200,4,2,TRUE,TRUE,95,flat,Eixample
1200,4,1,TRUE,FALSE,85,flat,Les Corts
700,2,1,FALSE,FALSE,72,flat,Ciutat Vella
1000,2,1,FALSE,FALSE,70,flat,Ciutat Vella
960,4,2,TRUE,FALSE,75,flat,Gracia
1350,3,1,TRUE,FALSE,120,flat,Eixample
2200,4,2,TRUE,TRUE,147,flat,Sant Martí
778,0,1,FALSE,FALSE,39,flat,Ciutat Vella
1100,2,1,TRUE,TRUE,80,flat,Eixample
700,0,1,FALSE,FALSE,30,flat,Eixample
890,2,1,FALSE,FALSE,53,flat,Gracia
1050,3,2,TRUE,FALSE,96,flat,Gracia
750,2,1,FALSE,FALSE,48,flat,Sants-Montjuic
850,3,1,TRUE,FALSE,67,flat,Eixample
900,3,1,FALSE,FALSE,75,flat,Eixample
800,2,1,TRUE,FALSE,54,flat,Gracia
1100,1,1,TRUE,TRUE,60,flat,Eixample
1100,2,1,TRUE,FALSE,59,flat,Ciutat Vella
950,3,1,FALSE,FALSE,78,flat,Ciutat Vella
1050,2,1,TRUE,FALSE,75,flat,Eixample
1850,2,2,TRUE,TRUE,120,flat,Sants-Montjuic
1450,4,1,TRUE,FALSE,81,flat,Les Corts
750,1,1,TRUE,FALSE,50,flat,Eixample
890,2,1,FALSE,FALSE,100,flat,Ciutat Vella
1100,1,1,FALSE,FALSE,62,flat,Sarria-Sant Gervasi
3200,4,6,TRUE,TRUE,180,flat,Sarria-Sant Gervasi
995,3,1,TRUE,FALSE,75,flat,Horta- Guinardo
800,2,1,TRUE,FALSE,46,flat,Les Corts
875,1,1,TRUE,TRUE,44,flat,Eixample
1000,4,2,TRUE,FALSE,80,flat,Eixample
900,3,2,TRUE,FALSE,84,flat,Sant Andreu
900,2,2,TRUE,FALSE,75,flat,Horta- Guinardo
900,1,1,TRUE,FALSE,60,flat,Eixample
950,2,1,FALSE,FALSE,50,flat,Sarria-Sant Gervasi
2900,6,3,TRUE,TRUE,260,flat,Eixample
650,1,1,FALSE,FALSE,35,flat,Sant Martí
950,3,2,FALSE,TRUE,88,flat,Sant Martí
1500,3,2,TRUE,FALSE,140,flat,Eixample
1200,5,2,TRUE,FALSE,124,flat,Eixample
720,2,1,FALSE,FALSE,45,flat,Sants-Montjuic
950,1,1,FALSE,FALSE,55,flat,Gracia
950,3,2,TRUE,FALSE,78,flat,Sant Martí
1015,3,1,TRUE,FALSE,58,flat,Eixample
1100,4,2,TRUE,FALSE,110,flat,Eixample
950,3,1,TRUE,TRUE,55,flat,Eixample
875,2,1,TRUE,FALSE,65,flat,Eixample
1200,3,2,TRUE,TRUE,85,flat,Sants-Montjuic
1070,2,2,FALSE,FALSE,80,flat,Sants-Montjuic
1400,3,2,TRUE,FALSE,105,flat,Sarria-Sant Gervasi
899,1,1,TRUE,FALSE,60,flat,Horta- Guinardo
1800,3,2,TRUE,TRUE,167,flat,Gracia
950,3,1,TRUE,FALSE,70,flat,Eixample
995,3,1,FALSE,FALSE,80,flat,Sants-Montjuic
1600,1,1,FALSE,TRUE,69,flat,Gracia
850,1,1,TRUE,TRUE,65,flat,Sants-Montjuic
1600,4,3,TRUE,TRUE,125,flat,Les Corts
825,1,1,FALSE,TRUE,45,flat,Les Corts
1300,4,2,FALSE,FALSE,124,flat,Les Corts
1400,3,2,TRUE,FALSE,130,flat,Eixample
1100,2,1,TRUE,TRUE,62,flat,Eixample
1100,3,1,TRUE,FALSE,65,flat,Eixample
1000,1,2,TRUE,FALSE,100,flat,Ciutat Vella
5384,4,2,TRUE,TRUE,165,flat,Sarria-Sant Gervasi
1600,1,1,TRUE,FALSE,80,flat,Ciutat Vella
900,1,1,TRUE,TRUE,50,flat,Sarria-Sant Gervasi
1150,1,1,TRUE,TRUE,92,flat,Les Corts
921,2,1,FALSE,FALSE,53,flat,Sants-Montjuic
950,2,1,TRUE,TRUE,45,flat,Eixample
850,2,1,TRUE,FALSE,70,flat,Sants-Montjuic
700,1,2,TRUE,FALSE,32,flat,Eixample
800,2,1,FALSE,FALSE,62,flat,Ciutat Vella
950,3,2,TRUE,FALSE,79,flat,Eixample
1400,4,2,FALSE,FALSE,96,flat,Sants-Montjuic
1150,1,1,TRUE,FALSE,53,flat,Sarria-Sant Gervasi
950,2,1,TRUE,FALSE,55,flat,Ciutat Vella
1150,1,1,TRUE,FALSE,53,flat,Sarria-Sant Gervasi
950,2,1,TRUE,FALSE,55,flat,Ciutat Vella
900,3,1,TRUE,FALSE,96,flat,Gracia
4800,4,4,TRUE,FALSE,200,flat,Sarria-Sant Gervasi
1200,2,2,TRUE,FALSE,70,flat,Ciutat Vella
1420,3,2,TRUE,FALSE,82,flat,Eixample
1450,3,2,TRUE,TRUE,80,flat,Eixample
793,2,1,TRUE,FALSE,64,flat,Sant Martí
1600,4,2,TRUE,FALSE,128,flat,Sarria-Sant Gervasi
995,3,2,FALSE,TRUE,79,flat,Sants-Montjuic
1350,3,2,TRUE,FALSE,95,flat,Ciutat Vella
1150,3,1,TRUE,FALSE,80,flat,Eixample
4500,2,2,TRUE,FALSE,105,flat,Ciutat Vella
500,0,1,FALSE,FALSE,30,flat,Ciutat Vella
1825,3,2,TRUE,FALSE,91,flat,Eixample
800,2,1,FALSE,FALSE,70,flat,Sant Martí
900,2,2,TRUE,FALSE,87,flat,Sants-Montjuic
720,3,1,TRUE,FALSE,65,flat,Horta- Guinardo
900,3,1,TRUE,FALSE,75,flat,Horta- Guinardo
900,2,1,TRUE,FALSE,59,flat,Ciutat Vella
1400,3,2,TRUE,FALSE,140,flat,Sarria-Sant Gervasi
900,2,1,FALSE,FALSE,66,flat,Ciutat Vella
900,2,1,FALSE,TRUE,69,flat,Sarria-Sant Gervasi
750,1,1,FALSE,FALSE,46,flat,Ciutat Vella
2325,0,3,FALSE,FALSE,190,flat,Les Corts
850,3,1,FALSE,FALSE,76,flat,Gracia
1300,4,1,TRUE,FALSE,107,flat,Les Corts
1443,2,1,TRUE,TRUE,69,flat,Sant Andreu
875,3,1,TRUE,FALSE,75,flat,Gracia
1100,1,1,FALSE,TRUE,80,flat,Gracia
1130,4,2,TRUE,TRUE,140,flat,Horta- Guinardo
900,3,1,TRUE,TRUE,105,flat,Ciutat Vella
695,1,1,TRUE,FALSE,44,flat,Sarria-Sant Gervasi
800,3,1,FALSE,FALSE,73,flat,Horta- Guinardo
1000,2,1,TRUE,FALSE,65,flat,Sarria-Sant Gervasi
3900,2,2,TRUE,FALSE,89,flat,Eixample
950,2,2,FALSE,FALSE,75,flat,Ciutat Vella
975,3,1,TRUE,FALSE,70,flat,Eixample
1350,3,2,TRUE,FALSE,80,flat,Eixample
850,1,1,TRUE,FALSE,65,flat,Eixample
1000,4,2,TRUE,FALSE,84,flat,Eixample
890,2,1,FALSE,FALSE,80,flat,Sants-Montjuic
1200,2,2,TRUE,FALSE,85,flat,Eixample
1037,2,1,TRUE,FALSE,80,flat,Eixample
700,1,1,FALSE,FALSE,33,flat,Ciutat Vella
1800,2,2,TRUE,TRUE,90,flat,Sant Martí
4500,3,2,TRUE,TRUE,110,flat,Sant Martí
1300,2,1,TRUE,TRUE,70,flat,Sant Martí
800,1,1,TRUE,FALSE,55,flat,Ciutat Vella
1400,2,2,FALSE,FALSE,104,flat,Ciutat Vella
1390,1,1,TRUE,FALSE,81,flat,Sarria-Sant Gervasi
1000,3,1,TRUE,FALSE,100,flat,Sarria-Sant Gervasi
950,3,1,TRUE,FALSE,78,flat,Sarria-Sant Gervasi
1677,3,2,TRUE,FALSE,117,flat,Les Corts
900,2,1,TRUE,FALSE,60,flat,Ciutat Vella
1438,2,1,FALSE,FALSE,65,flat,Ciutat Vella
900,3,1,TRUE,TRUE,71,flat,Eixample
650,2,1,TRUE,FALSE,65,flat,Gracia
1200,3,2,TRUE,FALSE,100,flat,Eixample
1000,3,2,FALSE,FALSE,75,flat,Sarria-Sant Gervasi
1250,3,2,TRUE,FALSE,93,flat,Gracia
1600,3,1,TRUE,TRUE,116,flat,Sarria-Sant Gervasi
2150,4,1,TRUE,FALSE,120,flat,Eixample
1600,2,2,TRUE,FALSE,90,flat,Sarria-Sant Gervasi
1600,2,2,TRUE,FALSE,90,flat,Sarria-Sant Gervasi
2800,4,2,TRUE,FALSE,137,flat,Sarria-Sant Gervasi
3813,3,2,TRUE,TRUE,116,flat,Sarria-Sant Gervasi
1285,1,1,FALSE,FALSE,57,flat,Ciutat Vella
2200,3,4,TRUE,FALSE,127,flat,Sarria-Sant Gervasi
675,0,1,FALSE,FALSE,40,flat,Ciutat Vella
675,1,1,FALSE,FALSE,40,flat,Ciutat Vella
900,2,1,TRUE,FALSE,55,flat,Ciutat Vella
2300,6,2,TRUE,FALSE,195,flat,Eixample
980,1,1,TRUE,FALSE,80,flat,Sants-Montjuic
2000,3,3,TRUE,TRUE,140,flat,Sarria-Sant Gervasi
850,2,1,FALSE,FALSE,75,flat,Sant Martí
790,2,1,FALSE,FALSE,54,flat,Sant Martí
1600,4,2,TRUE,FALSE,170,flat,Gracia
1175,3,2,TRUE,FALSE,80,flat,Gracia
1000,4,2,TRUE,TRUE,95,flat,Eixample
1400,3,2,TRUE,FALSE,95,flat,Eixample
1150,5,2,TRUE,FALSE,140,flat,Ciutat Vella
2100,4,2,TRUE,FALSE,144,flat,Ciutat Vella
950,2,2,TRUE,FALSE,85,flat,Eixample
730,1,1,TRUE,FALSE,37,flat,Ciutat Vella
950,2,2,TRUE,FALSE,69,flat,Eixample
1700,3,2,TRUE,FALSE,120,flat,Sants-Montjuic
1300,2,2,TRUE,FALSE,96,flat,Sarria-Sant Gervasi
4700,5,5,FALSE,TRUE,257,flat,Sarria-Sant Gervasi
2000,5,3,TRUE,FALSE,178,flat,Sarria-Sant Gervasi
1300,3,2,FALSE,FALSE,115,flat,Sarria-Sant Gervasi
1200,3,2,TRUE,TRUE,95,flat,Sarria-Sant Gervasi
1200,0,1,FALSE,FALSE,127,flat,Eixample
1075,2,1,TRUE,FALSE,63,flat,Sarria-Sant Gervasi
950,3,2,TRUE,FALSE,65,flat,Sants-Montjuic
1100,2,1,FALSE,FALSE,90,flat,Sants-Montjuic
1000,3,1,TRUE,FALSE,65,flat,Les Corts
2950,5,3,TRUE,FALSE,260,flat,Sarria-Sant Gervasi
1100,2,1,TRUE,FALSE,80,flat,Eixample
1700,3,2,TRUE,FALSE,115,flat,Eixample
1500,5,3,FALSE,FALSE,120,flat,Sant Martí
690,1,1,TRUE,FALSE,33,flat,Sarria-Sant Gervasi
799,2,1,TRUE,FALSE,61,flat,Sant Martí
950,1,1,FALSE,FALSE,75,flat,Eixample
2980,4,2,TRUE,FALSE,200,flat,Eixample
850,1,1,FALSE,FALSE,61,flat,Eixample
1198,3,1,TRUE,FALSE,76,flat,Gracia
700,2,1,FALSE,FALSE,56,flat,Sants-Montjuic
875,1,1,TRUE,FALSE,45,flat,Sarria-Sant Gervasi
900,2,2,TRUE,FALSE,81,flat,Sants-Montjuic
750,3,1,FALSE,FALSE,62,flat,Horta- Guinardo
1120,3,1,FALSE,FALSE,85,flat,Sarria-Sant Gervasi
900,3,2,TRUE,FALSE,75,flat,Sants-Montjuic
1100,3,2,TRUE,FALSE,83,flat,Les Corts
990,2,2,FALSE,TRUE,76,flat,Gracia
1700,4,3,TRUE,FALSE,120,flat,Les Corts
850,1,1,TRUE,FALSE,40,flat,Gracia
890,2,1,FALSE,FALSE,70,flat,Gracia
980,1,1,TRUE,FALSE,50,flat,Sarria-Sant Gervasi
950,3,1,TRUE,FALSE,68,flat,Gracia
620,1,1,FALSE,FALSE,33,flat,Ciutat Vella
550,0,1,FALSE,FALSE,27,flat,Ciutat Vella
1300,1,1,TRUE,FALSE,37,flat,Ciutat Vella
1100,3,2,TRUE,FALSE,73,flat,Sarria-Sant Gervasi
1450,2,1,TRUE,FALSE,60,flat,Eixample
1150,3,1,TRUE,FALSE,80,flat,Eixample
1500,4,2,TRUE,FALSE,107,flat,Sarria-Sant Gervasi
1100,3,2,TRUE,FALSE,95,flat,Sants-Montjuic
4200,2,2,TRUE,TRUE,95,flat,Ciutat Vella
750,1,1,TRUE,FALSE,50,flat,Eixample
925,2,1,TRUE,FALSE,60,flat,Sarria-Sant Gervasi
1835,1,1,FALSE,FALSE,59,flat,Gracia
4700,5,5,TRUE,TRUE,257,flat,Sarria-Sant Gervasi
750,1,1,FALSE,FALSE,49,flat,Sants-Montjuic
700,1,1,TRUE,FALSE,48,flat,Sant Andreu
1550,3,1,TRUE,FALSE,120,flat,Sant Martí
700,1,1,TRUE,TRUE,45,flat,Gracia
1150,4,2,FALSE,FALSE,100,flat,Ciutat Vella
740,2,2,FALSE,FALSE,50,flat,Horta- Guinardo
690,1,1,FALSE,FALSE,50,flat,Eixample
1400,1,2,TRUE,FALSE,85,flat,Eixample
1400,1,2,TRUE,FALSE,85,flat,Eixample
5300,5,5,TRUE,FALSE,285,flat,Sarria-Sant Gervasi
4900,4,4,TRUE,FALSE,280,flat,Sarria-Sant Gervasi
1600,2,1,TRUE,FALSE,66,flat,Eixample
1000,2,1,TRUE,FALSE,63,flat,Ciutat Vella
950,3,1,TRUE,FALSE,75,flat,Eixample
1000,2,1,TRUE,TRUE,60,flat,Sarria-Sant Gervasi
700,2,1,FALSE,FALSE,60,flat,Sants-Montjuic
775,1,1,TRUE,FALSE,40,flat,Ciutat Vella
740,2,1,TRUE,FALSE,65,flat,Gracia
950,2,1,TRUE,FALSE,79,flat,Sants-Montjuic
800,1,1,FALSE,FALSE,40,flat,Ciutat Vella
950,2,1,FALSE,FALSE,70,flat,Sarria-Sant Gervasi
2500,5,3,TRUE,TRUE,180,flat,Eixample
900,3,1,TRUE,FALSE,75,flat,Gracia
1700,4,2,TRUE,FALSE,152,flat,Sarria-Sant Gervasi
1100,2,2,TRUE,FALSE,70,flat,Ciutat Vella
1375,2,1,TRUE,FALSE,85,flat,Sarria-Sant Gervasi
875,3,1,TRUE,FALSE,55,flat,Eixample
1200,2,1,TRUE,FALSE,75,flat,Ciutat Vella
1750,5,3,TRUE,FALSE,140,flat,Sarria-Sant Gervasi
2400,6,3,TRUE,FALSE,268,flat,Sarria-Sant Gervasi
3000,3,3,TRUE,FALSE,195,flat,Sarria-Sant Gervasi
860,2,1,TRUE,FALSE,60,flat,Sarria-Sant Gervasi
810,3,1,FALSE,FALSE,75,flat,Sant Andreu
700,2,1,FALSE,FALSE,45,flat,Gracia
750,1,1,FALSE,FALSE,58,flat,Ciutat Vella
650,1,1,FALSE,FALSE,48,flat,Ciutat Vella
1400,2,1,TRUE,FALSE,98,flat,Eixample
950,4,1,TRUE,FALSE,94,flat,Nou Barris
1850,2,2,FALSE,FALSE,100,flat,Gracia
3000,4,4,TRUE,TRUE,235,flat,Les Corts
850,1,1,TRUE,FALSE,60,flat,Ciutat Vella
650,1,1,FALSE,FALSE,28,flat,Ciutat Vella
775,2,1,FALSE,FALSE,30,flat,Ciutat Vella
790,1,1,TRUE,FALSE,45,flat,Eixample
650,1,1,FALSE,FALSE,35,flat,Ciutat Vella
950,2,1,TRUE,FALSE,65,flat,Les Corts
800,1,1,FALSE,FALSE,45,flat,Sants-Montjuic
900,2,1,TRUE,FALSE,59,flat,Ciutat Vella
1600,4,2,TRUE,FALSE,130,flat,Eixample
750,3,1,TRUE,FALSE,53,flat,Gracia
1250,4,2,TRUE,TRUE,85,flat,Eixample
780,2,1,TRUE,FALSE,50,flat,Les Corts
10750,0,1,TRUE,FALSE,679,flat,Sant Martí
3100,4,2,TRUE,TRUE,192,flat,Eixample
3700,4,3,TRUE,TRUE,216,flat,Sarria-Sant Gervasi
900,2,1,FALSE,FALSE,69,flat,Eixample
1990,2,2,TRUE,FALSE,130,flat,Eixample
1290,2,2,FALSE,FALSE,85,flat,Ciutat Vella
850,1,1,TRUE,TRUE,38,flat,Eixample
790,3,1,TRUE,FALSE,55,flat,Sant Andreu
950,1,1,TRUE,FALSE,60,flat,Sants-Montjuic
1250,3,2,TRUE,FALSE,96,flat,Gracia
1150,4,2,TRUE,FALSE,126,flat,Les Corts
1200,3,2,FALSE,FALSE,95,flat,Gracia
900,3,1,TRUE,FALSE,87,flat,Eixample
1700,3,2,TRUE,TRUE,142,flat,Eixample
3500,5,4,TRUE,TRUE,211,flat,Sarria-Sant Gervasi
1000,1,1,FALSE,FALSE,75,flat,Ciutat Vella
2600,3,3,TRUE,FALSE,138,flat,Ciutat Vella
730,2,1,FALSE,FALSE,45,flat,Gracia
1050,1,1,TRUE,FALSE,60,flat,Sarria-Sant Gervasi
1550,2,2,TRUE,FALSE,80,flat,Ciutat Vella
2900,3,2,TRUE,FALSE,120,flat,Sant Martí
1380,3,2,TRUE,FALSE,110,flat,Ciutat Vella
1000,3,1,TRUE,FALSE,86,flat,Eixample
790,3,1,FALSE,FALSE,76,flat,Horta- Guinardo
1113,3,2,FALSE,FALSE,91,flat,Ciutat Vella
1325,2,2,TRUE,FALSE,69,flat,Ciutat Vella
1750,6,2,TRUE,TRUE,145,flat,Sarria-Sant Gervasi
795,1,1,FALSE,FALSE,38,flat,Les Corts
850,2,1,TRUE,FALSE,50,flat,Les Corts
1290,2,1,TRUE,TRUE,64,flat,Sarria-Sant Gervasi
1215,2,2,TRUE,FALSE,55,flat,Eixample
950,3,1,FALSE,FALSE,84,flat,Gracia
940,4,1,TRUE,FALSE,75,flat,Ciutat Vella
3000,5,2,TRUE,TRUE,255,flat,Sarria-Sant Gervasi
725,2,1,TRUE,FALSE,48,flat,Sarria-Sant Gervasi
1200,2,1,TRUE,FALSE,50,flat,Gracia
2500,3,3,TRUE,TRUE,228,flat,Sarria-Sant Gervasi
925,3,1,TRUE,FALSE,65,flat,Eixample
3330,3,4,TRUE,FALSE,180,flat,Eixample
1400,1,1,TRUE,FALSE,51,flat,Eixample
990,3,1,TRUE,FALSE,89,flat,Eixample
1750,3,2,TRUE,FALSE,153,flat,Ciutat Vella
1191,2,2,TRUE,FALSE,95,flat,Ciutat Vella
1200,3,2,TRUE,TRUE,85,flat,Eixample
1000,3,1,FALSE,FALSE,75,flat,Sant Martí
1100,2,1,TRUE,TRUE,60,flat,Eixample
890,1,1,TRUE,FALSE,76,flat,Eixample
2000,2,2,TRUE,FALSE,70,flat,Ciutat Vella
4500,3,2,TRUE,FALSE,180,flat,Sarria-Sant Gervasi
1100,3,2,TRUE,FALSE,81,flat,Eixample
1050,1,1,TRUE,FALSE,70,flat,Ciutat Vella
1200,1,1,FALSE,FALSE,65,flat,Sarria-Sant Gervasi
1100,1,1,FALSE,FALSE,43,flat,Ciutat Vella
1150,3,1,TRUE,TRUE,90,flat,Horta- Guinardo
1250,4,2,TRUE,FALSE,95,flat,Sarria-Sant Gervasi
1150,3,2,TRUE,TRUE,102,flat,Les Corts
1450,3,1,TRUE,FALSE,80,flat,Eixample
1750,3,2,TRUE,FALSE,105,flat,Ciutat Vella
1400,2,1,TRUE,FALSE,70,flat,Eixample
1550,2,2,TRUE,FALSE,79,flat,Ciutat Vella
900,1,1,TRUE,FALSE,50,flat,Sarria-Sant Gervasi
1020,4,2,TRUE,FALSE,110,flat,Les Corts
1160,3,2,TRUE,FALSE,85,flat,Les Corts
1030,3,1,TRUE,FALSE,71,flat,Sants-Montjuic
680,2,1,FALSE,FALSE,40,flat,Sants-Montjuic
825,3,1,TRUE,FALSE,62,flat,Sant Martí
2500,4,2,TRUE,FALSE,181,flat,Sarria-Sant Gervasi
1050,2,1,TRUE,FALSE,71,flat,Eixample
950,1,1,TRUE,FALSE,50,flat,Eixample
1050,3,1,TRUE,TRUE,70,flat,Gracia
1100,3,2,TRUE,FALSE,81,flat,Eixample
2150,4,3,TRUE,FALSE,167,flat,Ciutat Vella
2600,5,4,TRUE,TRUE,255,flat,Sarria-Sant Gervasi
800,2,1,FALSE,FALSE,50,flat,Eixample
2500,5,3,TRUE,FALSE,195,flat,Eixample
3500,6,3,TRUE,FALSE,340,flat,Eixample
2000,4,2,TRUE,FALSE,140,flat,Eixample
1050,3,1,TRUE,FALSE,79,flat,Horta- Guinardo
2700,3,2,TRUE,TRUE,110,flat,Eixample
1350,3,2,TRUE,FALSE,90,flat,Eixample
3500,5,5,TRUE,FALSE,279,flat,Sarria-Sant Gervasi
750,0,1,TRUE,TRUE,43,flat,Sarria-Sant Gervasi
890,3,1,TRUE,TRUE,70,flat,Sant Andreu
3900,3,2,TRUE,FALSE,100,flat,Sant Martí
1300,2,2,TRUE,FALSE,110,flat,Eixample
890,1,2,FALSE,FALSE,65,flat,Ciutat Vella
900,2,2,FALSE,FALSE,69,flat,Ciutat Vella
2600,10,5,TRUE,FALSE,200,flat,Les Corts
1000,2,1,TRUE,FALSE,83,flat,Ciutat Vella
900,3,1,TRUE,FALSE,75,flat,Gracia
920,3,1,TRUE,FALSE,67,flat,Sant Martí
1600,1,1,TRUE,FALSE,51,flat,Gracia
2200,2,2,TRUE,FALSE,68,flat,Gracia
2200,1,2,TRUE,FALSE,74,flat,Gracia
2000,3,2,FALSE,FALSE,80,flat,Eixample
1700,2,2,TRUE,FALSE,80,flat,Ciutat Vella
2000,2,2,TRUE,FALSE,70,flat,Gracia
2500,2,3,TRUE,FALSE,72,flat,Gracia
1800,1,2,TRUE,TRUE,70,flat,Gracia
2000,3,2,TRUE,FALSE,80,flat,Eixample
1000,1,1,FALSE,FALSE,45,flat,Sarria-Sant Gervasi
1700,2,2,TRUE,FALSE,80,flat,Ciutat Vella
2400,4,3,TRUE,FALSE,200,flat,Les Corts
895,2,1,TRUE,FALSE,52,flat,Sant Martí
900,1,1,TRUE,FALSE,45,flat,Sarria-Sant Gervasi
840,1,1,TRUE,FALSE,40,flat,Ciutat Vella
1250,3,2,TRUE,FALSE,124,flat,Gracia
990,2,1,TRUE,FALSE,55,flat,Eixample
895,2,1,TRUE,FALSE,65,flat,Ciutat Vella
1100,2,1,TRUE,FALSE,80,flat,Eixample
900,2,1,TRUE,FALSE,63,flat,Ciutat Vella
1695,1,1,TRUE,FALSE,79,flat,Sarria-Sant Gervasi
4200,2,2,TRUE,FALSE,90,flat,Ciutat Vella
1300,4,2,TRUE,TRUE,63,flat,Ciutat Vella
1250,3,2,TRUE,FALSE,78,flat,Eixample
850,3,1,TRUE,FALSE,55,flat,Gracia
1046,1,1,TRUE,FALSE,45,flat,Sarria-Sant Gervasi
760,3,1,FALSE,FALSE,45,flat,Sants-Montjuic
6000,3,2,TRUE,TRUE,120,flat,Ciutat Vella
6000,3,2,TRUE,TRUE,120,flat,Ciutat Vella
1500,3,2,TRUE,FALSE,85,flat,Eixample
850,2,1,FALSE,FALSE,68,flat,Gracia
2100,3,2,TRUE,FALSE,190,flat,Ciutat Vella
890,2,2,TRUE,FALSE,65,flat,Gracia
800,3,1,TRUE,FALSE,80,flat,Nou Barris
3500,5,3,TRUE,TRUE,214,flat,Sarria-Sant Gervasi
1200,3,1,TRUE,TRUE,85,flat,Ciutat Vella
1350,3,2,TRUE,FALSE,93,flat,Sarria-Sant Gervasi
1150,3,2,TRUE,FALSE,84,flat,Sarria-Sant Gervasi
3972,4,4,TRUE,TRUE,240,flat,Sarria-Sant Gervasi
1500,4,2,TRUE,FALSE,135,flat,Eixample
1350,3,1,TRUE,TRUE,90,flat,Sants-Montjuic
1200,2,1,TRUE,FALSE,60,flat,Eixample
1150,3,1,TRUE,TRUE,90,flat,Horta- Guinardo
800,2,1,TRUE,FALSE,61,flat,Gracia
1200,2,2,TRUE,FALSE,90,flat,Eixample
950,1,1,TRUE,FALSE,60,flat,Sarria-Sant Gervasi
1100,1,1,TRUE,FALSE,60,flat,Eixample
800,1,1,TRUE,FALSE,40,flat,Ciutat Vella
1990,3,2,TRUE,FALSE,110,flat,Eixample
950,1,1,TRUE,FALSE,50,flat,Les Corts
890,1,1,TRUE,FALSE,50,flat,Sarria-Sant Gervasi
890,1,1,TRUE,FALSE,50,flat,Sarria-Sant Gervasi
1100,3,1,TRUE,FALSE,80,flat,Eixample
750,2,1,TRUE,FALSE,44,flat,Eixample
1050,1,1,TRUE,FALSE,52,flat,Ciutat Vella
2850,3,3,TRUE,TRUE,130,flat,Eixample
3000,3,3,TRUE,FALSE,188,flat,Eixample
950,2,2,TRUE,FALSE,63,flat,Ciutat Vella
1280,2,1,TRUE,FALSE,88,flat,Eixample
1400,4,2,TRUE,TRUE,100,flat,Les Corts
1400,4,2,TRUE,TRUE,95,flat,Sarria-Sant Gervasi
3500,4,4,TRUE,FALSE,210,flat,Les Corts
3500,4,4,TRUE,FALSE,210,flat,Les Corts
3200,4,3,TRUE,FALSE,250,flat,Les Corts
925,1,1,FALSE,FALSE,74,flat,Gracia
1290,3,1,TRUE,FALSE,140,flat,Ciutat Vella
850,1,1,FALSE,FALSE,35,flat,Ciutat Vella
1700,2,1,TRUE,FALSE,60,flat,Gracia
2200,3,2,TRUE,FALSE,80,flat,Eixample
2000,2,1,TRUE,FALSE,100,flat,Eixample
575,1,1,FALSE,FALSE,35,flat,Ciutat Vella
700,1,1,FALSE,FALSE,35,flat,Ciutat Vella
6800,5,4,TRUE,TRUE,338,flat,Sarria-Sant Gervasi
6800,6,4,TRUE,FALSE,338,flat,Sarria-Sant Gervasi
1150,3,2,TRUE,FALSE,70,flat,Eixample
1070,2,1,TRUE,FALSE,75,flat,Eixample
1350,0,1,TRUE,FALSE,90,flat,Eixample
950,1,1,TRUE,FALSE,50,flat,Sarria-Sant Gervasi
650,1,1,FALSE,FALSE,35,flat,Ciutat Vella
1150,3,2,FALSE,TRUE,60,flat,Eixample
1300,3,1,FALSE,TRUE,80,flat,Sarria-Sant Gervasi
1350,4,2,TRUE,FALSE,95,flat,Sants-Montjuic
1600,3,2,TRUE,FALSE,127,flat,Ciutat Vella
8000,4,6,TRUE,TRUE,443,flat,Sarria-Sant Gervasi
15000,4,4,TRUE,FALSE,450,flat,Sarria-Sant Gervasi
1750,3,2,TRUE,FALSE,135,flat,Sarria-Sant Gervasi
1250,2,1,TRUE,FALSE,62,flat,Eixample
1350,3,1,FALSE,FALSE,69,flat,Sants-Montjuic
850,1,1,FALSE,FALSE,53,flat,Ciutat Vella
1250,2,1,FALSE,FALSE,80,flat,Horta- Guinardo
1000,1,1,TRUE,FALSE,95,flat,Eixample
1300,2,1,TRUE,FALSE,70,flat,Horta- Guinardo
1600,4,2,TRUE,FALSE,111,flat,Les Corts
1450,4,2,TRUE,FALSE,106,flat,Les Corts
950,3,1,TRUE,FALSE,83,flat,Gracia
800,2,1,FALSE,FALSE,65,flat,Eixample
780,3,1,TRUE,FALSE,83,flat,Gracia
1400,2,1,FALSE,TRUE,100,flat,Eixample
1800,2,2,FALSE,FALSE,104,flat,Eixample
790,2,1,FALSE,FALSE,60,flat,Ciutat Vella
1150,1,1,FALSE,TRUE,65,flat,Sarria-Sant Gervasi
1600,2,2,TRUE,FALSE,80,flat,Ciutat Vella
1350,3,1,TRUE,FALSE,85,flat,Ciutat Vella
1600,4,1,TRUE,TRUE,95,flat,Sants-Montjuic
1100,1,1,TRUE,FALSE,57,flat,Eixample
1400,2,1,TRUE,FALSE,95,flat,Eixample
1290,2,1,FALSE,FALSE,60,flat,Eixample
1900,2,2,TRUE,FALSE,83,flat,Eixample
1300,1,1,TRUE,TRUE,50,flat,Sants-Montjuic
750,1,1,TRUE,FALSE,40,flat,Ciutat Vella
1050,4,1,FALSE,FALSE,75,flat,Les Corts
1300,3,1,TRUE,FALSE,70,flat,Eixample
1800,3,2,TRUE,FALSE,136,flat,Eixample
1675,3,2,TRUE,FALSE,100,flat,Eixample
1150,0,1,FALSE,FALSE,80,flat,Sarria-Sant Gervasi
1020,3,1,TRUE,FALSE,70,flat,Sants-Montjuic
705,2,1,FALSE,FALSE,50,flat,Ciutat Vella
1800,3,2,FALSE,FALSE,136,flat,Eixample
1450,4,2,FALSE,FALSE,80,flat,Eixample
2200,2,2,TRUE,FALSE,106,flat,Eixample
875,2,1,TRUE,FALSE,66,flat,Eixample
1500,2,1,TRUE,TRUE,57,flat,Ciutat Vella
950,3,2,TRUE,FALSE,93,flat,Sant Andreu
800,2,1,TRUE,FALSE,55,flat,Sarria-Sant Gervasi
890,3,1,TRUE,FALSE,65,flat,Sant Andreu
1200,2,1,FALSE,FALSE,68,flat,Sarria-Sant Gervasi
1250,5,2,TRUE,FALSE,130,flat,Eixample
800,1,1,TRUE,FALSE,45,flat,Ciutat Vella
1200,2,1,TRUE,TRUE,76,flat,Sants-Montjuic
1100,2,2,TRUE,FALSE,53,flat,Eixample
1150,3,2,TRUE,FALSE,95,flat,Eixample
1400,3,1,TRUE,FALSE,95,flat,Eixample
2100,2,2,TRUE,FALSE,95,flat,Ciutat Vella
1800,2,1,TRUE,FALSE,75,flat,Ciutat Vella
1990,3,2,TRUE,TRUE,90,flat,Eixample
1900,4,2,TRUE,FALSE,122,flat,Eixample
875,1,1,TRUE,FALSE,70,flat,Sarria-Sant Gervasi
1150,1,1,TRUE,FALSE,41,flat,Sarria-Sant Gervasi
2200,5,2,TRUE,FALSE,250,flat,Sarria-Sant Gervasi
2400,3,6,TRUE,FALSE,140,flat,Eixample
1050,3,1,FALSE,FALSE,70,flat,Eixample
3900,6,5,TRUE,TRUE,250,flat,Eixample
1500,3,1,TRUE,FALSE,90,flat,Eixample
4000,4,3,TRUE,FALSE,200,flat,Les Corts
1400,2,1,TRUE,FALSE,50,flat,Ciutat Vella
1400,2,1,TRUE,FALSE,61,flat,Ciutat Vella
6000,3,2,TRUE,FALSE,160,flat,Ciutat Vella
1800,2,1,TRUE,TRUE,75,flat,Eixample
1095,2,1,TRUE,TRUE,75,flat,Eixample
2800,4,3,TRUE,FALSE,187,flat,Sarria-Sant Gervasi
1800,2,1,TRUE,FALSE,60,flat,Eixample
960,4,2,TRUE,FALSE,75,flat,Gracia
425,1,1,TRUE,FALSE,17,flat,Sant Martí
1100,2,1,TRUE,TRUE,82,flat,Sarria-Sant Gervasi
1450,4,2,TRUE,FALSE,120,flat,Sarria-Sant Gervasi
1700,2,2,TRUE,TRUE,93,flat,Ciutat Vella
800,3,1,FALSE,FALSE,80,flat,Nou Barris
900,2,1,TRUE,FALSE,50,flat,Sarria-Sant Gervasi
1300,2,1,FALSE,FALSE,67,flat,Gracia
650,1,1,FALSE,FALSE,55,flat,Gracia
775,3,1,TRUE,FALSE,60,flat,Horta- Guinardo
1000,3,2,TRUE,TRUE,91,flat,Eixample
2700,4,3,TRUE,FALSE,133,flat,Sarria-Sant Gervasi
1200,3,2,TRUE,FALSE,82,flat,Les Corts
700,2,1,TRUE,FALSE,57,flat,Sants-Montjuic
850,3,1,TRUE,FALSE,70,flat,Sants-Montjuic
2300,4,2,TRUE,FALSE,140,flat,Les Corts
1300,3,2,TRUE,TRUE,130,flat,Les Corts
960,3,2,TRUE,FALSE,71,flat,Sants-Montjuic
1700,3,2,TRUE,FALSE,144,flat,Eixample
825,1,1,TRUE,FALSE,45,flat,Eixample
1000,2,2,TRUE,FALSE,110,flat,Les Corts
650,1,1,FALSE,FALSE,42,flat,Gracia
1250,4,2,TRUE,TRUE,100,flat,Horta- Guinardo
1100,4,1,FALSE,FALSE,80,flat,Eixample
850,3,1,TRUE,FALSE,62,flat,Ciutat Vella
775,2,1,TRUE,FALSE,55,flat,Ciutat Vella
820,2,1,FALSE,FALSE,60,flat,Eixample
1050,1,1,FALSE,FALSE,75,flat,Gracia
2900,5,2,TRUE,TRUE,180,flat,Eixample
320,3,1,TRUE,FALSE,14,flat,Sants-Montjuic
650,2,1,TRUE,TRUE,65,flat,Horta- Guinardo
700,2,1,FALSE,FALSE,60,flat,Sants-Montjuic
1700,3,2,TRUE,FALSE,130,flat,Sarria-Sant Gervasi
900,2,1,TRUE,FALSE,80,flat,Les Corts
880,2,1,TRUE,FALSE,69,flat,Ciutat Vella
650,2,1,FALSE,FALSE,38,flat,Sants-Montjuic
4000,2,1,TRUE,FALSE,75,flat,Eixample
990,3,1,TRUE,FALSE,78,flat,Eixample
2500,1,1,FALSE,FALSE,30,flat,Eixample
4000,3,1,FALSE,TRUE,95,flat,Les Corts
1335,2,1,TRUE,FALSE,47,flat,Sant Martí
1460,2,1,TRUE,FALSE,55,flat,Sant Martí
1235,2,1,TRUE,FALSE,47,flat,Sant Martí
1335,2,1,FALSE,FALSE,47,flat,Sant Martí
1210,2,1,TRUE,FALSE,47,flat,Sant Martí
1260,2,1,FALSE,FALSE,47,flat,Sant Martí
2110,2,2,TRUE,FALSE,73,flat,Sant Martí
2375,2,2,TRUE,FALSE,73,flat,Sant Martí
2500,3,2,TRUE,FALSE,92,flat,Sant Martí
2280,2,2,TRUE,FALSE,73,flat,Sant Martí
2280,3,2,TRUE,FALSE,92,flat,Sant Martí
1400,2,2,TRUE,FALSE,87,flat,Ciutat Vella
700,3,1,TRUE,FALSE,50,flat,Horta- Guinardo
1250,1,1,TRUE,TRUE,53,flat,Les Corts
1075,3,1,TRUE,FALSE,69,flat,Sants-Montjuic
1750,4,2,TRUE,FALSE,109,flat,Sant Martí
1085,3,2,TRUE,FALSE,83,flat,Les Corts
1100,2,1,FALSE,TRUE,51,flat,Eixample
1150,2,2,TRUE,FALSE,54,flat,Sants-Montjuic
1200,2,2,TRUE,FALSE,78,flat,Eixample
1000,2,2,FALSE,FALSE,92,flat,Sants-Montjuic
1150,3,2,FALSE,FALSE,103,flat,Nou Barris
1100,3,1,TRUE,FALSE,86,flat,Eixample
1200,3,2,TRUE,FALSE,84,flat,Eixample
1050,3,2,TRUE,FALSE,72,flat,Sants-Montjuic
1050,1,2,TRUE,FALSE,67,flat,Ciutat Vella
1350,3,1,TRUE,TRUE,120,flat,Eixample
1150,3,1,TRUE,FALSE,75,flat,Sants-Montjuic
925,1,1,TRUE,FALSE,55,flat,Ciutat Vella
700,2,1,TRUE,FALSE,53,flat,Horta- Guinardo
890,2,1,FALSE,FALSE,55,flat,Ciutat Vella
900,2,1,TRUE,FALSE,68,flat,Eixample
1350,3,1,TRUE,TRUE,120,flat,Eixample
1150,3,1,TRUE,FALSE,79,flat,Eixample
900,1,1,TRUE,FALSE,45,flat,Ciutat Vella
995,3,1,TRUE,FALSE,62,flat,Eixample
900,2,2,TRUE,FALSE,83,flat,Sants-Montjuic
950,2,1,TRUE,TRUE,68,flat,Sarria-Sant Gervasi
3600,2,1,TRUE,TRUE,100,flat,Sarria-Sant Gervasi
850,2,1,TRUE,TRUE,43,flat,Sant Andreu
758,2,1,TRUE,FALSE,49,flat,Sant Andreu
950,1,1,TRUE,FALSE,55,flat,Ciutat Vella
1700,3,2,TRUE,FALSE,115,flat,Eixample
1400,3,2,TRUE,FALSE,100,flat,Eixample
650,1,1,FALSE,FALSE,22,flat,Eixample
700,3,1,FALSE,FALSE,64,flat,Horta- Guinardo
1300,3,2,TRUE,TRUE,111,flat,Sant Martí
1800,2,1,TRUE,TRUE,85,flat,Eixample
1325,2,2,TRUE,FALSE,95,flat,Eixample
1500,5,2,TRUE,TRUE,100,flat,Eixample
825,3,1,TRUE,FALSE,68,flat,Sant Andreu
1950,6,3,TRUE,FALSE,206,flat,Sarria-Sant Gervasi
1800,2,1,TRUE,TRUE,80,flat,Gracia
900,1,1,TRUE,FALSE,54,flat,Sarria-Sant Gervasi
2150,2,2,TRUE,FALSE,100,flat,Eixample
825,3,1,TRUE,FALSE,65,flat,Eixample
1100,1,1,TRUE,FALSE,70,flat,Sarria-Sant Gervasi
650,1,1,TRUE,FALSE,45,flat,Gracia
1200,3,2,TRUE,FALSE,70,flat,Eixample
1600,3,2,TRUE,FALSE,100,flat,Eixample
1150,3,2,TRUE,FALSE,100,flat,Eixample
845,3,1,TRUE,FALSE,55,flat,Sant Martí
1150,3,2,TRUE,FALSE,100,flat,Eixample
850,3,1,TRUE,FALSE,55,flat,Sant Martí
1250,4,2,TRUE,FALSE,125,flat,Eixample
900,1,1,TRUE,FALSE,55,flat,Sarria-Sant Gervasi
700,3,1,FALSE,FALSE,70,flat,Eixample
1250,2,2,FALSE,TRUE,90,flat,Gracia
1650,3,2,FALSE,TRUE,160,flat,Ciutat Vella
1700,2,2,TRUE,FALSE,75,flat,Eixample
1400,2,1,TRUE,FALSE,60,flat,Eixample
1400,2,1,TRUE,FALSE,70,flat,Eixample
950,2,1,TRUE,FALSE,51,flat,Sants-Montjuic
990,2,1,TRUE,FALSE,62,flat,Ciutat Vella
790,1,1,TRUE,FALSE,50,flat,Horta- Guinardo
790,2,1,FALSE,FALSE,50,flat,Ciutat Vella
1250,2,2,FALSE,FALSE,90,flat,Gracia
1200,3,2,TRUE,FALSE,80,flat,Eixample
1250,4,2,TRUE,FALSE,85,flat,Eixample
3000,2,2,TRUE,TRUE,130,flat,Eixample
1250,4,2,FALSE,FALSE,101,flat,Gracia
2400,3,2,TRUE,FALSE,160,flat,Eixample
1100,2,1,FALSE,FALSE,56,flat,Ciutat Vella
860,2,1,TRUE,FALSE,70,flat,Gracia
1695,4,2,TRUE,FALSE,135,flat,Eixample
1100,3,2,FALSE,TRUE,105,flat,Horta- Guinardo
2780,3,3,TRUE,TRUE,250,flat,Eixample
990,2,1,TRUE,TRUE,65,flat,Sant Martí
1650,3,2,TRUE,FALSE,83,flat,Sants-Montjuic
1450,2,2,TRUE,FALSE,92,flat,Sarria-Sant Gervasi
925,2,1,TRUE,FALSE,65,flat,Eixample
1095,2,2,FALSE,FALSE,60,flat,Gracia
1400,2,1,TRUE,FALSE,70,flat,Sant Martí
1400,3,1,TRUE,FALSE,80,flat,Eixample
1090,3,1,TRUE,FALSE,86,flat,Sant Andreu
1265,3,2,TRUE,TRUE,100,flat,Eixample
1500,3,2,TRUE,FALSE,110,flat,Eixample
1075,2,2,FALSE,FALSE,65,flat,Gracia
1500,3,2,TRUE,FALSE,110,flat,Eixample
1500,2,2,TRUE,TRUE,90,flat,Sarria-Sant Gervasi
1500,3,2,TRUE,FALSE,110,flat,Eixample
1500,3,2,TRUE,FALSE,110,flat,Eixample
890,1,1,TRUE,FALSE,40,study,Sarria-Sant Gervasi
790,0,1,FALSE,TRUE,36,study,Ciutat Vella
685,1,1,FALSE,FALSE,60,study,Ciutat Vella
695,0,1,TRUE,FALSE,50,study,Gracia
380,1,1,TRUE,FALSE,10,study,Sant Martí
650,1,1,TRUE,FALSE,30,study,Sant Martí
550,1,1,FALSE,FALSE,35,study,Sants-Montjuic
675,1,1,TRUE,TRUE,23,study,Eixample
750,1,1,TRUE,FALSE,65,study,Ciutat Vella
590,0,1,TRUE,FALSE,35,study,Horta- Guinardo
1400,2,2,TRUE,FALSE,71,study,Eixample
1850,2,2,TRUE,TRUE,80,study,Eixample
1200,1,1,FALSE,FALSE,50,study,Sant Martí
650,1,1,FALSE,FALSE,38,study,Sant Martí
800,1,1,FALSE,FALSE,40,study,Ciutat Vella
690,1,1,FALSE,FALSE,37,study,Horta- Guinardo
790,0,1,FALSE,FALSE,52,study,Ciutat Vella
750,0,1,TRUE,TRUE,28,study,Ciutat Vella
470,0,1,TRUE,FALSE,23,study,Sants-Montjuic
550,0,1,FALSE,FALSE,30,study,Horta- Guinardo
900,0,1,TRUE,FALSE,45,study,Eixample
1600,0,1,TRUE,TRUE,60,study,Eixample
700,1,1,FALSE,FALSE,45,study,Sarria-Sant Gervasi
700,0,1,TRUE,FALSE,39,study,Sarria-Sant Gervasi
750,1,1,TRUE,TRUE,52,study,Sarria-Sant Gervasi
500,1,1,FALSE,TRUE,16,study,Ciutat Vella
500,1,1,TRUE,FALSE,30,study,Gracia
500,1,1,TRUE,FALSE,35,study,Gracia
750,0,1,FALSE,FALSE,35,study,Sarria-Sant Gervasi
650,0,1,TRUE,FALSE,47,study,Sants-Montjuic
640,0,1,TRUE,FALSE,34,study,Sant Martí
490,1,1,TRUE,FALSE,25,study,Horta- Guinardo
480,0,1,FALSE,FALSE,30,study,Sant Andreu
600,1,1,FALSE,FALSE,33,study,Horta- Guinardo
800,0,1,TRUE,FALSE,45,study,Gracia
1100,1,1,FALSE,FALSE,98,study,Horta- Guinardo
550,0,1,FALSE,FALSE,26,study,Gracia
625,1,1,FALSE,FALSE,42,study,Horta- Guinardo
2500,0,2,TRUE,TRUE,170,study,Ciutat Vella
650,0,1,FALSE,FALSE,33,study,Ciutat Vella
580,0,1,FALSE,FALSE,20,study,Horta- Guinardo
590,0,1,FALSE,FALSE,37,study,Ciutat Vella
850,0,1,TRUE,FALSE,35,study,Eixample
675,1,1,TRUE,FALSE,35,study,Ciutat Vella
700,1,2,FALSE,FALSE,40,study,Ciutat Vella
530,0,1,FALSE,FALSE,25,study,Ciutat Vella
800,2,1,TRUE,FALSE,43,study,Eixample
666,0,1,FALSE,FALSE,40,study,Sant Andreu
750,0,2,FALSE,FALSE,24,study,Ciutat Vella
695,1,1,TRUE,FALSE,63,study,Horta- Guinardo
650,1,1,TRUE,FALSE,22,study,Eixample
850,1,1,TRUE,TRUE,35,study,Eixample
425,1,1,TRUE,FALSE,18,study,Gracia
652,0,1,TRUE,FALSE,30,study,Sant Martí
830,0,1,TRUE,FALSE,45,study,Sarria-Sant Gervasi
750,0,1,TRUE,TRUE,32,study,Sant Martí
690,1,1,FALSE,FALSE,35,study,Ciutat Vella
650,1,1,FALSE,FALSE,40,study,Sarria-Sant Gervasi
595,1,1,FALSE,FALSE,40,study,Sants-Montjuic
565,0,1,FALSE,FALSE,22,study,Sants-Montjuic
700,1,1,FALSE,FALSE,55,study,Les Corts
745,0,1,TRUE,FALSE,25,study,Sarria-Sant Gervasi
650,1,1,FALSE,FALSE,50,study,Ciutat Vella
800,1,1,FALSE,FALSE,60,study,Gracia
545,0,1,TRUE,FALSE,19,study,Gracia
550,0,1,TRUE,FALSE,39,study,Les Corts
625,0,1,FALSE,FALSE,40,study,Ciutat Vella
550,0,1,TRUE,FALSE,39,study,Les Corts
750,2,1,TRUE,FALSE,65,study,Les Corts
740,2,1,FALSE,FALSE,56,study,Ciutat Vella
757,2,1,FALSE,FALSE,61,study,Ciutat Vella
650,1,1,TRUE,FALSE,50,study,Sant Martí
423,0,1,TRUE,FALSE,20,study,Gracia
700,1,1,TRUE,FALSE,48,study,Eixample
625,0,1,FALSE,FALSE,30,study,Ciutat Vella
450,0,1,FALSE,FALSE,15,study,Ciutat Vella
790,1,1,TRUE,FALSE,50,study,Eixample
860,1,1,TRUE,FALSE,34,study,Ciutat Vella
665,1,1,TRUE,FALSE,50,study,Sarria-Sant Gervasi
484,0,1,FALSE,FALSE,19,study,Horta- Guinardo
650,1,1,TRUE,FALSE,20,study,Sarria-Sant Gervasi
600,0,1,FALSE,FALSE,25,study,Eixample
950,1,1,TRUE,FALSE,50,study,Ciutat Vella
990,0,1,FALSE,TRUE,85,study,Gracia
490,0,1,TRUE,FALSE,28,study,Sants-Montjuic
825,0,1,TRUE,FALSE,33,study,Sarria-Sant Gervasi
700,1,1,FALSE,TRUE,45,study,Ciutat Vella
750,1,1,TRUE,FALSE,52,study,Gracia
425,0,1,FALSE,FALSE,20,study,Gracia
700,0,1,TRUE,FALSE,38,study,Sarria-Sant Gervasi
575,0,1,TRUE,FALSE,34,study,Sants-Montjuic
550,0,1,FALSE,FALSE,24,study,Ciutat Vella
1034,0,1,FALSE,FALSE,47,study,Gracia
545,0,1,TRUE,FALSE,17,study,Sarria-Sant Gervasi
600,1,1,TRUE,FALSE,23,study,Ciutat Vella
700,0,1,FALSE,FALSE,35,study,Eixample
550,0,1,FALSE,FALSE,24,study,Ciutat Vella
745,1,1,FALSE,FALSE,30,study,Ciutat Vella
1210,0,1,TRUE,FALSE,81,study,Sarria-Sant Gervasi
550,0,1,TRUE,TRUE,25,study,Sarria-Sant Gervasi
847,1,1,TRUE,FALSE,40,study,Eixample
790,1,1,TRUE,FALSE,55,study,Horta- Guinardo
995,1,2,FALSE,TRUE,65,study,Sants-Montjuic
700,1,1,FALSE,FALSE,45,study,Ciutat Vella
600,1,1,FALSE,FALSE,40,study,Horta- Guinardo
860,1,1,TRUE,FALSE,70,study,Eixample
700,1,1,TRUE,FALSE,50,study,Ciutat Vella
1500,4,2,TRUE,FALSE,50,study,Ciutat Vella
750,1,1,TRUE,TRUE,50,study,Ciutat Vella
1500,4,3,TRUE,FALSE,129,flat,Horta- Guinardo
2700,4,2,TRUE,FALSE,85,attic,Sarria-Sant Gervasi
2700,3,2,TRUE,FALSE,85,attic,Sarria-Sant Gervasi
710,1,1,TRUE,FALSE,90,flat,Sants-Montjuic
590,0,1,FALSE,FALSE,46,study,Ciutat Vella
2700,3,2,TRUE,FALSE,85,flat,Sarria-Sant Gervasi
1600,0,1,TRUE,FALSE,60,study,Eixample
1100,1,1,TRUE,FALSE,110,flat,Ciutat Vella
1835,1,1,TRUE,FALSE,59,study,Gracia
3800,3,4,TRUE,FALSE,218,flat,Eixample
3200,4,3,TRUE,TRUE,200,flat,Sarria-Sant Gervasi
3000,3,3,TRUE,TRUE,174,flat,Ciutat Vella
2600,3,2,FALSE,TRUE,136,flat,Sant Martí
900,1,1,FALSE,TRUE,47,study,Sants-Montjuic
550,1,1,FALSE,FALSE,38,study,Horta- Guinardo
4600,4,4,TRUE,TRUE,270,flat,Sarria-Sant Gervasi
620,0,1,TRUE,FALSE,29,study,Les Corts
1650,3,3,TRUE,FALSE,85,attic,Eixample
520,1,1,TRUE,FALSE,25,study,Ciutat Vella
610,0,1,TRUE,FALSE,24,study,Eixample
600,0,1,TRUE,FALSE,22,study,Gracia
640,0,1,TRUE,FALSE,29,study,Sant Martí
700,0,1,TRUE,FALSE,25,study,Horta- Guinardo
1200,3,2,TRUE,FALSE,78,flat,Sant Martí
1375,3,3,FALSE,FALSE,280,flat,Sarria-Sant Gervasi
530,0,1,FALSE,FALSE,26,study,Sants-Montjuic
700,1,1,TRUE,FALSE,45,study,Gracia
6000,2,2,TRUE,TRUE,318,attic,Ciutat Vella
1100,1,1,TRUE,FALSE,102,flat,Sants-Montjuic
