Infraccio_Codi;Infraccio_Desc_Curta_CA;Infraccio_Desc_Curta_ES;Infraccio_Desc_Llarga_CA;Infraccio_Desc_Llarga_ES;Data_Inici_Vigencia;Data_Fi_Vigencia;Article;Normativa;Import_Nominal_?;Tipus_Infraccio;Punts_A_Retirar;Autoritat
910;NO IDENTIFIC CONDUCT RESPONS INFRACCIO;NO IDENTIFIC CONDUCT RESPONS INFRACCION;;-;2005-03-16;9999-12-31;77. J;LSV;301;E;0;Il.lm./a Sr./a Regidor/a del Districte
912;NO IDENTIFICAR EL CONDUCTOR RESPONSABLE DE LA INFRACCIO;NO IDENTIFICAR AL CONDUCTOR RESPONSABLE DE LA INFRACCION;;-;1900-01-03;9999-12-31;77. J;LSV;301;E;0;Il.lm./a Sr./a Regidor/a del Districte
913;NO IDENTIFICAR EL CONDUCTOR RESPONSABLE DE LA INFRACCIO;NO IDENTIFICAR AL CONDUCTOR RESPONSABLE DE LA INFRACCION;;-;1900-01-03;9999-12-31;77. J;LSV;1000;E;0;Il.lm./a Sr./a Regidor/a del Districte
1001;INSTAL SENYAL V PUB SENSE PERMIS O CAUSA;INSTAL SENAL V PUBL SIN PERMISO O CAUSA;Instal.lar senyalitzacio en una via publica sense autoritzacio municipal o sense causa greu que ho justifiqui;-;2003-05-21;9999-12-31;73.C A;OCVV;90;E;0;Il.lm./a Sr./a Regidor/a del Districte
1002;COL.LOC SOBRE SENYAL/COSTAT OBJ PUBLICIT;COLOCAR SOBRE SENAL/LADO OBJETO PUBLICIT;Col.locar publicitat a sobre o al costat dels senyals;-;2003-05-21;9999-12-31;73.B A;OCVV;90;E;0;Il.lm./a Sr./a Regidor/a del Districte
1003;COL.LOC OBJ QUE ENLL/LIMITI VISIO SENYAL;COLOC OBJ QUE DESLUM/LIMIT VISION SENAL;Col.locar objectes o instal.lacions que enlluernin, dificultin la visio d'algun senyal o distreguin l'atencio;-;2003-05-21;9999-12-31;73.C B;OCVV;90;E;0;Il.lm./a Sr./a Regidor/a del Districte
1004;COL.LOCAR SENSE AUT OBST/OBJ DEST CIRCUL;COLOCAR SIN AUTOR OBST/OBJ ENTORP CIRCUL;Col.locar a la via publica obstacles o objectes que destorbin o pertorbin la circulacio de vianants o vehicles sense autoritzacio.;-;2003-05-21;9999-12-31;73.A H;OCVV;90;E;0;Il.lm./a Sr./a Regidor/a del Districte
1005;COL OBST AUTOR SENSE PROT/SENYAL/IL.LUM;COL OBST AUTOR SIN PROTEC/SENAL/ILUMINA;Col.locar a la via publica un obstacle, estant autoritzat, sense proteccio, senyalitzacio i/o il.luminacio que garanteixi la seguretat dels usuaris;-;2003-05-21;9999-12-31;62. 2;OCVV;90;E;0;Il.lm./a Sr./a Regidor/a del Districte
1006;CIRCULAR O ATURAR-SE A LA CALCADA;CIRCULAR O PARARSE EN LA CAZADA;Circular per la calcada o aturar-s'hi creant perill o pertorbant la fluidesa del transit.;-;2002-01-01;9999-12-31;5. 1;OCVV;30;M;0;Il.lm./a Sr./a Regidor/a del Districte
1007;CREUAR CALCADA NO FENT CAS DEL SENYAL;CRUZAR CALZADA NO HACIENDO CASO DE SENAL;Travessar la calcada sense fer cas de les indicacions dirigides als vianants;-;2002-01-01;9999-12-31;5. 3;OCVV;30;M;0;Il.lm./a Sr./a Regidor/a del Districte
1008;CREUAR CALCADA FORA PAS VIANANT S/PRECAU;CRUZAR CALZADA FUERA PASO PEAT S/PRECAUC;Travessar la calcada fora del lloc destinat al pas de vianants, o fer-ho sense les precaucions necessaries.;-;2002-01-01;9999-12-31;5. 2;OCVV;30;M;0;Il.lm./a Sr./a Regidor/a del Districte
1010;PUJ/BAIX VEH COST CALCADA CREANT PERILL;SUB/BAJAR VEH LADO CALZADA CREANDO PELIG;Pujar al vehicle o baixar-ne pel costat de la calcada creant perill.;-;2017-02-15;9999-12-31;70.2 P;OCVV;40;M;0;Il.lm./a Sr./a Regidor/a del Districte
1011;PARAR CARR/PLAC S/VORERES MENYS 1M FACAN;PARAR CALL/PLAZ S/ACERAS MENOS 1M FACHAD;Parar en carrers o places sense vorera sense ajustar-se a la distancia minima d'un metre de la facana.;-;2002-01-01;9999-12-31;70.2 P;OCVV;30;E;0;Il.lm./a Sr./a Regidor/a del Districte
1012;PARAR TUNEL/CORBA/CANVI RASANT VISIB RED;PARAR TUNEL/CURVA/CAMBIO RASAN VISIB RED;Parar en un revolt o un canvi de rasant amb visibilitat reduida o tunel.;-;2003-05-21;9999-12-31;70.2 A;OCVV;90;E;0;Il.lm./a Sr./a Regidor/a del Districte
1013;PARAR-SE EN PAS DE CICLISTES;PARARSE EN PASO DE CICLISTAS;Parar en un pas de ciclistes.;-;2010-05-25;9999-12-31;70.2 B;OCVV;60;E;0;Il.lm./a Sr./a Regidor/a del Districte
1014;PARAR-SE EN PAS PER A VIANANTS;PARARSE EN PASO DE PEATONES;Parar en un pas de vianants.;-;2010-05-25;9999-12-31;70.2 B;OCVV;60;E;0;Il.lm./a Sr./a Regidor/a del Districte
1015;PARAR ZONA VIANANTS -ILLA PEATONAL-;PARAR ZONA PEATONES -ISLA PEATONAL-;Parar en una area de vianants.;-;2002-01-01;9999-12-31;70.2 O;OCVV;60;E;0;Il.lm./a Sr./a Regidor/a del Districte
1016;PARAR-SE EN VORERA O ANDANA;PARARSE EN ACERA O ARCEN;Parar a la vorera o el voral.;-;2002-01-01;9999-12-31;70.2 L;OCVV;60;E;0;Il.lm./a Sr./a Regidor/a del Districte
1017;PARAR-SE EN CARRIL BUS;PARARSE EN CARRIL BUS;Parar al carril BUS.;-;2010-05-25;9999-12-31;70.2 G;OCVV;200;E;0;Il.lm./a Sr./a Regidor/a del Districte
1018;PARAR-SE PARADA DE TRANSPORT PUBLIC;PARARSE EN PARADA DE TRANSPORTE PUBLICO;Parar en parades de transport public.;-;2002-01-01;9999-12-31;70.2 H;OCVV;60;E;0;Il.lm./a Sr./a Regidor/a del Districte
1019;PARAR-SE EN ZONES RESERVADES;PARARSE EN ZONAS RESERVADAS;Parar en zones reservades;-;2002-01-01;9999-12-31;70.2 P;OCVV;60;E;0;Il.lm./a Sr./a Regidor/a del Districte
1020;PARAR-SE EN CRUILLA O INTERSECCIO;PARARSE EN CRUCE O INTERSECCION;Parar en cruilles o interseccions;-;2002-01-01;9999-12-31;70.2 D;OCVV;60;E;0;Il.lm./a Sr./a Regidor/a del Districte
1021;PARAR LLOC IMPED VISIBIL TRANSIT/SENYALS;PARAR IMPIDIENDO VISIBIL TRAFICO/SENALES;Parar en llocs on s'impedeixi la visibilitat del transit o dels senyals o s'obligui els usuaris a fer maniobres;-;2003-05-21;9999-12-31;70.2 F;OCVV;90;E;0;Il.lm./a Sr./a Regidor/a del Districte
1023;PARAR-SE DOBLE FILA DIFICULTANT LA CIRC;PARARSE DOBLE FILA DIFICULTANDO LA CIRC;Parar en doble fila obstaculitzant la circulacio.;-;2002-01-01;9999-12-31;70.2 N;OCVV;60;E;0;Il.lm./a Sr./a Regidor/a del Districte
1025;PARAR-SE AL COSTAT O SOBRE ANDANA;PARARSE AL LADO O ENCIMA DE ANDEN;Parar al costat o sobre les andanes.;-;2002-01-01;9999-12-31;70.2 L;OCVV;30;E;0;Il.lm./a Sr./a Regidor/a del Districte
1026;PARAR AL COSTAT O SOBRE PASSEIG/REFUGI;PARAR AL LADO O SOBRE PASEO/REFUGIO;Parar al costat o sobre un passeig o refugi.;-;2002-01-01;9999-12-31;70.2 L;OCVV;30;E;0;Il.lm./a Sr./a Regidor/a del Districte
1027;PARAR ZONES SENYALIT FRANGES PAVIMENT;PARAR ZONAS SENALIZAD FRANJAS PAVIMENTO;Parar en zones senyalitzades amb franges al paviment.;-;2002-01-01;9999-12-31;70.2 L;OCVV;30;E;0;Il.lm./a Sr./a Regidor/a del Districte
1028;PARAR LLOC PROHIBIT SENYAL CORRESPONENT;PARAR LUGAR PROHIBIDO SENAL CORRESPOND;Parar en llocs on ho prohibeix la senyalitzacio corresponent;-;2002-01-01;9999-12-31;70.2 O;OCVV;60;E;0;Il.lm./a Sr./a Regidor/a del Districte
1029;ESTACIONAR EN CARRIL BICICLETES;ESTACIONAR EN CARRIL BICICLETAS;Estacionar en un carril bicicleta;Estacionar en un carril bicicleta;2022-03-21;9999-12-31;76. D;LSV;200;E;0;Il.lm./a Sr./a Regidor/a del Districte
1030;FORCAR MARXES/ACCELERACIONS BRUSQUES;FORZAR MARCHAS/ACELERACIONES BRUSCAS;Forcar marxes o acceleracions brusques.;-;2003-05-21;9999-12-31;12. 2;OCVV;90;M;0;Il.lm./a Sr./a Regidor/a del Districte
1031;ESTAC BATERIA ZONA DESTIN CORDO O VICEV;ESTAC BATERIA ZONA DESTIN CORDON O VICEV;Estacionar en bateria en una zona destinada a cordo o viceversa.;-;2010-05-25;9999-12-31;70.2 O;OCVV;60;E;0;Il.lm./a Sr./a Regidor/a del Districte
1032;ESTAC VEHI SENSE MESURES EVITAR MOVIMEN;ESTAC VEHI SIN MEDIDAS EVITAR MOVIMIENTO;Estacionar un vehicle sense prendre les mesures reglamentaries que n'evitin la posada en moviment.;-;2010-05-25;9999-12-31;70.2 Q;OCVV;60;E;0;Il.lm./a Sr./a Regidor/a del Districte
1033;ESTACION REMOLC SEPARAT VEHICLE TRACTOR;ESTACION REMOLQUE SEPARADO VEHIC MOTOR;Estacionar un remolc separat del vehicle motor;-;2010-05-25;9999-12-31;70.2 Q;OCVV;60;E;0;Il.lm./a Sr./a Regidor/a del Districte
1034;ESTACIONAMENT PROHIBIT SENYAL CORRESPON;ESTACIONAMIENTO PROHIBIDO SENAL CORRESP;Estacionar alla on ho prohibeix el senyal corresponent;-;2017-04-07;9999-12-31;70.2 O;OCVV;60;E;0;Il.lm./a Sr./a Regidor/a del Districte
1035;ESTAC TUNEL/CORBA/CANVI RASANT VISIB RED;ESTAC TUNEL/CURVA/CAMBIO RASAN VISIB RED;Estacionar en un revolt o un canvi de rasant amb visibilitat reduida o tunel.;-;2010-05-25;9999-12-31;70.2 A;OCVV;200;E;0;Il.lm./a Sr./a Regidor/a del Districte
1036;ESTACIONAR EN PAS DE CICLISTES;ESTACIONAR EN PASO DE CICLISTAS;Estacionar en passos per a ciclistes.;Estacionar en pasos para ciclistas;2022-03-21;9999-12-31;76. D;LSV;200;E;0;Il.lm./a Sr./a Regidor/a del Districte
1037;ESTACIONAR EN PAS PER A VIANANTS;ESTACIONAR EN PASO PARA PEATONES;Estacionar en passos de vianants.;-;2010-05-25;9999-12-31;70.2 B;OCVV;90;E;0;Il.lm./a Sr./a Regidor/a del Districte
1038;ESTACION EN ZONA VIANANTS -ILLA PEATONAL;ESTACION EN ZONA PEATONES -ISLA PEATONAL;"Estacionar en una zona per a vianants \\""\""\""arees de vianants\""\""\""\"".""";-;2010-05-25;9999-12-31;70.2 O;OCVV;90;E;0;Il.lm./a Sr./a Regidor/a del Districte
1039;ESTACIONAR EN CARRIL BUS;ESTACIONAR EN CARRIL BUS;Estacionar en un carril BUS.;-;2006-01-01;9999-12-31;70.2 G;OCVV;200;E;0;Il.lm./a Sr./a Regidor/a del Districte
1040;ESTACIONAR EN PARADA TRANSPORT PUBLIC;ESTACIONAR EN PARADA TRANSPORTE PUBLICO;Estacionar en parades de transport public.;-;2010-05-25;9999-12-31;70.2 H;OCVV;200;E;0;Il.lm./a Sr./a Regidor/a del Districte
1041;ESTACIONAR A LES ZONES RESERVADES;ESTACIONAR EN ZONAS RESERVADAS;Estacionar en  una zona reservada;-;2010-05-25;9999-12-31;70.2 C;OCVV;90;E;0;Il.lm./a Sr./a Regidor/a del Districte
1042;ESTACIONAR EN CRUILLA O INTERSECCIO;ESTACIONAR EN CRUCE O INTERSECCION;Estacionar en cruilles o interseccions.;-;2010-05-25;9999-12-31;70.2 D;OCVV;90;E;0;Il.lm./a Sr./a Regidor/a del Districte
1043;ESTAC LLOC IMPEDINT VISIB TRANSIT/SENYAL;ESTAC LUGAR IMPIDIEN VISIB TRAFICO/SENAL;Estacionar en llocs on s'impedeixi la visibilitat del transit o dels senyals o s'obligui els usuaris a fer maniobres;-;2010-05-25;9999-12-31;70.2 F;OCVV;200;E;0;Il.lm./a Sr./a Regidor/a del Districte
1045;ESTACION SOBRESORTINT VERTEX DEL XAMFRA;ESTAC SOBRESALIENDO VERT CHAFLAN/ESQUINA;Estacionar sobrepassant el vertex del xamfra o la cantonada obstaculitzant la circulacio.;-;2010-05-25;9999-12-31;70.2 D;OCVV;90;E;0;Il.lm./a Sr./a Regidor/a del Districte
1046;ESTAC DOBLE FILA VEHIC/CONTEN/ELEM PROT;ESTAC DOBLE FILA VEHIC/CONTEN/ELEM PROT;Estacionar en doble fila;-;2010-05-25;9999-12-31;70.2 N;OCVV;90;E;0;Il.lm./a Sr./a Regidor/a del Districte
1047;ESTACIONAR EN PLENA CALCADA;ESTACIONAR EN PLENA CALZADA;Estacionar en plena calcada.;-;2010-05-25;9999-12-31;70.2 F;OCVV;90;E;0;Il.lm./a Sr./a Regidor/a del Districte
1048;ESTACION CALCADA D UN CARRIL CADA SENTIT;ESTAC CALZADA CON UN CARRIL CADA SENTIDO;Estacionar en una calcada amb capacitat per a un sol carril.;-;2010-05-25;9999-12-31;70.2 F;OCVV;90;E;0;Il.lm./a Sr./a Regidor/a del Districte
1049;ESTAC DIST INFER 5 M ALINEACIO VORADA CARRER TRANSVERSAL;ESTAC DIST INFER 5 M ALINEACIO BORDILLO CALLE TRANSVERSAL;Estacionar a menys de 5 m de l'alineacio de la vorada dels carrers transversals, fet que dificulta la maniobra de gir;-;2010-05-25;9999-12-31;70.2 D;OCVV;60;E;0;Il.lm./a Sr./a Regidor/a del Districte
1050;ESTACIONAR EN VORERA;ESTACIONAR EN ACERA;Estacionar a la vorera;-;2010-05-25;9999-12-31;70.2 L;OCVV;90;E;0;Il.lm./a Sr./a Regidor/a del Districte
1051;ESTACIONAR EN ANDANA/PARTERRE/REFUGI;ESTACIONAR EN ANDEN/PARTERRE/REFUGIO;Estacionar en una andana, en un parterre o en un refugi.;-;2010-05-25;9999-12-31;70.2 L;OCVV;90;E;0;Il.lm./a Sr./a Regidor/a del Districte
1052;ESTACIONAR EN PASSEIG CENTRAL O LATERAL;ESTACIONAR EN PASEO CENTRAL O LATERAL;Estacionar en un passeig central o lateral.;-;2010-05-25;9999-12-31;70.2 L;OCVV;60;E;0;Il.lm./a Sr./a Regidor/a del Districte
1053;ESTACION ZONA SENYAL FRANGES AL PAVIMENT;ESTACION ZONA SENALIZ FRANJAS PAVIMENTO;Estacionar en una zona senyalitzada amb marques al paviment.;-;2010-05-25;9999-12-31;70.2 L;OCVV;90;E;0;Il.lm./a Sr./a Regidor/a del Districte
1054;ESTACIONAR AL COSTAT D ANDANA O REFUGI;ESTACIONAR AL LADO DE ANDEN O REFUGIO;Estacionar al costat d'andanes o refugis.;-;2010-05-25;9999-12-31;70.2 Q;OCVV;60;E;0;Il.lm./a Sr./a Regidor/a del Districte
1055;ESTAC COSTAT PASSEIG CENTRAL O LATERAL;ESTACION LADO DE PASEO CENTRAL O LATERAL;Estacionar al costat d'un passeig central o lateral.;-;2010-05-25;9999-12-31;70.2 Q;OCVV;60;E;0;Il.lm./a Sr./a Regidor/a del Districte
1056;ESTAC COSTAT ZONA SENYALIT FRANGES PAVIM;ESTAC LADO ZONA SENALIZAD FRANJAS PAVIM;Estacionar al costat de zones senyalitzades amb franges al paviment.;-;2010-05-25;9999-12-31;70.2 Q;OCVV;60;E;0;Il.lm./a Sr./a Regidor/a del Districte
1057;ESTAC EN LLOC ON ES PROHIBEIX LA PARADA;ESTAC EN LUGAR DONDE SE PROHIBE PARADA;Estacionar en llocs on es prohibeix la parada.;-;2010-05-25;9999-12-31;70.2 O;OCVV;90;E;0;Il.lm./a Sr./a Regidor/a del Districte
1058;CIRCULAR VEHICLE ESCAPAMENT GASOS LLIURE;CIRCULAR VEHICULO CON ESCAPE GASES LIBRE;Circular un vehicle de motor amb escapament de gasos lliure.;-;2003-05-21;9999-12-31;12. 2;OCVV;90;M;0;Il.lm./a Sr./a Regidor/a del Districte
1059;CIRCULAR VEHICLE SILENCIADOR INADEQUAT;CICULAR VEHICULO SILENCIADOR INADECUADO;Circular un vehicle de motor amb un silenciador incomplet, inadequat o deteriorat, o amb un tub ressonador.;-;2003-05-21;9999-12-31;12. 2;OCVV;90;M;0;Il.lm./a Sr./a Regidor/a del Districte
1060;EST ZONA CAR/DES I VEH COM SENSE EFEC OP;EST ZONA CAR/DES Y VEH COMER SIN EFEC OP;Estacionar en una zona senyalitzada com a zona reservada de carrega i descarrega de mercaderies;-;2010-05-25;9999-12-31;70.2 J;OCVV;60;E;0;Il.lm./a Sr./a Regidor/a del Districte
1061;ESTAC DAVANT DE GUAL DEGUDAMENT SENYALIT;ESTAC DELANTE DE VADO DEBIDAMENT SENALIZ;Estacionar de forma total o parcial en guals degudament senyalitzats.;-;2010-05-25;9999-12-31;70.2 M;OCVV;60;E;0;Il.lm./a Sr./a Regidor/a del Districte
1062;ESTAC MES 8 DIES CONSECUT UN MATEIX LLOC;ESTAC MAS 8 DIAS CONSECUTIV MISMO LUGAR;Estacionar mes de 8 dies consecutius en un mateix lloc.;-;2010-05-25;9999-12-31;70.2 Q;OCVV;60;E;0;Il.lm./a Sr./a Regidor/a del Districte
1063;ESTACION FORA PERIM ASSENYALAT PAVIMENT;ESTACION FUERA PERIMETRO SENALADO PAVIM;Estacionar fora del perimetre senyalat al paviment.;-;2010-05-25;9999-12-31;70.2 Q;OCVV;60;E;0;Il.lm./a Sr./a Regidor/a del Districte
1064;ESTACION CARRER URBANITZAT SENSE VORERES;ESTACION EN CALLE URBANIZADA SIN ACERAS;Estacionar en carrers urbanitzats sense voreres.;-;2010-05-25;9999-12-31;70.2 Q;OCVV;60;E;0;Il.lm./a Sr./a Regidor/a del Districte
1066;CIRCULAR PER VORERA AMB MOTOCICLETA;CIRCULAR POR ACERA CON MOTOCICLETA;Circular per la vorera amb una motocicleta.;-;2015-11-07;9999-12-31;121. 5;RGC;200;M;0;Il.lm./a Sr./a Regidor/a del Districte
1069;CIRCULAR PER VORERA AMB CICLOMOTOR;CIRCULAR POR ACERA CON CICLOMOTOR;Circular per la vorera amb un ciclomotor.;-;2015-11-07;9999-12-31;121. 5;RGC;200;M;0;Il.lm./a Sr./a Regidor/a del Districte
1070;ESTACION TRIMESTRE DIFICULTAN CIRCULACIO;ESTACION TRIMESTRE DIFICULTANDO CIRCULAC;Estacionar al costat correcte pero dificultant la circulacio a causa de l'existencia de vehicles que encara no han fet el canvi.;-;2010-05-25;9999-12-31;30. 2;OCVV;60;E;0;Il.lm./a Sr./a Regidor/a del Districte
1071;MANCA DE COMPROVANT HORARI;FALTA DE COMPROBANTE HORARIO;Falta de comprovant horari.;-;2010-05-25;9999-12-31;70.2 I;OCVV;50;E;0;Il.lm./a Sr./a Regidor/a del Districte
1072;SUPERAR LIMIT HORARI;SUPERAR LIMITE DE HORARIO;Sobrepassar el limit horari;-;2010-05-25;9999-12-31;70.2 I;OCVV;40;E;0;Il.lm./a Sr./a Regidor/a del Districte
1073;CIRCULAR ANDANA/PASSEIG AMB CICLOMOTOR;CIRCULAR POR ANDEN/PASEO CON CICLOMOTOR;Circular per l'andana o per un passeig amb un ciclomotor.;-;2015-11-07;9999-12-31;121. 5;RGC;200;M;0;Il.lm./a Sr./a Regidor/a del Districte
1077;TRANSP MATER PERILL FORA HORES PERMESES;TRANSP MATER PELIGR FUERA HORAS PERMITID;Circular fora de l'horari autoritzat un vehicle que transporta mercaderies especialment perilloses;-;2010-05-25;9999-12-31;19.2 E;OCVV;200;M;0;Il.lm./a Sr./a Regidor/a del Districte
1079;EFECTUAR PARADA EN CARRIL-BICI;EFECTUAR PARADA EN CARRIL-BICI;Parar al carril BICI.;-;2002-01-01;9999-12-31;70.2 G;OCVV;60;E;0;Il.lm./a Sr./a Regidor/a del Districte
1080;ESTAC MOTO/CICLOMOT VORERA INFERIOR A 3M;ESTAC MOTO/CICLOMOT ACERA INFERIOR A 3 M;Estacionar una motocicleta o un ciclomotor en una vorera inferior a 3 m.;-;2010-05-25;9999-12-31;70.2 L;OCVV;50;E;0;Il.lm./a Sr./a Regidor/a del Districte
1081;ESTAC MOTO/CICLOM MES 50 CM LINEA VORERA;ESTAC MOTO/CICLOM MAS 50 CM LINEA ACERA;Estacionar una motocicleta o un ciclomotor a mes de 0,50 m de la linia de vorada.;-;2010-05-25;9999-12-31;70.2 L;OCVV;50;E;0;Il.lm./a Sr./a Regidor/a del Districte
1083;ES MOT/CICL MENYS 2M PAS VIAN/PAR TRAN P;ES MOT/CICL MENOS 2M PAS PEAT/PAR TRAN P;Estacionar una motocicleta o un ciclomotor a menys de 2 m dels limits de pas de vianants o parada de transport public.;-;2010-05-25;9999-12-31;70.2 L;OCVV;50;E;0;Il.lm./a Sr./a Regidor/a del Districte
1084;ESTAC MOTO/CIC CALCADA OCUP AMPL SUP 1.5;ESTAC MOTO/CIC CALZADA OCUP ANCH SUP 1.5;Estacionar una motocicleta o un ciclomotor a la calcada ocupant una amplada superior a 1,50 m o no fer-ho en semibateria.;-;2010-05-25;9999-12-31;70.2 L;OCVV;50;E;0;Il.lm./a Sr./a Regidor/a del Districte
1085;EFECTUAR PARADA EN PARADA AUTOBUSOS;EFECTUAR PARADA EN PARADA AUTOBUSES;Parar en parades d'autobus.;-;2002-01-01;9999-12-31;70.2 H;OCVV;60;E;0;Il.lm./a Sr./a Regidor/a del Districte
1086;EFECTUAR PARADA EN VIA RAPIDA/PREFERENT;EFECTUAR PARADA EN VIA RAPIDA/PREFERENTE;Parar en una via rapida i d'atencio preferent;-;2002-01-01;9999-12-31;70.2 O;OCVV;60;E;0;Il.lm./a Sr./a Regidor/a del Districte
1087;ESTAC EN ZONA EXCLUSIVA VEHICLES PERSONES AMB DISCAPACITAT;ESTAC EN ZONA EXCLUSIVA VEHICULO PERSONAS CON DISCAPACIDAD;Estacionar en zones senyalitzades per a us exclusiu de vehicles conduits o ocupats per persones titulars d'una targeta d'estacionament per a persones amb mobilitat reduida/diversitat funcional;-;2010-05-25;9999-12-31;70.2 K;OCVV;200;E;0;Il.lm./a Sr./a Regidor/a del Districte
1088;MANCA MANTENIMENT ZONA RESERV ESTACIONAM;FALTA MANTENIMIENTO ZONA RESERV ESTACION;Incomplir l'obligacio de pintar, senyalitzar i mantenir la zona de reserva d'estacionament.;-;2002-01-01;9999-12-31;73.1 A;OCVV;120;E;0;Il.lm./a Sr./a Regidor/a del Districte
1089;SENYALITZ INADEQUADA RESERVA ESTACIONAME;SENALIZAC INADECUADA RESERVA ESTACIONAMI;Senyalitzar una reserva d'estacionament o d'estacionament prohibit sense ajustar-se a les caracteristiques establertes.;-;2003-05-21;9999-12-31;73.1 A;OCVV;90;E;0;Il.lm./a Sr./a Regidor/a del Districte
1090;EFEC OPER CAR/DESC FORA ZONES/HORES AUTO;EFEC OPER CAR/DESC FUERA ZON/HORAS AUTOR;Fer operacions de carrega i descarrega fora de les zones i/o l'horari autoritzat.;-;2003-05-21;9999-12-31;73.1 A;OCVV;90;E;0;Il.lm./a Sr./a Regidor/a del Districte
1091;DIPOSIT MERCADERIES SOBRE VORERA/CALCADA;DEPOSITAR MERCANCIAS SOBRE ACERA/CALZADA;Dipositar mercaderies o coses sobre la vorera o la calcada.;-;2003-05-21;9999-12-31;73.1 A;OCVV;90;E;0;Il.lm./a Sr./a Regidor/a del Districte
1092;CARREGAR O DESCARREGAR SENSE PRECAUCIO;CARGAR O DESCARGAR SIN PRECAUCION;Carregar o descarregar sense les precaucions necessaries.;-;2003-05-21;9999-12-31;73.1 A;OCVV;90;E;0;Il.lm./a Sr./a Regidor/a del Districte
1093;CARREGAR/DESCARREGAR OCASIONANT SOROLLS;CARGAR O DESCARGAR OCASIONANDO RUIDOS;Carregar o descarregar fent sorolls innecessaris.;-;2003-05-21;9999-12-31;73.1 A;OCVV;90;E;0;Il.lm./a Sr./a Regidor/a del Districte
1094;CARREG/DESCARRG EMBRUTANT LA VIA PUBLICA;CARGAR/DESCARG ENSUCIANDO LA VIA PUBLICA;Carregar o descarregar embrutant la via publica.;-;2010-05-25;9999-12-31;73.1 A;OCVV;90;E;0;Il.lm./a Sr./a Regidor/a del Districte
1095;EFECT CAR/DES SENSE FER-HO COSTAT VORERA;EFECT CAR/DES SIN HACERLO AL LADO ACERA;Carregar o descarregar sense fer-ho pel costat mes proxim a la vorera.;-;2002-01-01;9999-12-31;73.1 A;OCVV;60;E;0;Il.lm./a Sr./a Regidor/a del Districte
1096;EFECT CAR/DES DESTORB CIRCULAC VIAN/VEH;EFECT CAR/DES ENTORPEC CIRCULAC PEAT/VEH;Carregar o descarregar dificultant la circulacio de vianants o vehicles.;-;2002-01-01;9999-12-31;73.1 A;OCVV;60;E;0;Il.lm./a Sr./a Regidor/a del Districte
1097;EFECT CAR/DES SENSE UTILIT MITJ ADEQUATS;EFECT CAR/DES SIN UTILIZ MEDIOS ADECUAD;Carregar i descarregar sense utilitzar els mitjans adequats.;-;2002-01-01;9999-12-31;73.1 A;OCVV;60;E;0;Il.lm./a Sr./a Regidor/a del Districte
1098;COL.LOCAR CONTENIDOR PERJUDICANT TRANSIT;COLOCAR CONTENEDOR PERJUDICANDO TRAFICO;Contenidor col.locat a la via publica fora de les zones expressament reservades;-;2003-05-21;9999-12-31;73.1 A;OCVV;90;E;0;Il.lm./a Sr./a Regidor/a del Districte
1099;SENYALITZ RESERVA ESTAC SENSE LLICENCIA;SENALIZAR RESERVA ESTAC SIN LICENCIA;Senyalitzar una reserva d'estacionament o d'estacionament prohibit sense tenir llicencia.;-;2002-01-01;9999-12-31;73.1 A;OCVV;150;M;0;Il.lm./a Sr./a Regidor/a del Districte
1100;CIRCUL VEH NO AUTORITZ PER CARRIL RESERV;CIRCUL VEH NO AUTORIZ POR CARRIL RESERV;Circular vehicles no autoritzats per carril reservat ( BUS / taxi ) ( vehicles de dues rodes ).;-;2003-05-21;9999-12-31;15. 1;OCVV;90;M;0;Il.lm./a Sr./a Regidor/a del Districte
1101;PARADA FORA LLOC ESTABLERT TRANSPORT REGULAR/DISCRECIONAL;PARADA FUERA LUGAR ESTABLECIDO TRANS REGULAR/DISCRECIONAL;Fer parades de transport public de linia regular o discrecional sense autoritzacio o fora dels llocs establerts.;-;2010-05-25;9999-12-31;25. 1;OCVV;200;E;0;Il.lm./a Sr./a Regidor/a del Districte
1104;CIRCUL VEH NO AUTORITZ PER CARRIL RESERV;CIRCUL VEH NO AUTORIZ POR CARRIL RESERV;Circular vehicles no autoritzats per carril reservat ( BUS / taxi );-;2003-05-21;9999-12-31;15. 1;OCVV;90;M;0;Il.lm./a Sr./a Regidor/a del Districte
1105;NO EFECTUAR CANVI DE NOM RESERVA ESTACIONAMENT;NO EFECTUAR CAMBIO NOMBRE RESERVA ESTAC;No fer el canvi de nom, ampliacio, reduccio o trasllat de la llicencia de la reserva d&#8217,estacionament.;-;2002-01-01;9999-12-31;38. 1;OCVV;60;E;0;Il.lm./a Sr./a Regidor/a del Districte
1106;MODIF/TRASLLAT RESERV ESTAC SENSE PERMIS;MODIF/TRASLADO RESERV ESTAC SIN PERMISO;Ampliacio, reduccio i/o trasllat de la reserva d'estacionament i de l'estacionament prohibit sense autoritzacio.;-;2002-01-01;9999-12-31;38. 1;OCVV;150;E;0;Il.lm./a Sr./a Regidor/a del Districte
1107;EFECTUAR PARADA EN GUAL D'US PUBLIC;EFECTUAR PARADA EN VADO DE USO PUBLICO;Parar en guals d'us public.;-;2002-01-01;9999-12-31;70.2 M;OCVV;30;E;0;Il.lm./a Sr./a Regidor/a del Districte
1109;ESTACIONAMENT PROHIBIT CARRIL MULTIUS;ESTAC PROHIBIDO CARRIL MULTIUSO;Estacionar alla on ho prohibeix el senyal corresponent, carril multius;-;2010-05-25;9999-12-31;70.2 O;OCVV;60;E;0;Il.lm./a Sr./a Regidor/a del Districte
1110;ESTACIONAR VEHICLE PER VENDA O LLOGUER;ESTACIONAR VEHICULO PARA VENTA/ALQUILER;Estacionar vehicles a la via publica per a la seva venda o lloguer;-;2010-05-25;9999-12-31;29. 21;OCVV;90;E;0;Il.lm./a Sr./a Regidor/a del Districte
1111;ESTACIONAR VEHICLE AMB FI PUBLICITARI;ESTACIONAR VEHICULO CON FIN PUBLICITARIO;Estacionar vehicles a la via publica amb finalitats fonamentalment publicitaries;-;2010-05-25;9999-12-31;29. 21;OCVV;90;E;0;Il.lm./a Sr./a Regidor/a del Districte
1112;EXCEDIR TEMPS DE PARADA TRANSPORT REGULAR/DISCRECIONAL;EXCEDER TIEMPO DE PARADA TRANSPORT REGULAR/DISCRECIONAL;Fer parades de transport public de linia regular o discrecional sense ajustar-se al temps autoritzat.;-;2010-05-25;9999-12-31;25. 1;OCVV;200;E;0;Il.lm./a Sr./a Regidor/a del Districte
1114;ESTACIONAR EN ZONA BLAVA SENSE ACREDITACIO VALIDA;ESTACIONAR EN ZONA AZUL SIN ACREDITACION VALIDA;(Zona Blava) Fer us d'una targeta no expedida per l'administracio (us de fotocopia, reproduccio) als efectes de gaudir en zona blava de les facultats d'estacionament reservades a persones amb mobilitat reduida/diversitat funcional;-;1900-01-03;9999-12-31;33. 1;OCVV;50;E;0;Il.lm./a Sr./a Regidor/a del Districte
1115;ESTACIONAR CARREGA/DESCARREGA SENSE ACREDITACIO VALIDA;ESTACIONAR CARGA/DESCARGA SIN ACREDITACION VALIDA;(Zona carrega/descarrega) Fer us d'una targeta no expedida per l'administracio (us de fotocopia, reproduccio) als efectes de gaudir de les facultats d'estacionament per persones amb mobilitat reduida/diversitat funcional en zona de carrega i descarrega;-;1900-01-03;9999-12-31;33. 1;OCVV;60;E;0;Il.lm./a Sr./a Regidor/a del Districte
1116;ESTACIONAR EN ZONA DISCAPACITATS SENSE ACREDITACIO VALIDA;ESTACIONAR EN ZONA DISCAPACITADOS SIN ACREDITACION VALIDA;(Zona reserv. pers. mobilitat reduida) Fer us targeta no expedida per administr (us fotocopia, reproduc) als efectes de gaudir facultats estacionament per persones amb mobilitat reduida/diversitat funcional en zona reservada a persones mobilitat reduida;-;1900-01-03;9999-12-31;33. 1;OCVV;100;E;0;Il.lm./a Sr./a Regidor/a del Districte
1117;ESTACIONAR ZONA RESERVADA SENSE ACREDITACIO VALIDA;ESTACIONAR ZONA RESERVADA SIN ACREDITACION VALIDA;(Zona reservada altres usuaris) Fer us d'una targeta no expedida per administracio (us de fotocopia, reproduccio) als efectes de gaudir de facultats d'estacionament per persones amb mobilitat reduida/diversitat funcional en zona reservada a altres usuaris;-;1900-01-03;9999-12-31;33. 1;OCVV;90;E;0;Il.lm./a Sr./a Regidor/a del Districte
1120;PARAR SOBRE CARRILS TRAMVIA/FERROCARRIL;PARAR SOBRE RAILES TRANVIA/FERROCARRIL;Parar sobre rails de tramvia o ferrocarril.;-;2021-10-12;9999-12-31;70.2 E;OCVV;70;E;0;Il.lm./a Sr./a Regidor/a del Districte
1121;PARAR PROP REBAIX VORERA PER A PERSONA AMB DISCAPACITAT;PARAR CERCA REBAJE ACERA PARA PERSONA CON DISCAPACIDAD;Parar al costat de rebaixos de les voreres per a persones amb mobilitat reduida/diversitat funcional .;-;2002-01-01;9999-12-31;70.2 B;OCVV;30;E;0;Il.lm./a Sr./a Regidor/a del Districte
1122;PARAR DIFICULTANT LA CIRCULACIO;PARAR DIFICULTANDO LA CIRCULACION;Parar obstaculitzant la circulacio;-;2002-01-01;9999-12-31;70.2 F;OCVV;60;E;0;Il.lm./a Sr./a Regidor/a del Districte
1123;CIRCULAR BICICLETA/VMP/CICLE PER CARRIL RESERVAT BUS TAXI;CIRCULAR BICICLETA/VMP/CICLO POR CARRIL RESERVADO BUS TAXI;Circular bicicleta / VMP / cicle de mes de dues rodes per carril reservat (BUS/Taxi);Circular bicicleta / VMP / ciclo de mas de dos ruedas por carril reservado (BUS/Taxi);2018-10-30;9999-12-31;15;OCVV;90;M;0;Il.lm./a Sr./a Regidor/a del Districte
1124;ESTAC PROP VORADA IMPEDINT FEINES NETEJA;ESTAC CERCA ACERA IMPIDIEN FAENAS LIMPIE;Estacionar tan a prop de la vorada que s'impedeixin els treballs de neteja.;-;2010-05-25;9999-12-31;70.2 Q;OCVV;60;E;0;Il.lm./a Sr./a Regidor/a del Districte
1125;ESTACIONAR IMPEDINT LA CIRCULACIO;ESTACIONAR IMPIDIENDO LA CIRCULACION;Estacionar de manera que no permeti la circulacio en la resta d'espai disponible.;-;2010-05-25;9999-12-31;70.2 Q;OCVV;90;E;0;Il.lm./a Sr./a Regidor/a del Districte
1126;ESTAC DOBLE/DIRECC UN CARRIL PER SENTIT;ESTAC DOBLE/DIRECC UN CARRIL POR SENTIDO;Estacionar en una calcada de doble sentit amb capacitat per a un carril en cada sentit.;-;2010-05-25;9999-12-31;70.2 F;OCVV;90;E;0;Il.lm./a Sr./a Regidor/a del Districte
1127;ESTAC BLOQ MOV VEHICLES DEGUDAM ESTACION;ESTAC BLOQ MOV VEHICULOS DEBIDA ESTACION;Estacionar impedint el moviment d'altres vehicles ben estacionats;-;2010-05-25;9999-12-31;70.2 Q;OCVV;90;E;0;Il.lm./a Sr./a Regidor/a del Districte
1128;ESTACIONAR EN ANDANA;ESTACIONAR EN ANDEN;Estacionar al voral.;-;2010-05-25;9999-12-31;70.2 L;OCVV;90;E;0;Il.lm./a Sr./a Regidor/a del Districte
1129;ESTAC EN PERIODES ALTERNS AL COSTAT NO CORRESPONENT;ESTAC EN PERIODOS ALTERNOS AL LADO NO CORRESPONDIENTE;Estacionar al costat que no correspon en carrers amb estacionament regulat en periodes alterns.;-;2010-05-25;9999-12-31;30. 4;OCVV;60;E;0;Il.lm./a Sr./a Regidor/a del Districte
1130;ESTACION PROHIBIT QUINZENAL ALTERN;ESTAC PROHIBIDO QUINCENAL ALTERNO;Estacionar alla on ho prohibeix el senyal corresponent (estacionament quinzenal);-;2010-05-25;9999-12-31;70.2 0;OCVV;90;E;0;Il.lm./a Sr./a Regidor/a del Districte
1131;ESTAC MOT/CIC ENTRE VEHIC IMPEDINT ACCES;ESTAC MOT/CIC ENTRE VEHIC IMPIDIE ACCESO;Estacionar una motocicleta o un ciclomotor entre vehicles impedint-hi l'acces.;-;2010-05-25;9999-12-31;70.2 L;OCVV;50;E;0;Il.lm./a Sr./a Regidor/a del Districte
1132;ESTAC VEHICLE ZONA DESTINADA CONTENIDORS;ESTAC VEHICULO ZONA DESTINADA CONTENEDOR;Estacionar vehicles en una  zona destinada a la ubicacio de contenidors.;-;2003-05-21;9999-12-31;70.2 C;OCVV;90;E;0;Il.lm./a Sr./a Regidor/a del Districte
1133;ESTAC VEHIC 2 RODES FORA ZONA PREVISTA;ESTAC VEHIC 2 RUEDAS FUERA ZONA PREVISTA;Estacionar una motocicleta o un ciclomotor fora de l'espai destinat especialment a aquesta finalitat.;-;2010-05-25;9999-12-31;70.2 L;OCVV;50;E;0;Il.lm./a Sr./a Regidor/a del Districte
1134;ESTAC ANTIREGL VEH 2 RODES VORERA 3-6 MT;ESTAC ANTIREGL VEH 2 RUEDAS ACERA 3-6 MT;Estacionar una motocicleta o un ciclomotor de forma diferent de l'autoritzada en una vorera de 3 a 6 metres;-;2010-05-25;9999-12-31;70.2 L;OCVV;50;E;0;Il.lm./a Sr./a Regidor/a del Districte
1137;CIRCUL ILLA VIANANTS HORES/DIES PROHIBIT;CIRCUL ISLA PEATONES HORAS/DIAS PROHIBID;Circular per una illa de vianants en hores o dies prohibits.;-;2003-05-21;9999-12-31;9. 2;OCVV;90;M;0;Il.lm./a Sr./a Regidor/a del Districte
1138;CIRCULAR VEHICLE PER PARCS O JARDINS;CIRCULAR VEHICULO EN PARQUES/JARDINES;Accedir o circular amb motocicletes o automobils en els parcs i jardins;-;1900-01-03;9999-12-31;9. 5;OCVV;90;M;0;Il.lm./a Sr./a Regidor/a del Districte
1139;CIRCULAR ANDANA/PASSEIG AMB MOTOCICLETA;CIRCULAR POR ANDEN/PASEO CON MOTOCICLETA;Circular per l'andana o per un passeig amb una motocicleta;Circular por anden o por un paseo con una motocicleta;2019-07-01;9999-12-31;121. 5;RGC;200;M;0;Il.lm./a Sr./a Regidor/a del Districte
1140;NO REDUIR VELOCITAT CARRER UNIC CARRIL;NO REDUCIR VELOCIDAD CALLE DE UN CARRIL;No reduir la velocitat en carrers d'un sol carril de circulacio.;-;2017-02-15;9999-12-31;11. 2;OCVV;40;M;0;Il.lm./a Sr./a Regidor/a del Districte
1141;NO REDUIR VELOC EN CARRER SENSE VORERES;NO REDUCIR VELOCIDAD EN CALLE SIN ACERAS;No reduir la velocitat en carrers sense vorera.;-;2017-02-15;9999-12-31;11. 2;OCVV;40;M;0;Il.lm./a Sr./a Regidor/a del Districte
1142;NO REDUIR VELOC SITUACIO AFLUENCIA VIAN;NO REDUCIR VELOC SITUAC AFLUENCIA PEATON;No reduir la velocitat en una situacio de gran afluencia de vianants.;-;2017-02-15;9999-12-31;11. 2;OCVV;40;M;0;Il.lm./a Sr./a Regidor/a del Districte
1143;NO REDUIR VELOCITAT PLUJA/NEU/POLS/FUM;NO REDUCIR VELOC LLUVIA/NIEVE/POLVO/HUMO;No reduir la velocitat en cas de pluja, neu, pols o fum.;-;2017-02-15;9999-12-31;11. 3;OCVV;40;M;0;Il.lm./a Sr./a Regidor/a del Districte
1144;NO REDUIR VELOCIT EN MAL ESTAT PAVIMENT;NO REDUCIR VELOC EN MAL ESTADO PAVIMENTO;No reduir la velocitat en cas de mal estat del paviment.;-;2017-02-15;9999-12-31;11. 3;OCVV;40;M;0;Il.lm./a Sr./a Regidor/a del Districte
1145;NO REDUIR VELOCITAT EN ESTRETOR DE VIA;NO REDUCIR VELOCIDAD EN ESTRECHEZ DE VIA;No reduir la velocitat a causa de l'estretor de la via.;-;2017-02-15;9999-12-31;11. 3;OCVV;40;M;0;Il.lm./a Sr./a Regidor/a del Districte
1153;NO REDUIR VELOCITAT EN CARRERS D'UNA ZONA 30;NO REDUCIR VELOCIDAD EN CALLES DE UNA ZONA 30;No reduir la velocitat en carrers d'una zona 30.;-;1900-01-03;9999-12-31;11. 2;OCVV;90;M;0;Il.lm./a Sr./a Regidor/a del Districte
1154;NO REDUIR VELOCITAT EN CARRER DE PRIORITAT INVERTIDA;NO REDUCIR VELOCIDAD EN CALLE DE PRIORIDAD INVERTIDA;No reduir la velocitat en carrers de prioritat invertida.;-;1900-01-03;9999-12-31;11. 3;OCVV;90;M;0;Il.lm./a Sr./a Regidor/a del Districte
1156;ESTACIONAR EN REBAIX DE VORERA PER A PERSONA DISCAPACITADA;ESTACIONAR EN REBAJE DE ACEERA PARA PERSONA DISCAPACITADA;Estacionar en els rebaixos de les voreres per als pas de persones amb mobilitat reduida/diversitat funcional .;-;2010-05-25;9999-12-31;70.2 B;OCVV;90;E;0;Il.lm./a Sr./a Regidor/a del Districte
1157;ESTACIONA MOTO/CICLOM ESPAI DESTINAT ALTRE TIPUS VEHICLE;ESTACIONA MOTO/CICLOM ESPACIO DESTINADO OTRO TIPO VEHICULO;Estacionar una motocicleta o un ciclomotor ocupant un espai destinat i delimitat per a un altre tipus de vehicle.;-;2010-05-25;9999-12-31;70.2 L;OCVV;50;E;0;Il.lm./a Sr./a Regidor/a del Districte
1158;ESTACIONAR MOTO/CICLOMOT VORERA DAVANT ZONA RESERVADA;ESTACIONAR MOTO/CICLOMOT ACERA DELANTE ZONA RESERVADA;Estacionar una motocicleta o un ciclomotor en una vorera davant d'una zona reservada.;-;2010-05-25;9999-12-31;70.2 L;OCVV;50;E;0;Il.lm./a Sr./a Regidor/a del Districte
1159;ESTACIONA MOTO/CICLOMOT VORERA SOBREPASSANT ESCOSSELLS;ESTACIONA MOTO/CICLOMOT ACERA SOBREPASANDO ALCORQUES;Estacionar una motocicleta o un ciclomotor en una vorera entre els escossells sobrepassant-los.;-;2010-05-25;9999-12-31;70.2 L;OCVV;50;E;0;Il.lm./a Sr./a Regidor/a del Districte
1161;USAR DISPOSITIU ANUL.LANT SILENCIADOR;USAR DISPOSITIVO ANULANDO SILENCIADOR;Usar un dispositiu que anul.la l'accio del silenciador.;-;2003-05-21;9999-12-31;12. 2;OCVV;90;M;0;Il.lm./a Sr./a Regidor/a del Districte
1162;PARAR EN CARRILS RESERVATS EXCEPTE CARRILS BUS;PARAR EN CARRILES RESERVADOS EXCEPTO CARRILES BUS;Parar en carrils reservats;-;2010-05-25;9999-12-31;70.2 G;OCVV;60;E;0;Il.lm./a Sr./a Regidor/a del Districte
1163;ESTAC MOTO/CICLOM ANTIRREGLAMENTARI VORERA/PASSEIG MES 6 M;ESTAC MOTO/CICLOM ANTIRREGLAMENTARIO ACERA/PASEO MAS 6 M;Estacionar una motocicleta o un ciclomotor de forma diferent de l'autoritzada en una vorera, anadana o passeig de mes de 6 metres..;-;2010-05-25;9999-12-31;70.2 L;OCVV;50;E;0;Il.lm./a Sr./a Regidor/a del Districte
1164;ACCEDIR A VORERA/ANDANA PEL PAS DE VIANANTS;ACCEDER A ACERA/ANDEN POR EL PASO DE PEATONES;Accedir a la vorera, andana o passeig, una motocicleta o ciclomotor per estacionar en aquesta, pels passos destinats als vianants amb el motor en marxa i assegut en el seient.;-;2015-11-07;9999-12-31;13;OCVV;90;E;0;Il.lm./a Sr./a Regidor/a del Districte
1165;ESTACIONA MOTO/CICLOM EN VORERA SENSE ESPAI 3 M VIANANTS;ESTACIONAR MOTO/CICLOM EN ACERA SIN ESPACIO 3 M PEATONES;Estacionar una motocicleta o un ciclomotor sense deixar un espai lliure pels vianants de 3 metres.;-;2010-05-25;9999-12-31;70.2 L;OCVV;50;E;0;Il.lm./a Sr./a Regidor/a del Districte
1168;ESTACIONAR EN EL SENTIT CONTRARI DE LA CIRCULACIO;ESTACIONAR EN EL SENTIDO CONTRARIO DE LA CIRCULACION;Estacionar en el sentit contrari de la circulacio;Estacionar en el sentido contrario de la circulacion;2021-04-22;9999-12-31;90. 2;RGC;200;E;0;Il.lm./a Sr./a Regidor/a del Districte
1180;ESTACIONAMENT D'UN AUTOCAR EN UNA ZONA RESERVADA;ESTACIONAMIENTO DE UN AUTOCAR EN UNA ZONA RESERVADA;Estacionar autocar en una zona reservada per encotxar i desencotxar superant el temps maxim autoritzat;-;1900-01-03;9999-12-31;70.2 C;OCVV;100;E;0;Il.lm./a Sr./a Regidor/a del Districte
1181;AUTOCAR AMB MANCA DE COMPROVANT HORARI;AUTOCAR CON FALTA DE COMPROBANTE HORARIO;Estacionar autocar amb manca de comprovant horari;-;1900-01-03;9999-12-31;70.2 I;OCVV;100;E;0;Il.lm./a Sr./a Regidor/a del Districte
1182;AUTOCAR ULTRAPASSANT LIMIT HORARI;AUTOCAR ULTRAPASANDO LIMITE HORARIO;Estacionar autocar ultrapassant limit horari;-;1900-01-03;9999-12-31;70.2 I;OCVV;100;E;0;Il.lm./a Sr./a Regidor/a del Districte
1183;ESTACIONAR UN AUTOCAR ON HO PROHIBEIX EL SENYAL CORRESPONENT;ESTACIONAR AUTOCAR DONDE LO PROHIBE LA SENAL CORRESPONDIENTE;Estacionar autocar on ho prohibeix el senyal corresponent;-;1900-01-03;9999-12-31;70.2 O;OCVV;100;E;0;Il.lm./a Sr./a Regidor/a del Districte
1184;ESTAC AUTOCAR EN ZONA AREA DESTINADA A ALTRE TIPUS VEHICLE;ESTAC AUTOCAR EN ZONA AREA DESTINADA A OTRO TIPU VEHICULO;Estacionar autocar en una zona area destinada a un altre tipus de vehicle;-;2018-01-26;9999-12-31;70.2 O;OCVV;100;E;0;Il.lm./a Sr./a Regidor/a del Districte
1185;ESTACIONAR EN ZONA DE RECARREGA DE VEHICLES ELECTRICS;ESTACIONAR EN ZONA DE RECARGA DE VEHICULOS ELECTRICOS;Estacionar en una zona de recarrega de vehicles electrics;-;1900-01-03;9999-12-31;70.2 C;OCVV;90;E;0;Il.lm./a Sr./a Regidor/a del Districte
1186;ESTACIONAR VEHICLE ELECTRIC EN ZONA RECARREGA EXCEDINT TEMPS;ESTACIONAR VEHICULO ELECTRICO EN Z RECARGA EXCEDIENDO TIEMPO;Estacionar vehicle electric en zona de recarrega de vehicles electrics superant el limit establert per operacio recarrega;-;1900-01-03;9999-12-31;70.2 C;OCVV;90;E;0;Il.lm./a Sr./a Regidor/a del Districte
1187;ESTACIONAR AUTOCAR ON HO PROHIBEIX SENYAL CORRESP HUB MONT;ESTACIONAR AUTOCAR DONDE PROHIBE SENYAL CORRESP HUB MONT;Estacionar autocar on ho prohibeix el senyal corresponent HUB PARC MONTJUIC;Estacionar autocar donde lo prohibe la senal correspondiente HUB PARC MONTJUIC;2022-06-16;9999-12-31;70.2 O;OCVV;100;E;0;Il.lm./a Sr./a Regidor/a del Districte
1188;ESTACIONAR VEH ELECTRIC ZONA RECARREGA RESERV PER ALTRE VEHI;ESTACIONAR VEH ELECTRICO ZONA RECARGA RESERV PARA OTRO VEHI;Estacionar vehicle electric en zona de recarrega de vehicles electrics reservada per un altre tipus de vehicle;Estacionar vehiculo electrico en zona de recarga de vehiculos electricos reservada para otros tipo de vehiculo;2019-01-07;9999-12-31;70.2 C;OCVV;90;E;0;Il.lm./a Sr./a Regidor/a del Districte
1189;ESTACIONAR AUTOCAR ZONA RESERVADA AUTOCAR SENSE RESERVA;ESTACIONAR AUTOCAR ZONA RESERVADA AUTOCAR SIN RESERVA;Estacionar autocar en una zona habilitada per a autocars nomes amb reserva, sense disposar de la mateixa;Estacionar autocar en una zona habilitada para autocares solo con reserva, sin disponer de la misma;2022-06-13;9999-12-31;70.2 I;OCVV;100;E;0;Il.lm./a Sr./a Regidor/a del Districte
1210;CIRCULA AMB EXCES DE VELOCITAT PER RAO DE VIA;CIRCULA CON EXCESO DE VELOCIDAD POR RAZON DE VIA;Circular amb exces de velocitat per raons de via.;-;2009-11-25;9999-12-31;50. 1;RGC;100;M;0;Il.lm./a Sr./a Regidor/a del Districte
1211;SUPERAR LIMIT VELOCITAT SENYAL ESPECIFIC;SUPERAR LIMITE VELOCIDAD SENAL ESPECIFIC;Circular amb exces de velocitat per raons de senyal, conductor o vehicle.;-;2009-11-25;9999-12-31;52. 1;RGC;100;M;0;Il.lm./a Sr./a Regidor/a del Districte
1212;SUPERAR LIMIT VELOCITAT VEHICLE ESPECIAL;SUPERAR LIMITE VELOCIDAD VEHIC ESPECIAL;Circular amb exces de velocitat per raons de senyal, conductor o vehicle (mes de 3.500 kg o mes de 9 passatgers).;-;2009-11-25;9999-12-31;52. 1;RGC;100;M;0;Il.lm./a Sr./a Regidor/a del Districte
1213;SUPERAR LIMIT VELOCITAT NORMA GENERAL;SUPERAR LIMITE VELOCIDAD NORMA GENERAL;Circular amb exces de velocitat per raons de via.;-;2022-03-21;9999-12-31;50. 1;RGC;300;M;2;Il.lm./a Sr./a  Regidor/a de Mobilitat
1214;SUPERAR LIMIT VELOCITAT SENYAL ESPECIFIC;SUPERAR LIMITE VELOCIDAD SENAL ESPECIFIC;Circular amb exces de velocitat per raons de senyal, conductor o vehicle.;-;2022-03-21;9999-12-31;52. 1;RGC;300;M;2;Il.lm./a Sr./a  Regidor/a de Mobilitat
1215;SUPERAR LIMIT VELOCITAT VEHICLE ESPECIAL;SUPERAR LIMITE VELOCIDAD VEHIC ESPECIAL;Circular amb exces de velocitat per raons de senyal, conductor o vehicle (mes de 3.500 kg o mes de 9 passatgers).;-;2022-03-21;9999-12-31;52. 1;RGC;300;M;2;Il.lm./a Sr./a  Regidor/a de Mobilitat
1216;SUPERAR LIMIT VELOCITAT NORMA GENERAL;SUPERAR LIMITE VELOCIDAD NORMA GENERAL;Circular amb exces de velocitat per raons de via.;-;2022-03-21;9999-12-31;50. 1;RGC;400;M;4;Il.lm./a Sr./a  Regidor/a de Mobilitat
1217;SUPERAR LIMIT VELOCITAT SENYAL ESPECIFIC;SUPERAR LIMITE VELOCIDAD SENAL ESPECIFIC;Circular amb exces de velocitat per raons de senyal, conductor o vehicle.;-;2022-03-21;9999-12-31;52. 1;RGC;400;M;4;Il.lm./a Sr./a  Regidor/a de Mobilitat
1218;SUPERAR LIMIT VELOCITAT VEHICLE ESPECIAL;SUPERAR LIMITE VELOCIDAD VEHIC ESPECIAL;Circular amb exces de velocitat per raons de senyal, conductor o vehicle (mes de 3.500 kg o mes de 9 passatgers).;-;2022-03-21;9999-12-31;52. 1;RGC;400;M;4;Il.lm./a Sr./a  Regidor/a de Mobilitat
1219;EXCES VELOCITAT PER RAO DE VIA;EXCESO DE VELOCIDAD POR RAZON DE VIA;Circular amb exces de velocitat per raons de via.;-;2022-03-21;9999-12-31;50. 1;RGC;500;M;6;Il.lm./a Sr./a  Regidor/a de Mobilitat
1220;EXCES VELOCITAT PER SENYAL/CONDUCT/VEHIC;EXCESO VELOCIDAD POR SENAL/CONDUCT/VEHIC;Circular amb exces de velocitat per raons de senyal, conductor o vehicle.;-;2022-03-21;9999-12-31;52. 1;RGC;500;M;6;Il.lm./a Sr./a  Regidor/a de Mobilitat
1221;EXCES VELOCITAT PER SENYAL/CONDUCT/VEHIC;EXCESO VELOCIDAD POR SENAL/CONDUCT/VEHIC;Circular amb exces de velocitat per raons de senyal, conductor o vehicle (mes de 3.500 kg o mes de 9 passatgers).;-;2022-03-21;9999-12-31;52. 1;RGC;500;M;6;Il.lm./a Sr./a  Regidor/a de Mobilitat
1222;EXCES VELOCITAT PER RAO DE VIA;EXCESO VELOCIDAD POR RAZON DE VIA;Circular amb exces de velocitat per raons de via.;-;2022-03-21;9999-12-31;50. 1;RGC;600;M;6;Il.lm./a Sr./a  Regidor/a de Mobilitat
1223;EXCES VELOCITAT PER SENYAL/CONDUCT/VEHIC;EXCESO VELOCIDAD POR SENAL/CONDUCT/VEHIC;Circular amb exces de velocitat per raons de senyal, conductor o vehicle.;-;2022-03-21;9999-12-31;52. 1;RGC;600;M;6;Il.lm./a Sr./a  Regidor/a de Mobilitat
1224;EXCES VELOCITAT PER SENYAL/CONDUCT/VEHIC;EXCESO VELOCIDAD POR SENAL/CONDUCT/VEHIC;Circular amb exces de velocitat per raons de senyal, conductor o vehicle (mes de 3.500 kg o mes de 9 passatgers).;-;2022-03-21;9999-12-31;52. 1;RGC;600;M;6;Il.lm./a Sr./a  Regidor/a de Mobilitat
1228;SUPERAR LIMIT VELOCITAT VEHICLE ESPECIAL;SUPERAR LIMITE VELOCIDAD VEHIC ESPECIAL;Circular amb exces de velocitat per raons de via  (mes de 3.500 kg o mes de 9 passatgers).;-;2009-11-25;9999-12-31;50. 1;RGC;100;M;0;Il.lm./a Sr./a Regidor/a del Districte
1229;SUPERAR LIMIT VELOCITAT VEHICLE ESPECIAL;SUPERAR LIMITE VELOCIDAD VEHIC ESPECIAL;Circular amb exces de velocitat per raons de via (mes de 3.500 kg o mes de 9 passatgers).;-;2022-03-21;9999-12-31;50. 1;RGC;300;M;2;Il.lm./a Sr./a  Regidor/a de Mobilitat
1230;SUPERAR LIMIT VELOCITAT VEHICLE ESPECIAL;SUPERAR LIMITE VELOCIDAD VEHIC ESPECIAL;Circular amb exces de velocitat per raons de via (mes de 3.500 kg o mes de 9 passatgers).;-;2022-03-21;9999-12-31;50. 1;RGC;400;M;4;Il.lm./a Sr./a  Regidor/a de Mobilitat
1231;EXCES VELOCITAT PER RAO DE VIA;EXCESO VELOCIDAD POR RAZON DE VIA;Circular amb exces de velocitat per raons de via (mes de 3.500 kg o mes de 9 passatgers).;-;2022-03-21;9999-12-31;50. 1;RGC;500;M;6;Il.lm./a Sr./a  Regidor/a de Mobilitat
1232;EXCES VELOCITAT PER SENYAL/CONDUCT/VEHIC;EXCESO VELOCIDAD POR SENAL/CONDUCT/VEHIC;Circular amb exces de velocitat per raons de via (mes de 3.500 kg o mes de 9 passatgers).;-;2022-03-21;9999-12-31;50. 1;RGC;600;M;6;Il.lm./a Sr./a  Regidor/a de Mobilitat
1300;CONDUIR BICI/VMP/CICLE NEGLIGENT CREANT RISC RESTA USUAR;CONDUCIR BICI/VMP/CICLO NEGLIGENTE CREANDO RIESGO RESTO USU;Conduir una BICI/VMP/CICLE de manera negligent creant-hi un risc cert i rellevant per a la resta d'usuaris.;-;2017-07-01;9999-12-31;3. 1;RGC;200;M;0;Il.lm./a Sr./a Regidor/a del Districte
1301;CIRC PATI O SIMIL A MAJOR VELOC VIANANTS;CIRC PATIN O SIMIL A MAYOR VELOC PEATON;Circular en patinet, monopati o aparell similar per una vorera, andana o zona residencial degudament senyalitzada a mes velocitat que un vianant.;-;2002-01-01;9999-12-31;121. 4;RGC;30;M;0;Il.lm./a Sr./a Regidor/a del Districte
1302;CONDUIR MANERA NEGLIGENT CREANT-HI RISC RESTA D'USUARIS;CONDUCIR MODO NEGLIGENTE CREANDO RIESGO A RESTO DE USUARIOS;Conduir un vehicle de dues rodes de manera negligent creant-hi un risc cert i rellevant per a la resta d'usuaris.;-;2009-11-25;9999-12-31;3. 1;RGC;200;M;0;Il.lm./a Sr./a Regidor/a del Districte
1303;CONDUIR MANERA NEGLIGENT CREANT-HI RISC RESTA D'USUARIS;CONDUCIR MODO NEGLIGENTE CREANDO RIESGO A RESTO USUARIOS;Conduir un vehicle de manera negligent creant-hi un risc cert i rellevant per a la resta d'usuaris.;-;2009-11-25;9999-12-31;3. 1;RGC;200;M;0;Il.lm./a Sr./a Regidor/a del Districte
1304;CONDUIR MANERA MANIFESTAMENT TEMERARIA;CONDUCIR MODO MANIFIESTAMENTE TEMERARIO;Conduir un vehicle de dues rodes de manera manifestament temeraria.;-;2016-01-31;9999-12-31;3. 1;RGC;500;M;6;Il.lm./a Sr./a  Regidor/a de Mobilitat
1305;CONDUIR MANERA MANIFESTAMENT TEMERARIA;CONDUCIR MODO MANIFIESTAMENTE TEMERARIO;Conduir un vehicle de manera manifestament temeraria.;-;2016-01-31;9999-12-31;3. 1;RGC;500;M;6;Il.lm./a Sr./a  Regidor/a de Mobilitat
1306;LLENCAR OBJECTE QUE POT PRODUIR INCENDI O ACCIDENT;ARROJAR OBJETO QUE PUEDE PRODUCIR INCENDIO O ACCIDENTE;Llencar a la via publica o als seus voltants un objecte que pugui ocasionar un incendi o un accident de circulacio.;-;2022-03-24;9999-12-31;6. 1;RGC;500;M;6;Il.lm./a Sr./a  Primer Tinent/a d'Alcaldia.
1307;USUARI  PATINET MONOP  ENTORPEIX CIRCULACIO O CAUSA PERILL;USUARIO PATINETE MONOP  ENTORPECE CIRCUL O CAUSA PELIG;Usuaris de la via que circulen amb patinet, monopati o aparell similar que entorpeixen indegudament la circulacio o causen perill, perjudicis o molesties innecessaries a la resta usuaris;Usuarios de la via que circulan con patinete, monopatin o aparato similar que entorpezcan indevidamente la circulacion o causen peligro, perjuicio  o molestias innecesarias al resto de los usuarios;2021-05-27;9999-12-31;2;RGC;100;M;0;Il.lm./a Sr./a Regidor/a del Districte
1308;TRANSP MATER EN VEH MES 5M SOBRES 3M POS;TRANSP MATER EN VEH MAS 5M SOBRES 3M POS;Transportar, en un vehicle destinat al transport de mercaderies, materies indivisibles que sobresurtin mes de 3 metres per la part posterior en vehicles de mes de 5 metres;-;2003-05-21;9999-12-31;15.2 A;RGC;90;M;0;Il.lm./a Sr./a Regidor/a del Districte
1309;TRANSP MATER EN VEH MES 5M SOBRES 2M ANT;TRANSP MATER EN VEH MAS 5M SOBRES 2M ANT;Transportar, en un vehicle destinat al transport de mercaderies, materies indivisibles que sobresurtin mes de 2 metres per la part anterior en vehicles de mes de 5 metres;-;2003-05-21;9999-12-31;15.2 A;RGC;90;M;0;Il.lm./a Sr./a Regidor/a del Districte
1310;TRANSP MAT EN VEH MENYS 5M SOBRESORT 1/3;TRANSP MAT EN VEH MENOS 5M SOBRESAL 1/3;Transportar, en un vehicle destinat al transport de mercaderies, materies indivisibles que sobresurtin tant per la part anterior com per la posterior mes d'1/3 de la longitud en vehicles iguals o inferiors a 5 metres;-;2003-05-21;9999-12-31;15.2 A;RGC;90;M;0;Il.lm./a Sr./a Regidor/a del Districte
1311;PORTAR CARREGA SUPERANT ELS 4 M D ALCADA;LLEVAR CARGA SUPERANDO LOS 4 M DE ALTURA;Circular amb el vehicle ressenyat, les dimensions del qual, inclosa la carrega, excedeixen de l'alcada reglamentaria;-;2017-10-03;9999-12-31;13. 1;RGC;200;M;0;Il.lm./a Sr./a Regidor/a del Districte
1312;PORTAR CARREGA SUPERIOR LATERALS VEHICLE;LLEVAR CARGA SUPERIOR LATERALES VEHICULO;Circular amb el vehicle ressenyat, les dimensions del qual, inclosa la carrega, excedeixen de l'amplada reglamentaria;-;2017-10-03;9999-12-31;13. 1;RGC;200;M;0;Il.lm./a Sr./a Regidor/a del Districte
1313;PORTAR CARREGA ARROSSEGANT-LA PER CALCAD;LLEVAR CARGA ARRASTRANDO POR LA CALZADA;Portar carregues arrossegant per la calcada;-;2003-05-21;9999-12-31;14.1 A;RGC;90;M;0;Il.lm./a Sr./a Regidor/a del Districte
1314;NO SENYALITZAR CARREGA SOBRESORTI MES 1M;NO SENALIZAR CARGA QUE SOBRESALGA MAS 1M;No senyalitzar la carrega que sobresurt per la part anterior/posterior.;-;2003-05-21;9999-12-31;15. 6;RGC;90;M;0;Il.lm./a Sr./a Regidor/a del Districte
1315;TRANSP MATER POLSEGOSES SENSE PROTECCIO;TRANSP MATER POLVORIENTAS SIN PROTECCION;Transportar materies polsegoses sense proteccio.;-;2003-05-21;9999-12-31;14. 2;RGC;90;M;0;Il.lm./a Sr./a Regidor/a del Districte
1316;CAURE CARREGA A VIA PUBLICA TOTAL O PARC;CAER CARGA EN VIA PUBLICA TOTAL O PARC;Caiguda o desplacament perillos de la carrega per mal condicionament.;-;2016-01-31;9999-12-31;76.R;LSV;200;M;0;Il.lm./a Sr./a Regidor/a del Districte
1317;CARREGA SUPERANT LONG MAX AUTORITZ;CARGA SUPERANDO LONG MAX AUTORIZADA;Circular amb el vehicle ressenyat, les dimensions del qual, inclosa la carrega, excedeixen de la llargaria reglamentaria;-;2017-10-03;9999-12-31;13. 1;RGC;200;M;0;Il.lm./a Sr./a Regidor/a del Districte
1318;IMCOMP COND TRANSPORT CARREGA ESPECIAL;INCUMP COND TRANSPORTE CARGA ESPECIAL;Circular transportant carregues que requereixin un condicionament o una estiba especials, incomplint les normes especifiques que regulen la materia.;-;2003-05-21;9999-12-31;14. 3;RGC;90;M;0;Il.lm./a Sr./a Regidor/a del Districte
1319;CARREGA SUPERA PROJ PLANTA VEHICLE;CARGA SUPERA PROYEC PLANTA VEHIC;Circular amb un vehicle la carrega del qual sobresurti de la projeccio en planta del vehicle.;-;2003-05-21;9999-12-31;15. 1;RGC;90;M;0;Il.lm./a Sr./a Regidor/a del Districte
1321;CIRCULA AMB CARREGA MAL CONDICIONADA;CIRCULA CON CARGA MAL ACONDICIONADA;Circular amb un vehicle la carrega transportada del qual esta deficientment condicionada;-;2016-01-31;9999-12-31;76.R;LSV;200;M;0;Il.lm./a Sr./a Regidor/a del Districte
1322;VEHICLE IMMOBILITZAT SENSE LLUM POSICIO;VEHICULO INMOBILIZADO SIN LUZ POSICION;No tenir els llums de posicio encesos un vehicle immobilitzat sempre que hi estigui obligat.;-;2010-05-25;9999-12-31;105. 1;RGC;200;E;0;Il.lm./a Sr./a Regidor/a del Districte
1323;CIRC VEHICLE CARREGA SOBRESORTINT;CIRCU VEHICULO CARGA SOBRESALIENDO;Circular amb un vehicle, no destinat al transport de mercaderies, la carrega del qual sobresurt dels limits establerts reglamentariament;-;1900-01-03;9999-12-31;15. 3;RGC;90;M;0;Il.lm./a Sr./a Regidor/a del Districte
1324;ENVAIR SENTIT CONTRARI DE CIRCULACIO;INVADIR SENTIDO CONTRARIO DE CIRCULA;Envair el sentit contrari de la circulacio;Invadir el sentido contrario de la circulacion;2016-10-20;9999-12-31;29. 1;RGC;90;M;0;Il.lm./a Sr./a Regidor/a del Districte
1325;TRANSP OBJ O ANIMALS INTERFER CONDUCCIO;TRANSP OBJ O ANIMALES INTERF CONDUCCION;Transportar objectes o animals sense cuidar que no interfereixi a la conduccio;-;2010-05-25;9999-12-31;18. 1;RGC;200;M;0;Il.lm./a Sr./a Regidor/a del Districte
1327;CIRC MENOR NO SUP A 135CM SEIENT DAVANT SUPOSITS NO AUTORITZ;CIRC MENOR NO SUP A 135CM ASIENTO DELANT SUPUESTOS NO AUTORI;Circular amb un menor d'edat d'alcada igual o inferior a 135 centimetres amb un sistema de retencio infantil homologat a l'efecte en el seient davanter del vehicle en suposits no autoritzats;-;2011-12-21;9999-12-31;117. 3;RGC;200;M;4;Il.lm./a Sr./a Regidor/a del Districte
1329;CIRC VORER/ANDAN/PASSEI/PART RESTA VEHIC;CIRC ACERA/ANDEN/PASEOS/PART RESTO VEHIC;Circular per la vorera, andanes, passeigs o parterres resta vehicles;-;2010-05-25;9999-12-31;121. 5;RGC;200;M;0;Il.lm./a Sr./a Regidor/a del Districte
1334;CIRC PATI O SIMILAR ZONA NO AUTORITZADA;CIRC PATIN O SIMILAR ZONA NO AUTORIZADA;Circular en patinet, monopati o aparell similar per una zona diferent de l'autoritzada (especifique-la).;-;2002-01-01;9999-12-31;121. 4;RGC;30;M;0;Il.lm./a Sr./a Regidor/a del Districte
1335;CIR PATI O SIMIL ARROSSEGAT  PER VEH;CIR PATIN O SIMIL ARRASTRADO  POR VEH;Circular en patinet, monopati o aparell similar sent arrossegat per altres vehicles.;-;2002-01-01;9999-12-31;121. 4;RGC;30;M;0;Il.lm./a Sr./a Regidor/a del Districte
1337;MENOR INFERIOR A 135CM SENSE SISTEMA SUBJECCIO O US INADE;MENOR INFERIOR A 135CM SIN SISTEMA SUBJECCION O USO INADE;Circular amb un menor edat  alcada igual o inferior a 135 centimetres sense utilitzar, o no fer-ho de forma adequada, un sistema de retencio infantil homologat a efecte;-;2022-03-21;9999-12-31;117. 3;RGC;200;M;4;Il.lm./a Sr./a  Regidor/a de Mobilitat
1338;TRANSPORTA CARREGA SENSE PROTECCIO DESTORBANT ELS OCUPANTS;TRANSPORTA CARGA SIN PROTECCION ESTORBANDO A OCUPANTES;No portar instal.lada una proteccio de la carrega en vehicle autoritzat per transportar simultaniament persones i carrega de manera que la carrega destorba els ocupants del vehicle.;-;1900-01-03;9999-12-31;10. 3;RGC;60;M;0;Il.lm./a Sr./a Regidor/a del Districte
1340;ENVAIR EL SENTIT CONTRARI DE CIRCULACIO;INVADIR EL SENTIDO CONTRARIO CIRCULACION;Envair el sentit contrari de la circulacio amb perill.;-;2016-01-31;9999-12-31;29. 2;RGC;500;M;6;Il.lm./a Sr./a  Regidor/a de Mobilitat
1341;CIRC ARCEN VEHIC NO AUTORIZ SENSE EMERG;CIRC ARCEN VEHIC NO AUTORIZ SIN EMERGENC;Circular pel voral un vehicle no autoritzat sense causa d'emergencia.;-;2003-05-21;9999-12-31;30. 1;RGC;90;M;0;Il.lm./a Sr./a Regidor/a del Districte
1346;CIRCULAR CARRIL DIFERENT DRETA;CIRCULAR CARRIL DIFERENTE DERECHO;Circular per un carril diferent del que hi ha a la dreta en una calcada amb mes d'un carril en el sentit de marxa.;-;1900-01-03;9999-12-31;31;RGC;90;M;0;Il.lm./a Sr./a Regidor/a del Districte
1347;PASSATGER SENSE CINTURO/DISP RETENCIO VEHICLE SUP A 9 PLACES;PASAJERO SIN CINTURON/DISP RETENCION VEHICULO SUP A 9 PLAZAS;No utilitzar, un passatger de mes de 3 anys i fins a 135 cm d'alcada, als  vehicles destinats al transport de persones de mes de 9 places, el cinturo de seguretat o dispositiu de retencio instal.lat en el seient del vehicle;-;2010-05-25;9999-12-31;117. 2;RGC;200;M;0;Il.lm./a Sr./a Regidor/a del Districte
1348;CARREGA SENSE PROTECCIO QUE POT DANYAR ELS OCUPANTS;CARGA SIN PROTECCION QUE PUEDE DANAR A LOS OCUPANTES;No portar instal.lada una proteccio de la carrega en vehicle autoritzat per transportar simultaniament persones i carrega de manera que la carrega pot danyar els ocupants del vehicle en cas de ser projectada.;-;1900-01-03;9999-12-31;10. 3;RGC;80;M;0;Il.lm./a Sr./a Regidor/a del Districte
1349;SOBRESORTIR CARREGA EN VEHICLE AMPLADA INFERIOR A 1 METRE;SOBRESALIR CARGA EN VEHICULO ANCHURA INFERIOR A 1 METRO;Circular amb un vehicle d'amplada inferior a 1 metre la carrega del qual sobresurt dels limits reglamentaris.;-;2010-05-25;9999-12-31;15. 4;RGC;90;M;0;Il.lm./a Sr./a Regidor/a del Districte
1364;CIRC VELOC INFERIOR A MINIMA ESTABLERTA;CIRC VELOC INFERIOR A MINIMA ESTABLECIDA;Circular a velocitat anormalment reduida sense una causa justificada.;-;2010-05-25;9999-12-31;49. 1;RGC;200;M;0;Il.lm./a Sr./a Regidor/a del Districte
1365;REDU BRUSC VELOC NO EXISTIN PERILL INMIN;REDU BRUSC VELOC NO EXIST PELIGRO INMIN;Reduccio brusca i imprudent de la velocitat sense que hi hagi un perill imminent amb risc de col.lisio;-;2010-05-25;9999-12-31;53. 1;RGC;200;M;0;Il.lm./a Sr./a Regidor/a del Districte
1366;FER COMPETENCIA VELOCITAT ENTRE VEHICLES SENSE PERMIS;CELEBRAR COMPETENCIA VELOCIDAD ENTRE VEHICULOS SIN PERMISO;Entaular competencia de velocitat entre vehicles a la via publica o zona d'us public.;-;2016-01-31;9999-12-31;55. 2;RGC;500;M;6;Il.lm./a Sr./a  Regidor/a de Mobilitat
1369;NO PROTEGIR CARREGA QUE SOBRESURT;NO PROTEGER CARGA QUE SOBRESALE;No protegir la carrega que sobresurt per evitar danys o perills als altres usuaris.;-;2016-01-31;9999-12-31;76.R;LSV;200;M;0;Il.lm./a Sr./a Regidor/a del Districte
1370;NO CEDIR PAS INTERSEC DEGUDAM SENYALITZ;NO CEDER PASO INTERSEC DEBIDAM SENALIZAD;No cedir el pas en una interseccio degudament senyalitzada.;-;2010-05-25;9999-12-31;56. 1;RGC;200;M;0;Il.lm./a Sr./a Regidor/a del Districte
1371;NO CEDIR PAS ALS QUE S APROXIM PER DRETA;NO CEDER PASO A LOS QUE SE APROX DERECHA;No cedir el pas als vehicles que s'aproximen per la dreta.;-;2010-05-25;9999-12-31;57. 1;RGC;200;M;0;Il.lm./a Sr./a Regidor/a del Districte
1372;NO CEDIR PAS ALS QUE CIRCUL PER GLORIETA;NO CEDER PASO A LOS QUE CIRC POR GLORIET;Accedir a una glorieta sense cedir el pas als vehicles que hi circulen.;-;2010-05-25;9999-12-31;57.1 C;RGC;200;M;0;Il.lm./a Sr./a Regidor/a del Districte
1373;ENTRAR EN INTERSEC IMPEDINT CIRC TRANSV;ENTRAR EN INTERSEC IMPIDIEN CIRC TRANSV;Entrar en una interseccio i quedar-s'hi aturat de manera que s'impedeixi la circulacion transversal.;-;2010-05-25;9999-12-31;59. 1;RGC;200;M;0;Il.lm./a Sr./a Regidor/a del Districte
1374;ENTRAR PAS VIANANT-CICLIST OBSTRUIN;ENTRAR PASO PEATON-CICLIST OBSTRUYEN;Entrar amb un vehicle en un pas de vianants o un pas de ciclistes i quedar-s'hi aturat de manera que se n'obstrueixi el pas.;-;2010-05-25;9999-12-31;59. 1;RGC;200;E;0;Il.lm./a Sr./a Regidor/a del Districte
1375;NO CEDIR PAS VEHICLES SERVEI D URGENCIA;NO CEDER PASO VEHICUL SERVICIO DE URGENC;No cedir el pas als vehicles d'urgencia que prestin aquest servei.;-;2010-05-25;9999-12-31;69. 1;RGC;200;M;0;Il.lm./a Sr./a Regidor/a del Districte
1377;VEHI PRIORITA AMB SENYAL ACUSTIC INNECES;VEHI PRIORITA CON SENAL ACUSTICA INNECES;Conduir un vehicle prioritari fent us dels senyals acustics especials de manera innecesaria, quan nomes faci falta el senyal lluminos.;-;2010-05-25;9999-12-31;68. 2;RGC;200;M;0;Il.lm./a Sr./a Regidor/a del Districte
1378;CIRCULAR VEHICLE AMB CARREGA OCULTA DISPOSITIUS SENYALITZACI;CIRCULAR VEHICULO CON CARGA OCULTA DISPOSITIVOS SENALITZACIO;Circular amb el vehicle ressenyat, amb carrega que oculta els dispositius de senyalitzacio obligatoris (enllumenat, distintius ...);Circular con el vehiculo resenado, con la carga que oculta los dispositivos de senalizacion obligatorois (iluminacion, distintivos ...);2019-01-31;9999-12-31;14. 1D;RGC;90;M;0;Il.lm./a Sr./a Regidor/a del Districte
1379;LLENCAR SOBRE VIA OBJECTE FACIN PERILL CIRCULACIO;ARROJAR SOBRE VIA OBJETOS HACEN PELIGRO CIRCULCION;Llencar sobre la via objectes o materies que facin perillosa la lliure circulacio, parada o estacionament o deteriorar aquella o les seves installacions;Arrojar sobre la via objectos o materias que hagan peligrosa la libre circulacion, parada o estacionamiento o deteriorar aquella o sus instalaciones;2022-09-10;9999-12-31;76;LSV;200;M;0;Il.lm./a Sr./a Regidor/a del Districte
1380;INCORPORAR-SE A CIRCULACIO AMB PERILL;INCORPORARSE CIRCULACION CON PELIGRO;Incorporar-se a la circulacio estant aturat, estacionat o sortint d'un immoble sense comprovar previament que es pot fer sense perill.;-;2010-05-25;9999-12-31;72. 1;RGC;200;M;0;Il.lm./a Sr./a Regidor/a del Districte
1381;NO SENYALIT AMB SUFIC ANTELACIO MANIOBRA;NO SENALIZ CON SUFIC ANTELACION MANIOBRA;No senyalitzar amb prou antelacio, amb llums o el brac, la maniobra que es preten fer.;-;2010-05-25;9999-12-31;109;RGC;60;M;0;Il.lm./a Sr./a Regidor/a del Districte
1382;GIRAR CREANT PERILL VEHIC SENTIT CONTRAR;GIRAR CREANDO PELIG VEHIC SENTIDO CONTRA;Girar creant perill per als que s'acosten en sentit contrari.;-;2022-03-21;9999-12-31;78. 1;RGC;200;M;0;Il.lm./a Sr./a  Regidor/a de Mobilitat
1383;CANVI IMPROCED DE CARRIL NO RESPEC PRIOR;CAMBIO IMPROC DE CARRIL NO RESPET PRIOR;Canvi improcedent de carril sense respectar la prioritat;-;2010-05-25;9999-12-31;74. 2;RGC;200;M;0;Il.lm./a Sr./a Regidor/a del Districte
1384;EFECTUAR CANVI SENTIT FORMA ANTIRREGLAM;EFECTUAR CAMBIO SENTIDO ANTIRREGLAMENTAR;Fer un canvi de sentit de la marxa obstaculitzant el pas de la resta de vehicles que circulen al darrere;-;2010-05-25;9999-12-31;78. 1;RGC;200;M;0;Il.lm./a Sr./a Regidor/a del Districte
1386;AVANCAR EN CORBA/RASANT/VISIBIL REDUIDA;ADELANTAR EN CURVA/RASANTE/VISIB REDUCID;Avancar en revolts, canvis de rasant i en llocs de visibilitat reduida.;-;2022-03-23;9999-12-31;87. 1;RGC;200;M;4;Il.lm./a Sr./a  Regidor/a de Mobilitat
1387;AVANCAR EN PAS DE VIANANTS;ADELANTAR EN PASO DE PEATONES;Avancar en passos de vianants.;-;2010-05-25;9999-12-31;87. 1;RGC;200;M;0;Il.lm./a Sr./a Regidor/a del Districte
1388;CIRC SENSE PORTAR ENCES LLUM POSICIO;CIRC SIN LLEVAR ENCENDIDA LUZ POSICION;Circular sense portar encesos els llums de posicio o galib.;-;2010-05-25;9999-12-31;99. 1;RGC;200;M;0;Il.lm./a Sr./a Regidor/a del Districte
1389;AVANCAR EN INTERSECCIO;ADELANTAR EN INTERSECCION;Avancar en interseccions.;-;2010-05-25;9999-12-31;87. 1;RGC;200;M;0;Il.lm./a Sr./a Regidor/a del Districte
1391;CIRC SENSE LLUM CARRIL SENTIT NORMAL;CIRC SIN LUZ CARRIL SENTIDO NORMAL;Circular per un carril destinat al sentit normal de la circulacio contigu a un carril habilitat per a la circulacio en sentit contrari de l'habitual amb els llums apagats.;-;2010-05-25;9999-12-31;41. 1;RGC;200;M;0;Il.lm./a Sr./a Regidor/a del Districte
1394;NO ADOPTAR MESURES VEHICLE IMMOBILITZAT TUNEL O PAS INFERIOR;NO ADOPTAR MEDIDAS VEHICULO INMOVILIZADO TUNEL/PASO INFERIOR;No adoptar les mesures adients el conductor d'un vehicle immobilitzat dins un tunel o pas inferior.;-;1900-01-03;9999-12-31;97. 3;RGC;90;E;0;Il.lm./a Sr./a Regidor/a del Districte
1395;EXCEDIR MES 5O PER CENT EL TEMPS DE CONDUCCIO ESTABLERT;EXCEDER MAS 50 POR CIENTO TIEMPO CONDUCCION ESTABLECIDO;Excedir en mes d'un 50% els temps de conduccio establerts en la legislacio sobre transports terrestres.;-;2016-01-31;9999-12-31;120. 1;RGC;500;M;6;Il.lm./a Sr./a  Regidor/a de Mobilitat
1396;MINORAR MES 50 PER CENT PERIODE DESCANS ESTABLERT;MINORAR MAS 50 POR CIENTO PERIODO DESCANSO ESTABLECIDO;Minorar en mes d'un 50% els periodes de descans establerts en la legislacio sobre transports terrestres.;-;2016-01-31;9999-12-31;120. 1;RGC;500;M;6;Il.lm./a Sr./a  Regidor/a de Mobilitat
1397;NO ATURAR-SE AMB LLUM GROGA SEMAF PODENT FER-HO SENS PERILL;NO DETENERSE CON LUZ AMBAR SEMAFORO PUD HACERLO SIN PELIGRO;No detenir-se, el conductor d'un vehicle, podent fer-ho sense perill, davant el llum groc no intermitent d'un semafor.;-;1900-01-03;9999-12-31;146.C;RGC;90;M;0;Il.lm./a Sr./a Regidor/a del Districte
1398;AVANCAR VEHICLE PRECEDENT QUE HA INDICAT DESPLACAMENT;ADELANTA VEHICULO PRECEDENTE QUE HA INDICADO DESPLAZAMIENTO;Efectuar un avancament quan el conductor del vehicle que el precedeix en el mateix carril ja ha indicat el seu proposit de desplacar-se cap el mateix costat.;-;2010-05-25;9999-12-31;84. 2;RGC;200;M;0;Il.lm./a Sr./a Regidor/a del Districte
1399;CIRCULAR PER CARRIL BICI AMB VEHICLE DE 4 RODES;CIRCULAR POR CARRIL BICI CON VEHICULO DE 4 RUEDAS;Circular pel carril bici amb un vehicle de 4 rodes.;-;2019-01-08;9999-12-31;71.T 2;OCVV;100;M;0;Il.lm./a Sr./a Regidor/a del Districte
1400;NO ATURAR MOTOR VEHICLE EN TUNEL;NO PARAR MOTOR VEHICULO EN TUNEL;No parar el motor d'un vehicle en un tunel sempre que s'hi aturi mes de dos minuts.;-;2010-05-25;9999-12-31;115. 2;RGC;200;M;0;Il.lm./a Sr./a Regidor/a del Districte
1401;NO UTILITZAR O US INADEQUAT CINTURO DE SEGURETAT CONDUCTOR;NO UTILIZAR O USO INADECUADO CINTURON DE SEGURIDAD CONDUCTOR;Circular sense utilitzar, degudament cordats, el conductor el cinturo de seguretat.;-;2022-03-21;9999-12-31;117. 1;RGC;200;M;4;Il.lm./a Sr./a  Regidor/a de Mobilitat
1402;NO UTILITZAR CASC CIRCULANT EN CICLOMOTOR CONDUCTOR;NO UTILIZAR CASCO CIRCULANDO EN CICLOMOTOR CONDUCTOR;No utilitzar el conductor casc de proteccio circulant en ciclomotor.;-;2022-03-21;9999-12-31;118. 1;RGC;200;M;4;Il.lm./a Sr./a  Regidor/a de Mobilitat
1403;NO UTILITZAR CASC EN MOTOCICLETA EL CONDUCTOR;NO UTILIZAR CASCO EN MOTOCICLETA EL CONDUCTOR;No utilitzar el conductor casc de proteccio circulant en motocicleta.;-;2022-03-21;9999-12-31;118. 1;RGC;200;M;4;Il.lm./a Sr./a  Regidor/a de Mobilitat
1405;NO RETIR VEH ACCID/CARREG PODENT FER-HO;NO RETIR VEH ACCID/CARGA PUDIEND HACERLO;Vehicle accidentat o carrega que obstaculitzi i que no es retiri podent-ho fer.;-;2010-05-25;9999-12-31;130. 1;RGC;200;E;0;Il.lm./a Sr./a Regidor/a del Districte
1406;NO SENYAL VEHIC ACCID/CARREG NO RETIRABL;NO SENAL VEHIC ACCID/CARGA NO RETIRABLE;Vehicle o carrega, accidentat a avariat, sense senyalitzar.;-;2010-05-25;9999-12-31;130. 1;RGC;200;E;0;Il.lm./a Sr./a Regidor/a del Districte
1408;NO UTILITZAR CASC CONDUCTOR O PASSATGER VEHICLE 3/4 RODES;NO UTILIZA CASCO CONDUCTOR O PASAJERO VEHICULO 3/4 RUEDAS;No utilitzar el conductor casc de proteccio circulant en vehicles de tres rodes o quadricicles, o vehicles especials tipus quad.;-;2022-03-21;9999-12-31;118. 1;RGC;200;M;4;Il.lm./a Sr./a  Regidor/a de Mobilitat
1409;NO UTILITZA CASC EN BICICLETA;NO USA CASCO EN BICICLETA;No utilitzar casc de proteccio circulant en bicicleta;-;2010-05-25;9999-12-31;118. 1;RGC;200;M;0;Il.lm./a Sr./a Regidor/a del Districte
1410;RETIRAR O DETERIORAR LA SENYALITZ EN VIA;RETIRAR O DETERIORAR LA SENALIZAC EN VIA;Retirar o deteriorar la senyalitzacio d'una via;-;2010-05-25;9999-12-31;142. 2;RGC;200;E;0;Il.lm./a Sr./a Regidor/a del Districte
1411;NO OBEIR SENYAL/ORDRE AGENT;NO OBECEDER SENALES DEL AGENTE;No obeir els SENYALS i/o les ORDRES D'UN AGENT que regula la circulacio;-;2017-07-29;9999-12-31;143.A;RGC;200;M;0;Il.lm./a Sr./a Regidor/a del Districte
1413;NO OBEIR SENYAL D'OBLIGACIO SENSE PERILL;NO OBECEDER SENAL DE OBLIGAC SIN PELIGRO;No obeir un senyal d'OBLIGACIO;-;2003-05-21;9999-12-31;155;RGC;90;M;0;Il.lm./a Sr./a Regidor/a del Districte
1415;NO OBEIR SENYAL PROHIBICIO SENSE PERILL;NO OBEDECER SENAL PROHIBICION SIN PELIGR;No obeir un senyal de PROHIBICIO;-;2003-05-21;9999-12-31;154;RGC;90;M;0;Il.lm./a Sr./a Regidor/a del Districte
1417;NO OBEIR SENYAL DE STOP SENSE PERILL;NO OBEDECER SENAL DE STOP SIN PELIGRO;No obeir un senyal d'ATURADA OBLIGATORIA (STOP) sense perill.;-;2010-05-25;9999-12-31;151. 2;RGC;200;M;0;Il.lm./a Sr./a Regidor/a del Districte
1419;NO OBEIR SENYAL CESSIO PAS SENSE PERILL;NO OBEDECER SENAL CEDA PASO SIN PELIGRO;No obeir un senyal de CEDIU EL PAS sense perill.;-;2010-05-25;9999-12-31;151. 2;RGC;200;M;0;Il.lm./a Sr./a Regidor/a del Districte
1423;NO OBEIR SENYAL ENTRADA PROHIBIDA;NO OBECEDER SENAL ENTRADA PROHIBIDA;No obeir un senyal d'ENTRADA PROHIBIDA.;-;2003-05-21;9999-12-31;152;RGC;90;M;0;Il.lm./a Sr./a Regidor/a del Districte
1425;NO OBEIR SENYAL CIRCULACIO PROHIBIDA;NO OBECEDER SENAL CIRCULACION PROHIBIDA;No obeir un senyal de CIRCULACIO PROHIBIDA;-;2003-05-21;9999-12-31;152;RGC;90;M;0;Il.lm./a Sr./a Regidor/a del Districte
1427;NO OBEIR MARQUES BLANQUES LONGITUDINALS;NO OBEDEC MARCAS BLANCAS LONGITUDINALES;No obeir MARQUES BLANQUES LONGITUDINALS.;-;2003-05-21;9999-12-31;167;RGC;90;M;0;Il.lm./a Sr./a Regidor/a del Districte
1429;NO OBEIR MARQUES BLANQUES TRANSVERS S/P;NO OBEDEC MARCAS BLANCAS TRANSVERSAL S/P;No obeir MARQUES BLANQUES TRANSVERSALS;-;2003-05-21;9999-12-31;168;RGC;90;M;0;Il.lm./a Sr./a Regidor/a del Districte
1437;NO OBEIR SEMAFOR VERMELL SENSE PERILL;NO OBEDECE SEMAFORO ROJO SIN PELIGRO;No obeir el conductor d'un ciclomotor o motocicleta el LLUM VERMELL d'un semafor SENSE PERILL;-;2010-05-25;9999-12-31;146.A;RGC;200;M;0;Il.lm./a Sr./a Regidor/a del Districte
1438;NO OBEIR SEMAFOR VERMELL SENSE PERILL;NO OBEDECER SEMAFORO ROJO SIN PELIGRO;No obeir el conductor d'un vehicle el LLUM VERMELL d'un semafor SENSE PERILL;-;2010-05-25;9999-12-31;146.A;RGC;200;M;0;Il.lm./a Sr./a Regidor/a del Districte
1441;NO OBEIR SEMAFOR VERMELL BICI/VMP/CICLE;NO OBEDECER LUZ ROJA SEMAFORO BICI/VMP/CICLO;No obeir el conductor d'una BICI/VMP/CICLE el LLUM VERMELL d'un semafor;-;2017-07-01;9999-12-31;146.A;RGC;200;M;0;Il.lm./a Sr./a Regidor/a del Districte
1442;ARROSSEGA REMOLC SENS ACOMPLIR NORMA;ARRASTRAS REMOLQUE SIN CUMPLIR NORMAT;Arrossegar, el vehicle ressenyat, un remolc o semiremolc incomplint les condicions establertes reglamentariament;-;1900-01-03;9999-12-31;12. 4;RGC;60;M;0;Il.lm./a Sr./a Regidor/a del Districte
1443;UTILITZA PANTALLA INCOMPATIBLE ATENCIO;UTILIZA PANTALLA INCOMPATIBLE ATENCION;Conduir un vehicle utilitzant pantalles visuals incompatibles amb l'atencio permanent en la conduccio;-;2010-05-25;9999-12-31;18. 1;RGC;200;M;0;Il.lm./a Sr./a Regidor/a del Districte
1444;PORTAR INSTAL.LAT  INHIBIDORS RADAR,CINEMOMETRE O ALTRES;LLEVAR INSTALADO INHIBIDORES RADAR,CINEMOMETRO U OTRAS;Conduir vehicles  que portin  instal.lats inhibidors de radar o cinemometres  o altres mecanismes per interferir en correcte  funcionament sistemes  vigilancia de transit;-;2022-03-21;9999-12-31;77;LSV;6000;M;6;Il.lm./a Sr./a  Primer Tinent/a d'Alcaldia.
1445;NO OBEIR INDICACIO PANELL VARIABLE;NO OBEDECER INDICACIO PANEL VARIA;No obeir les indicacions d'un panell de missatge variable;-;1900-01-03;9999-12-31;144. 1;RGC;90;M;0;Il.lm./a Sr./a Regidor/a del Districte
1446;NO UTILITZA ARMILLA REFLECTANT;NO UTILIZA CHALECO REFLECTANTE;No utilitzar el conductor del vehicle que n'ha sortit i ocupa la calcada o el voral de la via, una armilla reflectora de visibilitat alta;-;2022-03-21;9999-12-31;118. 3;RGC;200;M;4;Il.lm./a Sr./a  Regidor/a de Mobilitat
1447;CIR BICICLETA SENSE ROBA REFLECTANT;CIRC BICICLETA SIN PRENDA REFLECTAN;Circular el conductor d'una bicicleta per una via interurbana, entre la posta i la sortida del sol, sense utilitzar una peca de roba reflectora que permeti que la resta d'usuaris el distingeixin.;-;1900-01-03;9999-12-31;98. 3;RGC;90;M;0;Il.lm./a Sr./a Regidor/a del Districte
1448;CIRCULAR AMB MENOR 12 ANYS DE PASSATGER EN MOTO/CICLOMOTOR;CIRC CON MENOR 12 ANOS DE PASAJERO EN MOTO/CICLOMOTOR;Circular amb un menor de 12 anys com a passatger de ciclomotor o motocicleta.;-;2016-01-31;9999-12-31;76.I;LSV;200;M;0;Il.lm./a Sr./a Regidor/a del Districte
1449;TRANSP NOMBRE PERSONES MES 50 PER CENT PLACES AUTORITZADES;TRANSP NUMERO PERSONAS MAS 50 POR CIENTO PLAZAS AUTORIZADAS;Transportar en un vehicle un nombre de persones que suposi augmentar en un 50% les places autoritzades, exclos el conductor.;-;2016-01-31;9999-12-31;76.U;LSV;200;M;0;Il.lm./a Sr./a Regidor/a del Districte
1450;ZIGZAGUEJAR ENTRE ELS DEMES VEHICLES;ZIGZAGUEAR ENTRE LOS DEMAS VEHICULOS;Zigzaguejar entre la resta de vehicles.;-;2010-05-25;9999-12-31;3. 1;RGC;200;M;0;Il.lm./a Sr./a Regidor/a del Districte
1451;CREAR OBST/PERILL VIA SENSE RETIRAR-HO;CREAR OBST/PELIGRO EN VIA SIN RETIRARLO;Obstaculitzar o crear perill a la via sense prendre les mesures necessaries per fer-lo desapareixer com mes aviat millor;-;2002-01-01;9999-12-31;5;RGC;60;M;0;Il.lm./a Sr./a Regidor/a del Districte
1452;CREAR OBST/PERILL VIA SENSE ADVERTIR-HO;CREAR OBST/PELIGRO EN VIA SIN ADVERTIRLO;Obstaculitzar o crear perill a la via sense prendre les mesures necessaries perque pugui ser advertit per la resta d'usuaris;-;2002-01-01;9999-12-31;5;RGC;60;M;0;Il.lm./a Sr./a Regidor/a del Districte
1453;CREAR OBST/PERILL VIA DIFICULTANT CIRCUL;CREAR OBST/PELIGRO VIA DIFICULTANDO CIRC;Obstaculitzar o crear perill a la via sense prendre les mesures necessaries perque no dificulti la circulacio;-;2002-01-01;9999-12-31;5;RGC;60;M;0;Il.lm./a Sr./a Regidor/a del Districte
1454;CIRC CAMIO AMB TRAPA CAIGUDA DIFIC VISIO;CIRC CAMION TRAMPILLA CAIDA DIFIC VISION;Circular un camio amb la trapa caiguda dificultant la visio d'algun element del vehicle;-;2002-01-01;9999-12-31;76.P;LSV;60;M;0;Il.lm./a Sr./a Regidor/a del Districte
1455;CIRC VEH TRANS PERS MES12 MT NO RESP OBLIG CIRC CARRIL DRET;CIRC VEH TRANS PERS MES12 MT NO RESP OBLIG CIRC CARRIL DEREC;Circular vehicle transport viatgers de mes de 12 mits de longitud per rondes no respectant obligacio de circular pel carril dret;Circular vehiculo transporte viajeros de mas de 12 mits de longitut por Rondas no respetando la obligacion de circular por el carril derecho;2018-02-07;9999-12-31;39. 4;RGC;200;M;0;Il.lm./a Sr./a Regidor/a del Districte
1456;CIRC VIATGER MOTOCIC FORMA ANTIRREGLAMEN;CIRC VIAJERO MOTOCIC FORMA ANTIRREGLAMEN;Circular el viatger d'una motocicleta sense encamellar-se ni recolzar els peus als reposapeus.;-;2003-05-21;9999-12-31;12. 2;RGC;90;M;0;Il.lm./a Sr./a Regidor/a del Districte
1457;CIRCUL AMB MES UN PASSATGER EN MOTOCICLE;CIRCUL CON MAS UN PASAJERO EN MOTOCICLET;Circular amb mes d'un passatger, a mes del conductor, en una motocicleta;-;2003-05-21;9999-12-31;12. 2;RGC;90;M;0;Il.lm./a Sr./a Regidor/a del Districte
1459;CIRCUL VIATGER MOTOC SENSE SOSTENIR PEUS;CIRCULAR VIAJERO MOTOCIC SIN APOYAR PIES;Circular el viatger d'una motocicleta sense els peus recolzats als reposapeus laterals.;-;2002-01-01;9999-12-31;12. 2;RGC;60;M;0;Il.lm./a Sr./a Regidor/a del Districte
1460;CIRC VIATGER MOTO SENSE ANAR EIXANCARRAT;CIRC VIAJERO MOTOCIC SIN IR A HORCAJADAS;Circular el viatger d'una motocicleta sense encamellar-se.;-;2002-01-01;9999-12-31;12. 2;RGC;30;M;0;Il.lm./a Sr./a Regidor/a del Districte
1461;CIRC VIATGER MOTOC ENTRE CONDUC/MANILLAR;CIRC VIAJERO MOTOC ENTRE CONDUC/MANILLAR;Circular el viatger d'una motocicleta o ciclomotor situat en el lloc intermedi entre el conductor i el manillar;-;2003-05-21;9999-12-31;12. 2;RGC;90;M;0;Il.lm./a Sr./a Regidor/a del Districte
1462;TRANSP VEHICLE NOMBRE PERSONS SUP AUTORI;TRANSP VEHICULO NUMERO PERSON SUP AUTORI;Transportar en un vehicle un nombre de persones superior al de places autoritzades;-;2020-01-14;9999-12-31;9. 1;RGC;100;M;0;Il.lm./a Sr./a Regidor/a del Districte
1463;TRANS PERSONE VEHIC LLOC DIFERENT ADIENT;TRANS PERSON VEHIC LUGAR DIFEREN ADECUAD;Transportar persones en un vehicle en un emplacament diferent a aquell que tenen destinat.;-;2002-01-01;9999-12-31;10. 1;RGC;60;M;0;Il.lm./a Sr./a Regidor/a del Districte
1464;TRANS PERSON VEHIC MERCADE LLOC CARREGA;TRANS PERSON VEHIC MERCANC LUGAR CARGA;Transportar persones en un vehicle destinat al transport de mercaderies en el lloc destinat a la carrega.;-;2002-01-01;9999-12-31;10. 1;RGC;60;M;0;Il.lm./a Sr./a Regidor/a del Districte
1466;CONDUIR VEHICLE SENSE LLIBERTAT MOVIMENT;CONDUCIR VEHICULO SIN LIBERTAD MOVIMIENT;Conduir un vehicle sense mantenir la propia llibertat de moviments;-;2010-05-25;9999-12-31;18. 1;RGC;200;M;0;Il.lm./a Sr./a Regidor/a del Districte
1467;CONDUIR VEHICLE SENSE TENIR CAMP VISIO;CONDUCIR VEHICULO SIN TENER CAMPO VISION;Conduir un vehicle sense mantenir el camp de visio;-;2010-05-25;9999-12-31;18. 1;RGC;200;M;0;Il.lm./a Sr./a Regidor/a del Districte
1468;CONDUIR VEHICLE SENSE MANTENIR ATENCIO;CONDUCIR VEHICULO SIN MANTENER ATENCION;Conduir un vehicle sense mantenir l'atencio permanent a la conduccio;-;2010-05-25;9999-12-31;18. 1;RGC;200;M;0;Il.lm./a Sr./a Regidor/a del Districte
1469;CONDUIR VEHIC SENSE MANTEN POSICIO ADIEN;CONDUCIR VEHIC SIN MANTENER POSIC ADECUA;Conduir un vehicle sense mantenir la posicio adequada.;-;2010-05-25;9999-12-31;18. 1;RGC;200;M;0;Il.lm./a Sr./a Regidor/a del Districte
1471;CONDUIR VEHIC S/ TENIR CURA POSIC PASSAT;CONDUC VEHIC S/ TENER CUID POSIC PASAJER;Conduir un vehicle sense procurar que la resta de passatgers mantinguin la posicio adequada,;-;2010-05-25;9999-12-31;18. 1;RGC;200;M;0;Il.lm./a Sr./a Regidor/a del Districte
1472;OBRIR PORTES ABANS ATURADA DEL VEHICLE;ABRIR PUERTAS ANTES PARADA DEL VEHICULO;Portar les portes d'un vehicle obertes, o obrir-les abans d'aturar-lo.;-;2002-01-01;9999-12-31;114;RGC;60;M;0;Il.lm./a Sr./a Regidor/a del Districte
1473;FER US SENYALS ACUSTIQUES SO ESTRIDENT;HACER USO SE/ALES ACUSTICAS SONIDO ESTRI;Fer us dels senyals acustics de so estrident.;-;2002-01-01;9999-12-31;110. 1;RGC;60;M;0;Il.lm./a Sr./a Regidor/a del Districte
1474;CIRCULA SENTIT CONTRARI A PLACA/GLORIETA/CONFLUENCIA VIES;CIRCULA SENTIDO CONTRARIO EN PLAZA/GLORIETA/CONFLUEN VIAS;Circular per una placa / glorieta / trobada de vies, en sentit contrari de l'estipulat.;-;2016-01-31;9999-12-31;43. 2;RGC;500;M;6;Il.lm./a Sr./a  Regidor/a de Mobilitat
1475;CIRC CARRIL ADDIC SENSE LLUMS POSSICIO;CIRC CARRIL ADICIONAL SIN LUCES DE CRUCE;Circular per un carril addicional abalisat sense portar encesos els llums d'encreuament.;-;2010-05-25;9999-12-31;42. 1;RGC;200;M;0;Il.lm./a Sr./a Regidor/a del Districte
1476;NO DEIXAR ESQUERRA REFUGI/ILLETA/PLACA;NO DEJAR IZQUIERDA REFUGIO/ISLETA/PLAZA;No deixar a l'esquerra, en vies de doble sentit de circulacio, refugis, illots, places o dispositius de guia.;-;2003-05-21;9999-12-31;43. 1;RGC;90;M;0;Il.lm./a Sr./a Regidor/a del Districte
1477;CIRCUL S/APROPAR-SE AL COSTAT DE CALCADA;CIRCUL S/ACERCARSE AL BORDE DE CALZADA;Circular per una via sense acostar-se tant com es pugui a la vora dreta de la calcada tot i estar obligat a fer-ho.;-;2002-01-01;9999-12-31;29. 1;RGC;30;M;0;Il.lm./a Sr./a Regidor/a del Districte
1478;CANVI INNECESARI DE CARRIL FORMA CONTIN;CAMBIO INNECESARIO CARRIL FORMA CONTINUA;Canviar innecessariament de carril de forma constant.;-;2002-01-01;9999-12-31;33;RGC;30;M;0;Il.lm./a Sr./a Regidor/a del Districte
1479;CIRC INNECESARIA LINEA SEPARACIO CARRILS;CIRC INNECESARIA LINEA SEPARACIO CARRIL;Circular innecessariament sobre la linia de separacio de carrils.;-;2003-05-21;9999-12-31;167;RGC;90;M;0;Il.lm./a Sr./a Regidor/a del Districte
1480;CIRC CARRIL ADDIC ALTERANT BALISSAMENT;CIRC CARRIL ADIC ALTERANDO BALIZAMIENTO;Circular per un carril addicional de circulacio alterant / envaint els elements d'abalisament.;-;2010-05-25;9999-12-31;42. 1;RGC;200;M;0;Il.lm./a Sr./a Regidor/a del Districte
1481;CIRC OCUPANT CALCADA MES DEL IMPRESCINDI;CIRC OCUPANDO CALZADA MAS DE LO IMPRESCI;Circular ocupant la calcada mes del que sigui imprescindible estant obligat a fer-ho pel voral.;-;2002-01-01;9999-12-31;36. 1;RGC;30;M;0;Il.lm./a Sr./a Regidor/a del Districte
1482;CIRCUL FORMA PARAL.LELA A VEHICLES PROHI;CIRCUL FORMA PARALELA A VEHICULOS PROHIB;Circular de forma paral.lela a vehicles que els esta prohibit.;-;2010-05-25;9999-12-31;36. 2;RGC;200;M;0;Il.lm./a Sr./a Regidor/a del Districte
1483;CIRCULA VEHICLE PER VIA ON TE PROHIBIT L'ACCES;CIRCULA VEHICULO POR VIA DONDE TIENE PROHIBIDO EL ACCESO;Circular amb un velocipede, ciclomotor o cotxe de mobilitat reduida/diversitat funcional per una via no autoritzada.;-;2010-05-25;9999-12-31;38. 1;RGC;200;M;0;Il.lm./a Sr./a Regidor/a del Districte
1484;VEHIC SUP 3500 KG/7 MT CARRIL NO CORRESP;VEHIC SUP 3500 KG/7 MT CARRIL NO CORRESP;Circular un vehicle de MMA superior a 3.500 kg o mes de 7 m de longitud per un carril diferent del situat mes a la dreta en una calcada de tres carrils o mes.;-;2003-05-21;9999-12-31;32;RGC;90;M;0;Il.lm./a Sr./a Regidor/a del Districte
1485;CIRC SENTIT CONTRARI VIA DIVIDIDA EN MES D'UNA CALCADA;CIRC SENTIDO CONTRARIO VIA DIVIDIDA EN MAS DE UNA CALZADA;Circular en sentit contrari de l'estipulat en una via dividida en mes d'una calcada.;-;2016-01-31;9999-12-31;44. 1;RGC;500;M;6;Il.lm./a Sr./a  Regidor/a de Mobilitat
1486;CIRC SENSE MANTENIR DISTANCIA ENTRE VEHI;CIRC SIN MANTENER DISTANCIA ENTRE VEHICU;Circular darrere d'un altre vehicle sense mantenir la distancia que li permeti aturar-se, sense col.lisionar, en cas de frenada brusca del que el precedeix;-;2010-05-25;9999-12-31;54. 1;RGC;200;M;4;Il.lm./a Sr./a  Regidor/a de Mobilitat
1498;NO SENYALIT AMB ANTELACIO PARADA/ESTACIO;NO SE/ALIZAR CON ANTELACION PARADA/ESTAC;No senyalitzar amb antelacio suficient una maniobra de parada o estacionament.;-;2010-05-25;9999-12-31;109. 2;RGC;60;M;0;Il.lm./a Sr./a Regidor/a del Districte
1500;UTILITZAR LLAMPADES PER CASOS NO REGLAME;UTILIZAR DESTELLOS EN CASOS NO REGLAMENT;Utilitzar els llums en forma de rafegues per a finalitats diferents de les previstes reglamentariament.;-;2003-05-21;9999-12-31;100. 2;RGC;90;M;0;Il.lm./a Sr./a Regidor/a del Districte
1501;NO CEDIR PAS VEHIC SORTINT VIA S/PAVIMEN;NO CEDER PASO VEHIC SALIENDO VIA S/PAVIM;No cedir el pas als vehicles que circulen per una via pavimentada quan se surt d'una sense pavimentar.;-;2010-05-25;9999-12-31;57.1 A;RGC;200;M;0;Il.lm./a Sr./a Regidor/a del Districte
1502;NO CEDIR PAS VEHICLES CIRCULEN PER RAILS;NO CEDER PASO VEHICULOS CIRCUL POR RAIL;No cedir el pas a vehicles que circulen sobre rails.;-;2010-05-25;9999-12-31;57.1 B;RGC;200;M;0;Il.lm./a Sr./a Regidor/a del Districte
1503;DESOBEIR SENYAL/ORDRE AGENT AMB PERILL;DESOBEDECER SENAL/ORDEN AGENTE C PELIGRO;Desobeir els SENYALS i/o les ORDRES D'UN AGENT que regula la circulacio AMB PERILL.;-;2022-03-23;9999-12-31;76;LSV;200;M;4;Il.lm./a Sr./a  Regidor/a de Mobilitat
1504;NO OBEIR LLUM VERMELL SEMAFOR AMB PERILL;NO OBEDECE LUZ ROJA SEMAFORO CON PELIGRO;No obeir el conductor d'un ciclomotor o motocicleta el LLUM VERMELL d'un semafor AMB PERILL.;-;2022-03-21;9999-12-31;146;RGC;200;M;4;Il.lm./a Sr./a  Regidor/a de Mobilitat
1505;NO OBEIR LLUM VERMELL SEMAFOR AMB PERILL;NO OBEDECE LUZ ROJA SEMAFORO CON PELIGRO;No obeir el conductor d'un vehicle el LLUM VERMELL d'un semafor AMB PERILL.;-;2022-03-21;9999-12-31;146;RGC;200;M;4;Il.lm./a Sr./a  Regidor/a de Mobilitat
1506;NO CEDIR PAS AMB SENYAL CEDIU PAS/STOP;NO CEDER PASO CON SENAL CEDA PASO/STOP;No cedir el pas en interseccio regulada amb senyal de CEDIU EL PAS O STOP obligant a la resta de conductor a fer maniobres brusques AMB RISC DE COL.LISIO.;-;2022-03-21;9999-12-31;56. 5;RGC;200;M;4;Il.lm./a Sr./a  Regidor/a de Mobilitat
1507;NO CEDIR PAS PREFERENT VEHIC VIA ESTRETA;NO CEDER PASO PREFEREN VEHI VIA ESTRECHA;No cedir el pas a un altre vehicle que ha entrat primer en un pas estret.;-;2010-05-25;9999-12-31;60. 1;RGC;200;M;0;Il.lm./a Sr./a Regidor/a del Districte
1508;NO CEDIR PAS TRAM ESTRETA VEHIC ASCEND;NO CEDER PASO TRAMO ESTRECHO VEH ASCEND;No cedir el pas en un tram estret a vehicles que circulen en sentit ascendent en un tram de gran pendent.;-;2010-05-25;9999-12-31;63. 1;RGC;200;M;0;Il.lm./a Sr./a Regidor/a del Districte
1509;NO RESPECTAR PAS VIANANTS SENYALITZAT;NO RESPETAR PASO PEATONES SENALIZADO;No respectar el pas de vianants senyalitzat.;-;2010-05-25;9999-12-31;65.1 A;RGC;200;M;0;Il.lm./a Sr./a Regidor/a del Districte
1511;GIRAR VEHICLE SENSE PRIORITZAR PAS VIANA;GIRAR VEHICULO SIN PRIORIZAR PASO PEATON;Girar amb el vehicle per entrar en una altra via sense concedir la prioritat de pas als vianants.;-;2010-05-25;9999-12-31;65.1 B;RGC;200;M;0;Il.lm./a Sr./a Regidor/a del Districte
1512;NO RESPEC PRIORITAT VIANANTS EN ANDANES;NO RESPETAR PRIORIDAD PEATONES EN ARCEN;No respectar la prioritat dels vianants als vorals.;-;2010-05-25;9999-12-31;65.1 C;RGC;200;M;0;Il.lm./a Sr./a Regidor/a del Districte
1513;NO RESPEC PRIORITAT VIANANTS ZONA PEATON;NO RESPEC PRIORIDAD PEATONES ZONA PEATON;No respectar la prioritat dels vianants en una zona de vianants.;-;2010-05-25;9999-12-31;65. 2;RGC;200;M;0;Il.lm./a Sr./a Regidor/a del Districte
1514;NO RESP PRIOR VIAN PARADA TRANSP PUBLIC;NO RESP PRIOR PEAT PARADA TRANS PUBLICO;No respectar la prioritat dels vianants en pujar o baixar d'un transport public en una parada senyalitzada.;-;2010-05-25;9999-12-31;65.3 A;RGC;200;M;0;Il.lm./a Sr./a Regidor/a del Districte
1515;NO MODER VELOC EXIGINT-HO CIRCUMSTANCIES;NO MODER VELOC EXIGIENDOLO CIRCUNSTANCIA;Circular amb un vehicle sense moderar la velocitat com exigeixen les circumstancies;-;2010-05-25;9999-12-31;46. 1;RGC;200;M;0;Il.lm./a Sr./a Regidor/a del Districte
1516;NO RESPEC PRIO TROPES/ESCOLARS/COMITIVES;NO RESPET PRIO TROPAS/ESCOLARES/COMITIVA;No respectar la prioritat de pas a tropes, files escolars en formacio o comitives autoritzades.;-;2010-05-25;9999-12-31;65.3 B;RGC;200;M;0;Il.lm./a Sr./a Regidor/a del Districte
1517;NO CEDIR PAS A ANIMALS EN LLOCS AUTORIZA;NO CEDER PASO A ANIMALES EN LUGAR AUTORI;No cedir el pas als animals que circulen o creuen per passos autoritzats.;-;2010-05-25;9999-12-31;66.1 A;RGC;200;M;0;Il.lm./a Sr./a Regidor/a del Districte
1518;PARAR VEHICLE SEMAFOR QUE LI PROHIBEIX PAS OBSTACULIT CIRCUL;PARAR VEHIC SEMAFORO QUE LE PROHIBE PASO OBSTACULIZ CIRCULAC;Aturar el vehicle davant d'un semafor que li prohibrixi el pas, obstaculitzant la circulacio i no sortir-ne podent-ho fer.;-;2010-05-25;9999-12-31;59. 2;RGC;200;M;0;Il.lm./a Sr./a Regidor/a del Districte
1519;FER US PRIOR VEHIC URGENCIA FORA SERVEI;UTILIZAR PREFE VEHIC URGENCIA FUERA SERV;Hacer uso de la prioridad de paso los vehiculos de servicio de urgencia sin prestar dicho servicio.;-;2003-05-21;9999-12-31;67;RGC;90;M;0;Il.lm./a Sr./a Regidor/a del Districte
1520;NO ATURAR MARXA EXIGINT-HO CIRCUMSTANCIE;NO DETENER MARCHA EXIGIENDOLO CIRCUNSTAN;No aturar la marxa del vehicle quan les circumstancies ho exigeixen;-;2010-05-25;9999-12-31;46. 1;RGC;200;M;0;Il.lm./a Sr./a Regidor/a del Districte
1521;INCORPORAR-SE CIRCULAC SENSE SENYALITZAR;ICORPORARSE CIRCULACION SIN SE/ALIZAR;Incorporar-se a la circulacio sense assenyalar previament la maniobra.;-;2010-05-25;9999-12-31;72. 1;RGC;60;M;0;Il.lm./a Sr./a Regidor/a del Districte
1522;INCORPORAR-SE VIA RAPIDA SENSE CEDIR PAS;INCORPORARSE VIA RAPIDA SIN CEDER PASO;Incorporar-se a la calcada procedent d'un carril d'acceleracio sense cedir el pas a un altre vehicle, la qual cosa obliga els altres a fer maniobres brusques.;-;2010-05-25;9999-12-31;72. 4;RGC;200;M;0;Il.lm./a Sr./a Regidor/a del Districte
1523;NO FACILITAR INCORP CIRCUL ALTRES VEHIC;NA FACILITAR INCORP CIRCUL OTROS VEHIC;No facilitar la incorporacio a la circulacio d'altres vehicles podent-ho fer.;-;2010-05-25;9999-12-31;73. 1;RGC;60;M;0;Il.lm./a Sr./a Regidor/a del Districte
1524;NO FACILITAR INCORPOR CIRCULA TRANS PUBL;NO FACILITAR INCORPOR CIRCULA TRANS PUBL;No facilitar la incorporacio a la circulacio d'un transport col.lectiu de viatgers des d'una parada senyalitzada, podent-ho fer.;-;2010-05-25;9999-12-31;73. 2;RGC;60;M;0;Il.lm./a Sr./a Regidor/a del Districte
1525;NO S'ENCEN SENYALITZACIO DE FRENADA;NO SE ENCIENDE SENALIZACION DE FRENADO;No encendre's la senyalitzacio de frenada en fer us del sistema de frenada de servei.;-;2002-01-01;9999-12-31;109;RGC;60;M;0;Il.lm./a Sr./a Regidor/a del Districte
1526;CANVIAR DIRECCIO DESDE CARRIL IMPROCEDEN;CAMBIAR DIRECCION DESDE CARRIL IMPROCEDE;Canviar de direccio des d'un carril que no correspon;-;2010-05-25;9999-12-31;75.1 B;RGC;200;M;0;Il.lm./a Sr./a Regidor/a del Districte
1527;NO SITUAR-SE DRETA ACCES CARRIL DECELERA;NO SITUARSE DERECH ACCESO CARRIL DECELER;No col.locar-se amb prou antelacio al carril mes proxim a la dreta per entrar al carril de desacceleracio.;-;2003-05-21;9999-12-31;77. 1;RGC;90;M;0;Il.lm./a Sr./a Regidor/a del Districte
1529;CIRCULAR MARXA ENRERA MES DE 15 METRES;CIRCULAR MARCHA ATRAS MAS DE 15 METROS;Circular marxa enrere mes de 15 m.;-;2010-05-25;9999-12-31;80. 2;RGC;200;M;0;Il.lm./a Sr./a Regidor/a del Districte
1530;NO UTILITZAR CASC CONDUCTORS/OCUPANTS CICLES MENORS 16 ANYS;NO UTILIZAR CASCO CONDUCT Y OCUPANTES CICLOS MENORES 16 ANOS;No utilitzar casc conductors i ocupants de cicles menors de 16 anys;-;2016-01-31;9999-12-31;76.H;LSV;200;M;0;Il.lm./a Sr./a Regidor/a del Districte
1531;RETROCEDIR EN VIA ON NO ES AUTORITZAT;RETROCEDER VIA DONDE NO ESTA AUTORIZADO;Retrocedir en una via on no estigui autoritzat.;-;2010-05-25;9999-12-31;80. 3;RGC;200;M;0;Il.lm./a Sr./a Regidor/a del Districte
1532;FER MARXA ENRERA DE MANERA IMPROCEDENT;HACER MARCHA ATRAS DE FORMA IMPROCEDENTE;Fer una maniobra de marxa enrere de forma improcedent.;-;2010-05-25;9999-12-31;81;RGC;200;M;0;Il.lm./a Sr./a Regidor/a del Districte
1533;AVANCAR PER LA DRETA;ADELANTAR POR LA DERECHA;Avancar per la dreta;-;2010-05-25;9999-12-31;82. 3;RGC;200;M;0;Il.lm./a Sr./a Regidor/a del Districte
1534;AVANCAR SENSE SENYALITZAR AMB ANTELACIO;ADELANTAR SIN SENALIZAR CON ANTELACION;Fer un avancament sense senyalitzar-lo amb antelacio.;-;2010-05-25;9999-12-31;84. 1;RGC;200;M;0;Il.lm./a Sr./a Regidor/a del Districte
1536;REINTEGRAR-SE AL CARRIL SENSE SENYALITZ;REINTEGRARSE AL CARRIL SIN SENALIZARLO;Reintegrar-se al carril despres de fer un avancament sense senyalitzar o no fer-ho de manera gradual.;-;2010-05-25;9999-12-31;85. 3;RGC;200;M;0;Il.lm./a Sr./a Regidor/a del Districte
1537;AVANCAR VEHIC 2/RODES SENSE 1.5 M MARGE FORA POBLAT;ADELANT VEHIC 2/RUEDAS SIN 1.5 M MARGEN FUERA POBLADO;Avancar un vehicle de dues rodes sense deixar 1,50 metres de marge lateral fora de poblat;-;2017-07-08;9999-12-31;85. 4;RGC;200;M;0;Il.lm./a Sr./a Regidor/a del Districte
1538;NO FACILITAR MANIOBRA AVANCAMENT;NO FACILITAR MANIOBRA DE ADELANTAMIENTO;No facilitar una maniobra d'avancament.;-;2010-05-25;9999-12-31;86. 2;RGC;200;M;0;Il.lm./a Sr./a Regidor/a del Districte
1539;NO UTILITZAR LLUMS CRUILLA CASOS OBLIGAT;NO UTILIZAR LUCES DE CRUCE CASOS OBLIGAT;No utilitzar llums d'encreuament en els casos obligatoris.;-;2010-05-25;9999-12-31;101. 1;RGC;200;M;0;Il.lm./a Sr./a Regidor/a del Districte
1541;UTILITZAR LLUMS BOIRA SENSE JUSTIFICACIO;UTILIZAR LUCES NIEBLA SIN JUSTIFICACION;Utilitzar el llum davanter/posterior de boira sense que hi hagi cap causa que ho justifiqui.;-;2010-05-25;9999-12-31;106. 2;RGC;200;M;0;Il.lm./a Sr./a Regidor/a del Districte
1542;CIRC LLUMS INADEQUAT PRODUINT ENCEGAMENT;CIRC LUCES INADECUA PRODUCIENDO DESLUMBR;Circular amb enllumenat inadequat i produir enlluernament.;-;2010-05-25;9999-12-31;102. 1;RGC;200;M;0;Il.lm./a Sr./a Regidor/a del Districte
1543;NO PORTAR IL.LUMINADA LA PLACA MATRICULA;NO LLEVAR ILUMINADA LA PLACA MATRICULA;No portar il.luminada la placa de matricula o un altre dispositiu reglamentari.;-;2010-05-25;9999-12-31;103;RGC;60;M;0;Il.lm./a Sr./a Regidor/a del Districte
1544;CIRC MOTO DE DIA SENSE LLUMS ENCESOS;CIRC MOTO DE DIA SIN LUCES ENCENDIDAS;Circular durant el dia amb una motocicleta sense portar encesos els llums reglamentaris.;-;2010-05-25;9999-12-31;104. A;RGC;200;M;0;Il.lm./a Sr./a Regidor/a del Districte
1545;CIRC PER CARRILS REVERS SENSE LLUMS REGL;CIRC POR CARRILES REVERS SIN LUCES REGL;Circular per carrils reversibles en sentit contrari a la circulacio sense portar encesos els llums reglamentaris.;-;2010-05-25;9999-12-31;104. B;RGC;200;M;0;Il.lm./a Sr./a Regidor/a del Districte
1546;FRENAR EL VEHICLE SENSE SENYALS REGLAMEN;FRENAR EL VEHICULO SIN SENALES REGLAMENT;No advertir la intencio de frenar el vehicle amb els senyals reglamentaris, sempre que sigui possible.;-;2002-01-01;9999-12-31;109.2 C;RGC;60;M;0;Il.lm./a Sr./a Regidor/a del Districte
1547;NO ATURAR MOTOR VEHICLE LLOC TANCAT;NO PARAR MOTOR VEHICULO LUGAR CERRADO;No parar el motor d'un vehicle en un lloc tancat sempre que s'hi aturi mes de dos minuts.;-;2010-05-25;9999-12-31;115. 2;RGC;200;E;0;Il.lm./a Sr./a Regidor/a del Districte
1548;NO ATURAR MOTOR VEH DURANT CARGA COMBUST;NO PARAR MOTOR VEH DURANTE CARGA COMBUST;No parar el motor d'un vehicle durant la carrega de combustible.;-;2010-05-25;9999-12-31;115. 3;RGC;200;E;0;Il.lm./a Sr./a Regidor/a del Districte
1549;NO UTILITZAR CASC HOMOLOGAT I CERTIFICAT CONDUCTOR;NO UTILIZAR CASCO HOMOLOGADO/CERTIFICADOCONDUCTOR;No utilitzar el conductor casc de proteccio homologat i certificat.;-;2022-03-21;9999-12-31;118. 1;RGC;200;M;4;Il.lm./a Sr./a  Regidor/a de Mobilitat
1550;NO UTILITZAR ADEQUADAMENT CASC PROTECCIO CONDUCTOR;NO UTILIZAR ADECUADAMENTE CASCO PROTECCION CONDUCTOR;No utilitzar el conductor adequadament el casc de proteccio (especifiqueu-ne l'us inadequat).;-;2022-03-21;9999-12-31;118. 1;RGC;200;M;4;Il.lm./a Sr./a  Regidor/a de Mobilitat
1551;CIRCUL ANIMALS SENSE CONDUCTOR S/PERILL;CIRCUL ANIMALES SIN CONDUCTOR S/PELIGRO;Circular animals de tir, de carrega, de sella o bestiar sense conductor.;-;2002-01-01;9999-12-31;127. 1;RGC;60;M;0;Il.lm./a Sr./a Regidor/a del Districte
1553;NO AJUDAR RESTABLIR TRANSIT EN ACCIDENT;NO AYUDAR RESTABLEC TRAFICO EN ACCIDENTE;No esforcar-se, la persona implicada en un accident de transit, en restablir o mantenir la seguretat de la circulacio;No esfozarse, la persona implicada en un accidente de trafico, en restablecer o mantener la seguridad de la circulacion;2022-09-10;9999-12-31;129. 2;RGC;200;M;0;Il.lm./a Sr./a Regidor/a del Districte
1556;NEGAR-SE DONAR DADES IMPLICAT EN ACCIDEN;NEGARSE A DAR DATOS IMPLICADO EN ACCIDEN;Negar-se, una persona implicada en un accident, a facilitar les seves dades.;-;2010-05-25;9999-12-31;129.2 F;RGC;200;M;0;Il.lm./a Sr./a Regidor/a del Districte
1558;NO OBEIR ELS SENYALS DELS BALISAMENTS;NO OBEDECER SENALES DE BALIZAMIENTO;No obeir senyals d'ABALISAMENT;-;2003-05-21;9999-12-31;144. 2;RGC;90;M;0;Il.lm./a Sr./a Regidor/a del Districte
1559;NO OBEIR SEMAFOR VERMELL QUADRAT/CARRIL;NO OBEDECER SEMAFOR ROJO CUADRADO/CARRIL;No obeir el LLUM VERMELL en forma d'aspa d'un semafor quadrat o de carril.;-;2010-05-25;9999-12-31;147.A;RGC;200;M;0;Il.lm./a Sr./a Regidor/a del Districte
1560;NO OBEIR SEMAFOR RESERVAT DETERM VEHICLE;NO OBEDECER SEMAF RESERV DETERMIN VEHIC;No obeir el senyal d'un semafor reservat a determinats vehicles;-;2010-05-25;9999-12-31;148;RGC;200;M;0;Il.lm./a Sr./a Regidor/a del Districte
1561;NO OBEIR SENYAL DE RESTRICCIO DE PAS;NO OBEDECER SENAL DE RESTRICCION DE PASO;No obeir un senyal de RESTRICCIO DE PAS;-;2003-05-21;9999-12-31;153;RGC;90;M;0;Il.lm./a Sr./a Regidor/a del Districte
1562;NO OBEIR MARQUES GROGUES;NO OBEDECER MARCAS AMARILLAS;No obeir MARQUES GROGUES;-;2002-01-01;9999-12-31;171;RGC;60;E;0;Il.lm./a Sr./a Regidor/a del Districte
1563;NO OBEIR SENYALS HORITZONTALS CIRCULACIO;NO OBEDECER SENALES HORIZONT CIRCULACION;No obeir SENYALS HORITZONTALS de circulacio;-;2002-01-01;9999-12-31;169;RGC;60;M;0;Il.lm./a Sr./a Regidor/a del Districte
1564;NO OBEIR MARQUES HORITZONTALS CIRCULACIO;NO OBEDECER MARCAS HORIZONTALES CIRCULAC;No obeir MARQUES HORITZONTALS de circulacio (FLETXES DEL PAVIMENT).;-;2019-08-29;9999-12-31;169-d;RGC;60;M;0;Il.lm./a Sr./a Regidor/a del Districte
1565;NO RESPECT LINIA DETENCIO SEMAF VERMELL;NO RESPET LINEA DETENCION SEMAFORO ROJO;No aturar-se davant la linia de detencio mes proxima al semafor amb llum vermell.;-;2003-05-21;9999-12-31;146. 1;RGC;90;M;0;Il.lm./a Sr./a Regidor/a del Districte
1566;CIRC PER ZONA EXCLOSA AMB ZEBRAT/LIN CON;CIRC POR ZONA EXCL CON CEBRADO/LINEA CON;Travessar per una zona exclosa a la circulacio (RATLLAT ZEBRAT) emmarcada amb una linia continua.;-;2002-01-01;9999-12-31;170;RGC;60;M;0;Il.lm./a Sr./a Regidor/a del Districte
1567;CIRCULAR MARXA ENRERA EN CRUILLA;CIRCULAR MARCHA ATRAS EN CRUCE;Circular marxa enrere en un encreuament.;-;2010-05-25;9999-12-31;80. 2;RGC;200;M;0;Il.lm./a Sr./a Regidor/a del Districte
1569;CANVI DE SENTIT PROHIBIT S/P;CAMBIO DE SENTIDO PROHIBIDO S/P;Fer un canvi de sentit de la marxa alla on alguna norma ho prohibeixi;-;2010-05-25;9999-12-31;79. 1;RGC;200;M;0;Il.lm./a Sr./a Regidor/a del Districte
1570;CANVI SENTIT DE LA MARXA AMB PERILL;CAMBIO SENTIDO DE LA MARCHA CON PELIGRO;Fer un canvi de sentit de la marxa amb perill.;-;2022-03-23;9999-12-31;78. 1;RGC;200;M;0;Il.lm./a Sr./a  Regidor/a de Mobilitat
1571;CIRC SENSE ENLLUMENAT REGLAMENT ENCES;CIRC SIN ALUMBRADO REGLAMENT ENCENDID;Circular sense llums reglamentaris encesos en situacions de falta o disminucio de visibilitat;-;2010-05-25;9999-12-31;101. 1;RGC;200;M;0;Il.lm./a Sr./a Regidor/a del Districte
1572;CIRC SENSE ENLLUMENAT REGLAMENT ENCES AMB PERILL;CIRC SIN ALUMBRADO REGLAMENT ENCENDIDO CON PELIGRO;Circular sense els llums reglamentaris encesos en situacions de falta o disminucio de visibilitat, amb perill.;-;2010-05-25;9999-12-31;101. 1;RGC;200;M;0;Il.lm./a Sr./a Regidor/a del Districte
1573;NO RESPECTAR PRIORITAT CICLISTES;NO RESPETAR PRIORIDAD CICLISTAS;No respectar la prioritat de pas dels ciclistes que circulen per un carril bici, un pas de ciclistes o un voral degudament senyalitzats.;-;2010-05-25;9999-12-31;64. A;RGC;200;M;0;Il.lm./a Sr./a Regidor/a del Districte
1574;GIRAR SENSE DONAR PRIORITAT CICLISTES;GIRAR SIN DAR PRIORIDAD A CICLISTAS;Girar amb el vehicle per entrar en una altra via sense donar prioritat de pas als ciclistes que hi circulen.;-;2010-05-25;9999-12-31;64. B;RGC;200;M;0;Il.lm./a Sr./a Regidor/a del Districte
1575;NO RESPECTA PRIORITAT GRUP CICLISTA;NO RESPETA PRIORIDAD GRUPO CICLISTA;No respectar la prioritat de pas dels ciclistes que circulen en grup i quan el primer hagi iniciat ja el creuament o hagi entrat en una glorieta.;-;2010-05-25;9999-12-31;64. C;RGC;200;M;0;Il.lm./a Sr./a Regidor/a del Districte
1576;AVANCAR BICI / CICLOM POSANT PERILL CICLIST SENTIT CONTRARI;AVANZAR BICI/CICLO PONIENDO PELIGRO CICLIST SENTIDO CONTRARI;Avancar un vehicle a bicicleta o ciclomotor posant en perill o entorpint a ciclistes que circulen en sentit contrari, inclos arcen;-;2022-03-21;9999-12-31;85. 4;RGC;200;M;4;Il.lm./a Sr./a  Regidor/a de Mobilitat
1577;AVANCAR INTERSECCIO AMB VIA CICLISTES;ADELANTAR INTERSEC CON VIA CICLISTAS;Avancar en una interseccio amb vies per a ciclistes.;-;2010-05-25;9999-12-31;87.1 B;RGC;200;M;0;Il.lm./a Sr./a Regidor/a del Districte
1579;NO APAGA RADIO-MOBIL CARREG COMBUSTIB;NO APAGA RADIO-MOV CARGANDO COMBUSTIB;No apagar la radio d'un vehicle o el telefon mobil durant la carrega de combustible.;-;1900-01-03;9999-12-31;115. 4;RGC;60;M;0;Il.lm./a Sr./a Regidor/a del Districte
1580;CANVI SENTIT TUNEL/PAS INFERIOR;CAMBIO SENTIDO TUNEL/PASO INFERIOR;Fer un canvi de sentit de la marxa en un tunel o un pas inferior.;-;2010-05-25;9999-12-31;79. 1;RGC;200;M;0;Il.lm./a Sr./a Regidor/a del Districte
1581;MARXA ENRERA EN TUNEL O PAS INFERIOR;MARCHA ATRAS EN TUNEL/PASO INFERIOR;Fer una maniobra de marxa enrere de forma improcedent en un tunel o pas inferior.;-;2010-05-25;9999-12-31;95. 6;RGC;200;M;0;Il.lm./a Sr./a Regidor/a del Districte
1582;AVANCAR SENSE ESPAI SUFICIENT LATERAL;ADELANTAR SIN ESPACIO SUFICIENTE LATE;Avancar sense deixar espai suficient entre els dos vehicles lateralment per fer la maniobra amb seguretat.;-;2010-05-25;9999-12-31;85. 1;RGC;200;M;0;Il.lm./a Sr./a Regidor/a del Districte
1583;NO RESPECTA PRIORITAT CICLISTA AMB PERILL;NO RESPETA PRIORIDAD CICLISTA CON PELIGRO;No respectar la prioritat de pas dels ciclistes amb perill.;-;2022-03-21;9999-12-31;64;RGC;200;M;4;Il.lm./a Sr./a  Regidor/a de Mobilitat
1584;RETROCEDIR AMB PERILL EN VIA ON NO ES AUTORITZAT;RETROCEDER CON PELIGRO EN VIA DONDE NO ESTA AUTORIZADO;Retrocedir en una via on no estigui autoritzat amb perill.;-;2022-03-21;9999-12-31;80. 3;RGC;200;M;4;Il.lm./a Sr./a  Regidor/a de Mobilitat
1585;CONDUIR UTILITZANT TELEFON;CONDUCIR UTILIZANDO TELEFONO;Conduir un vehicle utilitzant dispositius de telefonia mobil.;-;2022-03-21;9999-12-31;18. 2;RGC;200;M;3;Il.lm./a Sr./a  Regidor/a de Mobilitat
1586;PARAR CONSTITUINT RISC A CIRCULACIO O VIANANTS AMB PERILL;PARAR CONSTITUYENDO RIESGO CIRCULACION/PEATONES CON PELIGRO;Parar de manera que constitueixi risc a la circulacio o als vianants amb perill.;-;2009-11-25;9999-12-31;94. 1;RGC;200;E;0;Il.lm./a Sr./a Regidor/a del Districte
1587;ESTACIONAR AMB RISC A CIRCULACIO/VIANANTS AMB PERILL;ESTACIONAR CON RIESGO A CIRCULACION/PEATONES CON PELIGRO;Estacionar de manera que constitueixi risc a la circulacio o als vianants amb perill.;-;2010-05-25;9999-12-31;94. 2;RGC;200;E;0;Il.lm./a Sr./a Regidor/a del Districte
1588;PARAR CARRIL TRANS PUBLIC GREU PERTORBACIO/RISC/PERILL;PARAR CARRIL TRANS PUBLIC GRAVE PERTURBAC/RIESGO/PELIGRO;Parar en carril destinat al transport public urba creant-hi greu pertorbacio, risc o perill.;-;2009-11-25;9999-12-31;94. 1;RGC;200;E;0;Il.lm./a Sr./a Regidor/a del Districte
1589;ESTACIONA CARRIL T PUBLIC GREU PERTORBACIO/RISC/PERILL;ESTACIONAR CARRIL T PUBLIC GRAVE PERTURBAC/RIESGO/PELIGRO;Estacionar en carril destinat al transport public urba creant-hi greu pertorbacio, risc o perill.;-;2010-05-25;9999-12-31;94. 2;RGC;200;E;0;Il.lm./a Sr./a Regidor/a del Districte
1590;NO UTILITZAR EL CINTURO DE SEGURETAT L'OCUPANT;NO UTILIZAR CINTURON DE SEGURIDAD EL OCUPANTE;Circular sense utilitzar, degudament cordats, el passatger d'un vehicle, el cinturo de seguretat;-;2010-05-25;9999-12-31;117. 1;RGC;200;M;0;Il.lm./a Sr./a Regidor/a del Districte
1591;CONDUIR UTILITZANT AURICULARS/CASCS;CONDUCIR UTILIZANDO AURICULARES/CASCOS;Conduir un vehicle a motor utilitzant auriculars connectats a aparells receptors o reproductors de so.;-;2022-03-21;9999-12-31;18. 2;RGC;200;M;3;Il.lm./a Sr./a  Regidor/a de Mobilitat
1592;CIRCULAR EN BICICLETA FORA DE CARRIL QUAN EXISTEIXI;CIRCULAR EN BICICLETA FUERA DE CARRIL CUANDO EXISTA;Circular en bicicleta per fora del carrils habilitats per a bicicletes o per fora de la calcada o via senyalitzada per la circulacio d'aquesta;-;2019-01-08;9999-12-31;71.T 2;OCVV;100;M;0;Il.lm./a Sr./a Regidor/a del Districte
1593;CIRCULAR O ROMANDRE EL VIANANT PEL CARRIL BICI;CIRCULAR O PERMANECER EL PEATON EN CARRIL BICI;Caminar o ocupar un vianant els carrils bici o travessar-los sense respectar la prioritat dels ciclistes;-;2019-01-08;9999-12-31;71.T 2;OCVV;100;M;0;Il.lm./a Sr./a Regidor/a del Districte
1594;NO RESPECTA BICICLETA LA PREFERENCIA DE PAS DE VIANANTS;NO RESPETA BICICLETA LA PREFERENCIA DE PASO DE PEATONES;Circular en bicicleta per carrers bici, zones de vianants i voreres habilitades sense respectar la preferencia dels vianants;-;2019-01-08;9999-12-31;10;OCVV;100;M;0;Il.lm./a Sr./a Regidor/a del Districte
1595;CIRCULAR BICICLETA A VELOCITAT INADEQUADA EN CARRIL BICI;CIRCULAR BICICLIETA A VELOCIDAD INADECUADAEN CARRIL BICI;Circular en bicicleta pel carril bici a una velocitat inadequada;-;2019-01-08;9999-12-31;10;OCVV;100;M;0;Il.lm./a Sr./a Regidor/a del Districte
1600;CIRCULAR BICICLETA VORERA MENYS 5 METRES I 3 M ESPAI LLIURE;CIRCULAR BICICLETA ACERA MENOS 5 M Y 3 M DE ESPACIO LIBRE;Circular en bicicleta per una vorera, andana o passeig de menys de 5 metres i 3 metres d'espai lliure;-;2019-01-08;9999-12-31;71.T 2;OCVV;100;M;0;Il.lm./a Sr./a Regidor/a del Districte
1601;NO RESPECTAR CONDICIO CIRCULACIO ESPAI RESERVAT VIANANTS;NO RESPETAR CONDICIONES CIRCULACION ESPACIO RESERVADO PEATON;Circular en bicicleta per zones de vianants i voreres habilitades a menys de 1 metre de les facanes o sense extremar les mesures respecte a la incorporacio de ciutadans dels immobles a la vorera;-;2019-01-08;9999-12-31;71.T 2;OCVV;100;M;0;Il.lm./a Sr./a Regidor/a del Districte
1603;CIRCULAR BICICLETA RECOLZAT EN UNA RODA O AGAFAT A VEHICLE;CIRCULAR BICICLETA APOYADO EN UNA RUEDA O COGIDO A VEHICULO;Circular en bicicleta recolzat nomes en una roda;-;2019-01-08;9999-12-31;71.T 2;OCVV;100;M;0;Il.lm./a Sr./a Regidor/a del Districte
1605;NO RESPECTAR VEHICLE MOTOR DISTANCIA SEGURETAT A BICICLETA;NO RESPETAR VEHICULO MOTOR DISTANCIA SEGURIDAD A BICICLETA;Circular un vehicle darrera d'una bicicleta sense respectar la distancia de seguretat prudencial i proporcional a la velocitat de com a minim de 3 metres;-;2019-01-08;9999-12-31;71.T 2;OCVV;100;M;0;Il.lm./a Sr./a Regidor/a del Districte
1606;CIRCULAR BICICLETA SENSE TIMBRE LLUMS O REFLECTANTS;CIRCULAR BICICLETA SIN TIMBRE LUCES O REFLECTANTES;Circular en bicicleta sense dur els elements que permetin la seva correcta visualitzacio pels vianants i conductors;-;2019-01-08;9999-12-31;71.T 2;OCVV;100;M;0;Il.lm./a Sr./a Regidor/a del Districte
1607;CIRCULAR BICICLETA AMB REMOLC NO HOMOLOGAT;CIRCULAR BICICLETA CON REMOLQUE NO HOMOLOGADO;Circular en bicicleta transportant carrega, animals o mercaderies, utilitzant remolcs, semiremolcs, semi bicis o altres elements sense homologar;-;2019-01-08;9999-12-31;71.T 2;OCVV;100;M;0;Il.lm./a Sr./a Regidor/a del Districte
1608;CIRCULAR BICI AMB MENOR 7 ANYS SENSE SEIENT HOMOLOGAT O CASC;CIRCULAR BICI CON MENOR 7 ANOS SIN ASIENTO HOMOLOGADO O CASC;Circular en bicicleta portant un menor de 7 anys sense seient homologat o sense cas homologat;-;2019-01-08;9999-12-31;71.T 2;OCVV;100;M;0;Il.lm./a Sr./a Regidor/a del Districte
1609;ESTACIONAR BICICLETA EN LLOC NO AUTORITZAT;ESTACIONAR BICICLETA EN LUGAR NO AUTORIZADO;Estacionar una bicicleta i lligar-la en llocs no autoritzats;-;2019-01-08;9999-12-31;71.T 2;OCVV;100;E;0;Il.lm./a Sr./a Regidor/a del Districte
1614;NO RESPECTAR EL VIANANT LLUM VERMELLA SEMAFOR AMB PERILL;NO RESPETAR EL PEATON LA LUZ ROJA DE UN SEMAFORO CON PELIGRO;No respectar el vianant llum vermella semafor amb perill;No respetar el peaton la luz roja de un semaforo con peligro;2018-01-11;9999-12-31;145.A;RGC;90;M;0;Il.lm./a Sr./a Regidor/a del Districte
1615;CANVI DIRECCIO AMB PERILL;CAMBIO DIRECCIO CON PELIGRO;Fer un canvi de direccio amb perill;-;2022-12-19;9999-12-31;76. 1;RGC;200;M;0;Il.lm./a Sr./a  Regidor/a de Mobilitat
1616;CIRCULAR EN UNA BICICLETA MES PERSONES DE LES PERMESES;CIRCULAR EN UNA BICICLETA MAS PERSONAS DE LAS PERMITIDAS;Circular en una bicicleta un numero de persones superior al que per construccio pot transportar;-;2019-01-08;9999-12-31;71.T 2;OCVV;100;M;0;Il.lm./a Sr./a Regidor/a del Districte
1617;CONDUIR BICI/VMP/CICLE AMB AURICULARS CONNECTATS APARELLS;CONDUCIR BICI/VMP/CICLO CON AURICULARES CONECTADOS APARATOS;Conduir una BICI/VMP/CICLE utilitzant auriculars connectats a aparells receptors o reproductors de so.;-;2017-07-01;9999-12-31;18. 2;RGC;200;M;0;Il.lm./a Sr./a Regidor/a del Districte
1618;CONDUIR BICI/VMP/CICLE UTILITZANT TELEFONIA MOBIL;CONDUCIR BICI/VMP/CICLO UTILIZANDO TELEFONIA MOBIL;Conduir una BICI/VMP/CICLE utilitzant dispositius de telefonia mobil.;Conducir una BICI/VMP/CICLO utilizando dispositivos de telefonia movil.;2017-07-01;9999-12-31;18. 2;RGC;200;M;0;Il.lm./a Sr./a Regidor/a del Districte
1619;DESOB VIANANT/ CONDUC /BICI/VMP/CICLE AGENT/SENYAL AMB PERIL;DESOB PEATON /CONDUC BICI/VMP/CICLO, AGENTE/SENAL CON PELIGR;Desobeir el vianant o conductor d'una bicicleta/vehicle mobilitat personal (VMP) els SENYALS i/o les ORDRES D'UN AGENT que regula la circulacio AMB PERILL.;-;2017-07-01;9999-12-31;56. 2;RGC;200;M;0;Il.lm./a Sr./a Regidor/a del Districte
1620;CONDUIR UTILITZANT MANUALMENT NAVEGADORS;CONDUCIR UTILIZANDO MANUALMENTE NAVEGADORES;Conduir utilitzant manualment navegadors;-;2022-03-23;9999-12-31;18. 2;RGC;200;M;3;Il.lm./a Sr./a  Primer Tinent/a d'Alcaldia.
1621;NO UTILITZAR PASSATGER CASC CICLOMOTOR RESPON CONDUCTOR;NO UTILIZAR PASAJERO CASCO CICLOMOTOR RESPONDE CONDUCTOR;No utilitzar el passatger casc de proteccio circulant en ciclomotor.;-;1900-01-03;9999-12-31;118. 1;RGC;200;M;0;Il.lm./a Sr./a Regidor/a del Districte
1622;NO UTILITZAR PASSATGER CASC MOTOCICLETA RESPON CONDUCTOR;NO UTILIZAR PASAJERO CASCO MOTOCICLETA RESPONSABLE CONDUCT;No utilitzar el passatger casc de proteccio circulant en motocicleta.;-;1900-01-03;9999-12-31;118. 1;RGC;200;M;0;Il.lm./a Sr./a Regidor/a del Districte
1623;NO UTILITZAR CASC PASSATGER 3/4 RODES RESPONSABLE CONDUCTOR;NO UTILIZAR CASCO PASAJERO 3/4 RUEDAS RESPONSABLE CONDUCTOR;"No utilitzar el passatger casc de proteccio circulant en vehicles de tres rodes o quadricicles, o vehicles especials tipus \\""\""\""quad\""\""\""\"".""";-;1900-01-03;9999-12-31;118. 1;RGC;200;M;0;Il.lm./a Sr./a Regidor/a del Districte
1624;NO UTILITZAR PASSATGER CASC HOMOLOGAT I CERTIFICAT;NO UTILIZAR PASAJERO CASCO HOMOLOGADO Y CERTIFICADO;No utilitzar el passatger casc de proteccio homologat i certificat;-;1900-01-03;9999-12-31;118. 1;RGC;200;M;0;Il.lm./a Sr./a Regidor/a del Districte
1625;NO UTILITZAR ADEQUADAMENT PASSATGER CASC;NO UTILIZAR ADECUADAMENTE PASAJERO CASCO;No utilitzar el passatger adequadament el casc de proteccio circulant en motocicleta, ciclomotor o sidecar;-;1900-01-03;9999-12-31;118. 1;RGC;200;M;0;Il.lm./a Sr./a Regidor/a del Districte
1626;NO DEMANAR AUX SANITARI PER VICTIMES IMPLICAT EN ACCIDENT;NO PEDIR AUX SANITARIO PARA VICTIMAS IMPLICADO EN ACCIDENTE;No demanar auxili sanitari per a les victimes, en trobar-se implicat en un accident de circulacio;No pedir auxilio sanitario para las victimas, encontrandose implicadas en un accidente de circulacion;2022-09-10;9999-12-31;129;RGC;80;M;0;Il.lm./a Sr./a Regidor/a del Districte
1628;NO IMPEDIR LA CONDUCCIO A QUI MAI HA OBTINGUT PERMIS/LLICENC;NO IMPEDIR LA CONDUCCION A QUIEN NO HA OBTENIDO PERMISO/LICE;Incomplir l'obligacio d'impedir que el vehicle sigui conduit per qui mai ha obtingut el permis o llicencia de conduccio corresponent;-;2016-01-31;9999-12-31;76.V;LSV;200;M;0;Il.lm./a Sr./a Regidor/a del Districte
1629;CONDUIR VEHICLE SERV URGENT POSANT EN PERILL RESTAUSUARIS;CONDUCIR VEHICULO SERV URGENTE PONIENDO EN PELIGRO USUARIOS;Conduir un vehicle prioritari en servei urgent sense prendre les precaucions necessaries per no posar en perill a la resta d'usuaris.;-;1900-01-03;9999-12-31;68. 1;RGC;200;M;0;Il.lm./a Sr./a Regidor/a del Districte
1630;FER US SENYALS ACUSTICS SENSE MOTIU ESTABLERT;HACER USO SENALES ACUSTICAS SIN MOTIVO ESTABLECIDO;Fer us dels senyals acustics sense motiu reglamentariament establert.;-;1900-01-03;9999-12-31;110. 1;RGC;60;M;0;Il.lm./a Sr./a Regidor/a del Districte
1631;OBRIR PORTES VEHICLE SENSE CONSIDERAR EL PERILL QUE IMPLICA;ABRIR PUERTAS VEHICULO NO CONSIDERANDO PELIGRO QUE IMPLICA;Obrir les portes del vehicle sense haver-ne adonat previament de que no implica perill pels altres usuaris;-;1900-01-03;9999-12-31;114. 1;RGC;60;E;0;Il.lm./a Sr./a Regidor/a del Districte
1632;CONDUIR BICI/VMP/CICLE DE MANERA MANIFESTAMENT TEMERARIA;CONDUCIR BICI/VMP/CICLO MANERA MANIFIESTAMENTE TEMERARIA;Conduir una BICI/VMP/CICLE de manera manifestament temeraria.;-;2017-07-01;9999-12-31;3. 1;RGC;500;M;0;Il.lm./a Sr./a Regidor/a del Districte
1633;ENVAIR BICICLETA SENTIT CONTRARI CIRCULACIO AMB PERILL;INVADIR BICICLETA SENTIDO CONTRARIO CIRCULACION CON PELIGRO;Envair una bicicleta el sentit contrari de la circulacio amb perill.;-;1900-01-03;9999-12-31;29. 1;RGC;500;M;0;Il.lm./a Sr./a Regidor/a del Districte
1634;CIRCULAR BICICLETA PER PLACA/TOBADA VIES EN SENTIT CONTRARI;CIRCULAR BICICLETA EN ENCUENTRO VIAS EN SENTIDO CONTRARIO;Circular una bicicleta per una placa / glorieta / trobada de vies, en sentit contrari de l'estipulat.;-;1900-01-03;9999-12-31;43. 2;RGC;500;M;0;Il.lm./a Sr./a Regidor/a del Districte
1635;CIRCULAR BICICLETA SENTIT CONTRARI EN VIA VARIES CALCADES;CIRCULAR BICICLETA SENTIDO CONTRARIO EN VIA VARIAS CALZADAS;Circular una bicicleta en sentit contrari de l'estipulat en una via dividida en mes d'una calcada.;-;1900-01-03;9999-12-31;44. 1;RGC;500;M;0;Il.lm./a Sr./a Regidor/a del Districte
1636;FER GIR AMB BICICLETA CREANT PERILL ALS QUE S'ACOSTEN;GIRAR CON BICICLETA CREANDO PELIGRO A LOS QUE SE ACERCAN;Girar una bicicleta creant perill per als que s'acosten en sentit contrari.;-;1900-01-03;9999-12-31;74. 1;RGC;200;M;0;Il.lm./a Sr./a Regidor/a del Districte
1637;BICICLETA FENT CANVI DE SENTIT DE LA MARXA AMB PERILL;BICICLETA HACIENDO CAMBIO SENTIDO DE LA MARCHA CON PELIGRO;Fer una bicicleta un canvi de sentit de la marxa amb perill.;-;1900-01-03;9999-12-31;79. 1;RGC;200;M;0;Il.lm./a Sr./a Regidor/a del Districte
1639;BICI/VMP/CICLE NO OBEIR SENYAL CEDIU EL PAS/STOP CREANT RISC;BICI/VMP/CICLO NO RESPET SENAL CEDA PASO/STOP CREANDO RIESGO;No cedir una BICI/VMP/CICLE el pas en interseccio regulada amb senyal de CEDIU EL PAS O STOP obligant a la resta de conductor a fer maniobres brusques AMB RISC DE COL.LISIO.;-;2017-07-01;9999-12-31;56. 5;RGC;200;M;0;Il.lm./a Sr./a Regidor/a del Districte
1640;CIRCULAR VEHICLE INCOMPLEIX CONDIC TEC AFECTANT SEGURET VIAL;CIRCULAR VEHICULO INCUMPLE CONDIC TEC AFECTAND SEGURID VIAL;Circular amb un vehicle que incompleix les condicions tecniques que afecten greument la seguretat viaria;Circular con un vehiculo que incumple las condiciones tecnicas que afectan gravemente la seguridad vial;2017-09-19;9999-12-31;77.LL;LSV;500;M;0;Il.lm./a Sr./a Regidor/a del Districte
1642;CIRCULAR BICI PEDALEIG ASSISTIT INCOMP REQUISITIS/PEDAL ASS;CIRCULAR BICI PEDALEO ASISTIDO INCUMP REQUISITOS/PEDAL ASIS;Circular amb una bicicleta de pedals amb pedaleig assistit que no compleix amb els requisits exigits per normativa aplicacio (pedaleig assistit assimilable a vehicle a motor);Circular con una bicicleta de pedales con pedaleo asistido que no cumple con los requisitos exigidos por normativa de aplicacion (pedaleo asistido asimilable a vehiculo de motor);2021-04-22;9999-12-31;71.T 3.1d;OCVV;200;M;0;Il.lm./a Sr./a Regidor/a del Districte
1643;CIRCULAR BICI PEDALEIG ASSISTIT INCOMP REQUISITIS/POTEN SUP;CIRCULAR BICI PEDALEO ASISTIDO INCUMP REQUISITOS/POTEN SUP;Circular amb una bicicleta de pedals amb pedaleig assistit que no compleix amb els requisits exigits per normativa aplicacio (potencia superior a establerta per normativa, assimilable a vehicle a motor);Circular con una bicicleta de pedales con pedaleo asistido que no cumple con los requisitos exigidos por normativa de aplicacion (potencia superior a la establecida por normativa, asimilable a vehicle a motor);2021-04-22;9999-12-31;71.T 3.1d;OCVV;200;M;0;Il.lm./a Sr./a Regidor/a del Districte
1650;PORTAR MECANISME DETECCIO RADAR CINEMOMETRE;LLEVAR MECANISMO DETECCION RADAR CINEMOMETRO;Conduir un vehicle que portin mecanismes de deteccio de radars o cinemometres;-;2022-03-23;9999-12-31;13. 6;LSV;200;M;3;Il.lm./a Sr./a  Primer Tinent/a d'Alcaldia.
1651;CAIGUDA CARREGA MAL CONDICIONADA D'UN VEHICLE CREANT PERILL;CAIDA CARGA MAL CONDICIONADA DE UN VEHICULO CREANDO PELIGRO;Circular amb un vehicle la carrega del qual ha caigut a la via, pel seu mal condicionament, creant greu perill per a la resta dels usuaris;-;2016-01-31;9999-12-31;77.B;LSV;500;E;0;Il.lm./a Sr./a Regidor/a del Districte
1652;CIRCULAR INCOMPLINT CONDIC.D'AUTORITZACIO ADMVA QUE HABILITA;CIRCULAR INCUMPLIENDO CONDIC.DE AUTORIZACION ADM.QUE HABILIT;Circular amb vehicle que no tingui l'autoritzacio administrativa corresponent, amb autoritzacio que no sigui valida per no complir requisits exigits reglamentariament, o incomplint condicions autoritzacio administrativa que n'habilita circulacio;-;2016-01-31;9999-12-31;77.L;LSV;500;M;0;Il.lm./a Sr./a Regidor/a del Districte
1653;INSTAL.LAR INHIBIDOR RADAR/CINEMOMETRE/ALTRES MECANISMES;INSTALAR INHIBIDOR RADAR/CINEMOMETRO/OTROS MECANISMOS;Instal.lar inhibidors de radar  o cinemometres o d'altres mecanismes per interferir en correcte  funcionament sistemes  vigilancia de transit;-;2016-01-31;9999-12-31;77.P;LSV;3000;E;0;Il.lm./a Sr./a Regidor/a del Districte
1658;COMPLIMENTAR COMUNICAT ACCIDENT EN LLOC NO SEGUR;CUMPLIMENTAR COMUNICADO ACCIDENTE EN LUGAR NO SEGURO;Vehicle accidentat: complimentar el comunicat accident dins de la plataforma de circulacio i no fer-ho en un lloc segur fora de la via;Vehiculo accidentado: cumplimentar el comunicado de accidente en la plataforma de circulacion y no hacerlo en un lugar seguro fuera de la via;2021-06-10;9999-12-31;130. 5;RGC;200;E;0;Il.lm./a Sr./a Regidor/a del Districte
1659;DETENIR VEHICLE CREANT PERILL IMPLICAT ACCIDENT CIRCULACIO;DETENER VEHICULO CREANDO PELIGRO IMPLICADO ACCIDENTE CIRCULA;Detenir el vehicle de manera que crea un nou perill per a la circulacio, en trobar-se implicat en un accident de circulacio;Detener el vehiculo de manera que crea un nuevo peligro para la circulacion, al encontrarse implicado en un accidente de circulacion;2022-04-27;9999-12-31;129.2A;RGC;200;M;0;Il.lm./a Sr./a Regidor/a del Districte
1660;NO RESPECTAR RESTRICCIONS ZONES BAIXES EMISSIONS;NO RESPETAR RESTRICCIONES ZONAS BAJAS EMISIONES;No respectar les restriccions de circulacio de les zones de baixes emissions;No respetar las restricciones de circulacion de las zonas de bajas emisiones;2022-05-10;9999-12-31;76. Z3;LSVZBE;200;M;0;Il.lm./a Sr./a Regidor/a del Districte
1661;NO RESPECTAR RESTRICCIONS PROTOCOLS ESPISODIS CONTAMINACIO;NO RESPETAR RESTRICCIONES PROTOCOLES ESPISODIOS CONTAMINACIO;No respectar les restriccions de circulacio derivades aplicacio dels protocols davant episodis de contaminacio;No respetar las restricciones de circulacion derivadas de la 'aplicacion de los protocolos en episodios de contaminacion;2023-08-09;9999-12-31;76. Z3;LSVZBE;260;M;0;Il.lm./a Sr./a Regidor/a del Districte
1665;NO FACILITAR IDENTITAT A AGENTS IMPLICAT ACCIDENT CIRCULACIO;NO FACILITAR IDENTIDAD A AGENTE IMPLICADO ACCIDENTE CIRCULAC;No facilitar la identitat als agents de l'autoritat, en trobar-se implicat en un accident de circulacio;No facilitar la identidad a los agentes de la autoridad, al encontrarse implicado en un accidente de circulacion;2022-05-14;9999-12-31;129.2B;RGC;200;M;0;Il.lm./a Sr./a Regidor/a del Districte
1666;NO COL.LABORAR AMB AGENTS IMPLICAT ACCIDENT CIRCULACIO;NO COLABORAR CON AGENTES IMPLICADO ACCIDENTE CIRCULACION;No col.laborar amb els agents de l'autoritat, en trobar-se implicat en un accident de circulacio;No colaborar con los agentes de la autoridad, al encontrarse implicado en un accidente de circulacion;2022-05-14;9999-12-31;129.2B;RGC;200;M;0;Il.lm./a Sr./a Regidor/a del Districte
1667;MODIFICAR ESTAT COSES IMPLICAT ACCIDENT CIRCULACIO;MODIFICAR ESTADO COSAS IMPLICADO ACCIDENTE CIRCULACION;Modificar l'estat de les coses i de les empremtes o altres proves que poden resultar utils per determinar responsabilitats, en trobar-se implicat en un accident de circulacio;Modificar el estado de las cosas y de las huellas u otras pruebas que pueden resultar utiles para determinar responsabilidades, al encontrarse implicado en un accidente de circulacion;2022-05-14;9999-12-31;129.2C;RGC;80;M;0;Il.lm./a Sr./a Regidor/a del Districte
1668;NO PRESTAR A VICTIMES AUXILI IMPLICAT ACCIDENT CIRCULACIO;NO PRESTAR A VICTIMAS AUXILIO IMPLICADO ACCIDENTE CIRCULACIO;No prestar a les victimes l'auxili que resulti mes adequat, en trobar-se implicat en un accident de circulacio;No prestar a las victimas el auxilio que resulte mas adecuado, al encontrarse implicado en un accidente de circulacion;2022-05-14;9999-12-31;129.2D;RGC;80;M;0;Il.lm./a Sr./a Regidor/a del Districte
1670;NO AVISAR AGENTS EN ACCIDENT AMB VICTIMES;NO AVISAR AGENTES EN ACCIDENTE CON VICTIMAS;No avisar als agents de l'autoritat, en trobar-se implicat en un accident de circulacio amb victimes;no avisar a los agentes de la autoridad, al encontrarse implicado en un accidente de circulacion con victimas;2022-05-15;9999-12-31;129.2E;RGC;80;M;0;Il.lm./a Sr./a Regidor/a del Districte
1671;ABANDONAR IMPLICAT EL LLOC ACCIDENT DE CIRCULACIO;ABANDONAR IMPLICADO EL LUGAR ACCIDENTE CIRCULACION;Abandonar el lloc de l'accident abans que arribin els agents, quan hi ha ferits o morts, trobant-s'hi implicat;Abandonar el lugar del accidente antes de que lleguen los agentes, cuando hay heridos, encontrandose implicado;2023-02-22;9999-12-31;129.2E;RGC;200;M;0;Il.lm./a Sr./a Regidor/a del Districte
1672;NO FACILITAR DADES VEHIICLE ACCIDENT A ALTRES PERSONES;NO FACILITAR DATOS VEHICULO ACCIDENTE A OTRAS PERSONAS;No facilitar les dades del vehicle a altres persones implicades en un accident de circulacio;No facilitar les dades del vehicle a altres persones implicades en un accident de circulacio;2022-05-15;9999-12-31;129.2G;RGC;200;M;0;Il.lm./a Sr./a Regidor/a del Districte
1673;NO AUXILIAR VICTIMA ACCIDENT USUARI NO IMPLICAT;NO AUXILIAR VICTIMA ACCIDENTE USUARIO NO IMPLICADO;No auxiliar o no sol.licitar l'auxili necessari per a les victimes d'un accident de circulacio depres d'adonar-se'n, un usuari de la via que no esta implicat en l'accident;No auxiliar o no solicitar el auxilio necesario para las victimas de un accidente de circulacion despues de darse cuenta, un usuario de la via que no esta implicado en el accidente;2022-05-17;9999-12-31;129. 3;RGC;80;M;0;Il.lm./a Sr./a Regidor/a del Districte
1674;DETENIR VEHICLE QUE CREA NOU PERILL EN ACCIDENT;DETENER VEHICULO QUE CREA NUEVO PELIGRO EN ACCIDENTE;Detenir el vehicle de manera que crea un nou perill per a la circulacio, un usuari de la via en adonar-se d'un accident de circulacio;Detener el vehiculo de manera que crea un nuevo peligro para la circulacion, un usuario de la via al darse cuenta de un accidente de circulacion;2022-05-17;9999-12-31;129. 3;RGC;80;M;0;Il.lm./a Sr./a Regidor/a del Districte
1675;NO FACILITAR IDENTITAT AGENTS TESTIMONI ACCIDENT CIRCULACIO;NO FACILITAR IDENTIDAD AGENTE TESTIGO ACCIDENTE CIRCULAC;No facilitar la identitat als agents de l'autoritat quan resulti necessari, un usuari de la via que adverteix un accident de circulacio;No facilitar la identidad a los agentes de la autoridad cuando resulte necesario, un usuario de la via que advierte un accidente de circulacion;2022-05-17;9999-12-31;129. 3;RGC;80;M;0;Il.lm./a Sr./a Regidor/a del Districte
1676;NO PRESTAR COLLABORACIO RESTABLIR SEGURETAT TESTIMONI ACCIDE;NO PRESTAR COLABORACION RESTABLECER SEGURIDAD TESTIGO ACCI;No prestar col.laboracio per restablir la seguretat del transit, un usuari de la via que adverteix un accident de circulacio;No prestar colaboracion para restablecer la seguridad del trafico, un usuario de la via que advierte un accidente de circulacion;2022-05-17;9999-12-31;129. 3;RGC;80;M;0;Il.lm./a Sr./a Regidor/a del Districte
1677;MODIFICAR ESTAT COSES USUARI TESTIMONI ACCIDENT CIRCULACIO;MODIFICAR ESTADO COSAS TESTIGO ACCIDENTE CIRCULACION;Modificar l'estat de les coses que poden resultar utils per determinar responsabilitats, un usuari de la via que adverteix un accident de circulacio;Modificar el estado de las cosas que pueden resultar utiles para determinar responsabilidades, un usuario de la via que advierte un accidente de circulacion;2022-05-17;9999-12-31;129. 3;RGC;80;M;0;Il.lm./a Sr./a Regidor/a del Districte
1678;NO AVISAR AGENTS TESTIMONI ADVERTEIX ACCIDENT CIRCUALCIO;NO AVISAR AGENTES TESTIGO OBSERVA ACCIDENTE CIRCULACION;No avisar als agents de l'autoritat un usuari de la via que adverteix un accident de circulacio amb victimes;No avisar a los agentes de la autoridad un usuario de la via que advierte un accidente de circulacion con victimas;2022-05-17;9999-12-31;129. 3;RGC;80;M;0;Il.lm./a Sr./a Regidor/a del Districte
1679;NO QUEDAR-SE AL LLOC TESTIMONI ACCIDENT AMB VICTIMES;NO QUEDARSE EN LUGAR TESTIGO  ACCIDENTE CON VICTIMAS;No quedar-se o no tornar al lloc on s'ha produit un accident amb victimes  fins que arribi l'autoritat, un usuari de la via que adverteix l'accident;No quedarse o no volver al lugar donde se ha producido un accidente con victimas hasta que llegue la autoridad, un usuario de la via que advierte el accidente;2022-05-17;9999-12-31;129. 3;RGC;80;M;0;Il.lm./a Sr./a Regidor/a del Districte
1680;NO COMUNICAR A AJUNT.AMB ANTERIORITAT INICI OBRES VIA PUBL.;NO COMUNICAR A AYUNT.CON ANTERIORIDAD INICIO OBRAS VIA PUBL.;No comunicar a l'Ajuntament amb anterioritat l'inici de les obres realitzades a la via publica;-;2016-01-31;9999-12-31;76.B;LSV;200;E;0;Il.lm./a Sr./a Regidor/a del Districte
1681;NO SEGUIR EL RESP.OBRES INSTRUC.DE L'AUTORIT.REF.A OBRES VP;NO SEGUIR EL RESP.OBRAS INSTRUC.DE LA AUTORID.REF.A OBRAS VP;No seguir el responsable de les obres les instruccions de l'autoritat referents a les obres realitzades a la via publica;-;2016-01-31;9999-12-31;76.B;LSV;200;E;0;Il.lm./a Sr./a Regidor/a del Districte
1682;NO SENYALITZAR OBRES D'ACORD NORMATIVA AMB RISC SEGURET.VIAR;NO SENALIZAR OBRAS SEGUN NORMATIVA CON RIESGO SEGURIDAD VIAL;No instal.lar senyalitzacio d'obres o fer-ho incomplint la normativa vigent, ficant en greu risc la seguretat vial;-;2016-01-31;9999-12-31;77.Ç?;LSV;3000;E;0;Il.lm./a Sr./a Regidor/a del Districte
1683;INCOMPLIR NORMES AUTORIT/FUNC.CENTRES ENSENYAMENT CONDUCCIO;INCUMPLIR NORMAS AUTORIZ/FUNC. CENTROS ENSENANZA CONDUCCION;Incomplir les normes sobre el regim d'autoritzacio i funcionament de centres d'ensenyament de conduccio o que suposi un impediment a les tasques d'inspeccio;-;2016-01-31;9999-12-31;77.Q;LSV;3000;E;0;Il.lm./a Sr./a Regidor/a del Districte
1684;CAUSAR DANYS VIA PER MASSA/DIMENSIO VEHICLE SENSE AUT.ADMIN.;CAUSAR DANOS VIA POR MASA/DIMENSION VEHICULOSIN AUT.ADMINIS;Causar destrosses a la infraestructura de la via, o alteracions de la circulacio degut a la massa o dimensions del vehicle, quan no es disposi de la corresponent autoritzacio administrativa o s'hagin incomplert les condicions de la mateixa;-;2016-01-31;9999-12-31;77.R;LSV;3000;E;0;Il.lm./a Sr./a Regidor/a del Districte
1685;NO VERIFICAR MATRICUL NO PRESENTIN OBSTACLES DIFICULT IDENTI;NO VERIFICAR MATRICUL NO PRESENTAN OBSTACUL DIFICULT IDENTI;Incomplir l'obligacio de tot conductor de verificar que les plaques  matricules del vehicle no presenten obstacles que impedeixen o dificultin la seva lectura i indentificacio;Incomplir la obligacion de todo conductor de verificar que las placas de  matriculas del vehiculo no presentan obstaculos que impiden o dificulain su lectura y indentificacion;2016-12-13;9999-12-31;76.P;LSV;200;M;0;Il.lm./a Sr./a Regidor/a del Districte
1686;AVANCAR A BICICLETA/CICLOMOTOR SENSE SEPARACIO MINIMA 1,5M;AVANZAR A BICICLETA/CICLOMOTOR SINE SEPARACION MINIMA 1,5M;Avancar un vehicle a bicicleta o ciclomotor sense deixar una amplada de seguretat d'almenys 1,5 metres;Avanzar un vehiculo a bicicleta o ciclomotor sin dejar una distancia de seguridad minima de 1,5 metres;2022-03-23;9999-12-31;35. 4;LSV;200;M;6;Il.lm./a Sr./a  Primer Tinent/a d'Alcaldia.
1687;CONDUIR , SUBJECTANT AMB LA MA TELEFON;CONDUCIR , SUJETANDO CON LA MANO TELEFONO;Conduir un vehicle subjectant amb la ma dispositius de telefonia mobil;Conducir un vehiculo sujetando con la mano dispositivos de telefonia movil;2022-03-23;9999-12-31;76;LSV;200;M;6;Il.lm./a Sr./a  Primer Tinent/a d'Alcaldia.
1688;CONDUIR MANTENINT TELEFON AJUSTAT ENTRE CASC I CAP;CONDUIR MANTENIENDO TELEFONO AJUSTADO ENTRE CASCO I CABEZA;Conduir un vehicle utilitzant dispositius de telefonia mobil mantenint-los ajustats entre el casc de proteccio i el cap de usuari;Conducir un vehiculo utilitzando dispositivos de telefonia movil mantenindolos ajustados entre el casco de proteccion y la cabeza del usuario;2022-03-23;9999-12-31;76;LSV;200;M;3;Il.lm./a Sr./a  Primer Tinent/a d'Alcaldia.
1689;INCOMPLIR NORMES MATERIA AUXILI A VIES PUBLIQUES;INCUMPLIR NORMAS MATERIA AUXILIO EN VIAS PUBLICAS;Incomplir les normes en materia d'auxili a les vies publiques;Incumplir las normas en materia de auxilio en las vias publicas;2022-05-17;9999-12-31;77. V;LSV;500;M;0;Il.lm./a Sr./a Regidor/a del Districte
1700;CIRCULAR BICICLETA SENTIT CONTRARI MARXA NO AUTORITZADA;CIRCULAR BICICLETA SENTIDO CONTRARIO MARCHA NO AUTORIZADA;Circular  en bicicleta en sentit contrari a la marxa quan ho prohibeixi senyal o tipus carrer;-;2019-01-08;9999-12-31;71.T 2;OCVV;100;M;0;Il.lm./a Sr./a Regidor/a del Districte
1701;CIRCULAR BICICLETA ENTRE 22H I 7H PER VORERA MENYS 4.75M;CIRCULAR BICICLETA ENTRE 22H I 7HPOR ACERA MENOS DE 4.75M;Circular en bicicleta entre les 22 i les 7 hores per una vorera, andana o passeig on l'amplada sigui inferior a 4,75 metres i 3 metres d'espai lliure.;-;2019-01-08;9999-12-31;71.T 2;OCVV;100;M;0;Il.lm./a Sr./a Regidor/a del Districte
1702;CIRCULAR BICICLETA POSSICIO NO ASSEGURA DILIGENT CONDUCCIO;CIRCULAR BICICLETA POSICION NO ASEGURA DILIGENTE CONDUCCION;No mantenir el conductor d'una bicicleta una posicio que asseguri la diligent conduccio;-;2019-01-08;9999-12-31;71.T 2;OCVV;100;M;0;Il.lm./a Sr./a Regidor/a del Districte
1703;CIRCULAR BICICLETA AGAFAT A VEHICLE EN MARXA;CIRCULAR BICICLETA COGIDO A VEHICULO EN MARCHA;Circular en bicicleta agafat a un vehicle en marxa;-;2019-01-08;9999-12-31;71.T 2;OCVV;100;M;0;Il.lm./a Sr./a Regidor/a del Districte
1704;CIRCULAR BICICLETA SENSE AGAFAR MANILLAR AMBDUES MANS;CIRCULAR BICICLETA SIN AMBAS MANOS EN EL MANILLAR;Circular en bicicleta sense agafar el manillar amb ambdues mans;-;2019-01-08;9999-12-31;71.T 2;OCVV;100;M;0;Il.lm./a Sr./a Regidor/a del Districte
1705;CIRCULAR BICICLETA FENT ZIG-ZAG ENTRE VEHICLES EN MARCHA;CIRCULAR BICICLETA ZIGZAGUEANDO ENTRE VEHICULOS EN MARCHA;Circular en bicicleta fent zig-zag entre vehicles en marxa;-;2019-01-08;9999-12-31;71.T 2;OCVV;100;M;0;Il.lm./a Sr./a Regidor/a del Districte
1706;CARREGAR OBJECTES A BICICLETA DIFICULTANT MANIOBRES O VISIO;CARGAR OBJETOS EN BICICLETA DIFICULTANDO MANIOBRAS O VISION;Carregar la bicicleta amb objectes que dificultin las maniobres o redueixin la visio;-;2019-01-08;9999-12-31;71.T 2;OCVV;100;M;0;Il.lm./a Sr./a Regidor/a del Districte
1707;CIRCULAR BICICLETA Z.HABILITADES AFECTANT SEGURETAT VIANANTS;CIRCULAR BICICLETA Z.HABILITADAS AFECTANDO SEG.PEATONES;Circular en bicicleta per zones de vianants i voreres habilitades realitzant maniobres que afecten a la seguretat dels vianants;-;2016-01-31;9999-12-31;76.M;LSV;200;M;0;Il.lm./a Sr./a Regidor/a del Districte
1708;TRAVESSAR PAS VIANANTS EN BICICLETA AFECTANT SEG.VIANANTS;CRUZAR PASO PEATONES EN BICICLETA AFECTANDO SEG. PEATONES;Circular en bicicleta sense reduir la velocitat quan es travessa un pas de vianants o sense prendre les precaucions necessaries per evitar situacions de conflicte amb els vianants;-;2019-01-08;9999-12-31;71.T 2;OCVV;100;M;0;Il.lm./a Sr./a Regidor/a del Districte
1709;CIRCULAR BICICLETA PARCS NO RESPECTANT PATRIMONI/MOB.URBA;CIRCULAR BICICLETA PARQUES NO RESPETANDO PATRIMONIO/MOB.;Circular en bicicleta pels parcs publics per sobre les zones enjardinades sense respectar patrimoni natural i mobiliari urba;-;2019-01-08;9999-12-31;71.T 2;OCVV;100;M;0;Il.lm./a Sr./a Regidor/a del Districte
1710;CIRCULAR BICICLETA PARCS NO RESPECTANT CONDICIONS CIRCULACIO;CIRCULAR BICICLETA PARQUES NO RESPETANDO CONDIC.CIRCULACION;Circular en bicicleta pels parcs publics sense respectar la senyalitzacio ni les vies ciclistes i itineraris de les zones pavimentades o de terra en cas d'existir;-;2019-01-08;9999-12-31;71.T 2;OCVV;100;M;0;Il.lm./a Sr./a Regidor/a del Districte
1711;NO RESPECTAR BICICLETA PREFERENCIA VIANANTS EN PARCS PUBLICS;NO RESPETAR BICICLETA PREFERENCIA PEATONES PARQUES PUBLICOS;Circular en bicicleta pels parcs publics sense respectar la preferencia dels vianants;-;2019-01-08;9999-12-31;71.T 2;OCVV;100;M;0;Il.lm./a Sr./a Regidor/a del Districte
1712;CIRCULAR BICICLETA ALS PARCS PER ZONES PROHIBIDES;CIRCULAR BICICLETA EN PARQUES POR ZONAS PROHIBIDAS;Circular en bicicleta per sobre parterres, zones amb vegetacio i zones expressament senyalitzades;-;2019-01-08;9999-12-31;71.T 2;OCVV;100;M;0;Il.lm./a Sr./a Regidor/a del Districte
1713;ESTACIONAR BICICLETA DAVANT ZONES ESTACIONAMENT RESERVATS;ESTACIONAR BICICLETA DELANTE ZONAS APARCAMIENTO RESERVADO;Estacionar una bicicleta davant de zones on hi hagi reserves d'estacionament per a persones amb mobilitat reduida/diversitat funcional , de carrega i descarrega a la calcada o de servei public, durant les hores de reserva;-;2019-01-08;9999-12-31;71.T 2;OCVV;100;E;0;Il.lm./a Sr./a Regidor/a del Districte
1714;ESTACIONAR BICICLETA A LA VORERA IMPEDINT PAS DE VIANANTS;ESTACIONAR BICICLETA EN ACERA IMPIDIENDO PASO DE PEATONES;Estacionar una bicicleta a la vorera quan s'impedeixi el pas dels vianants;-;2019-01-08;9999-12-31;71.T 2;OCVV;100;E;0;Il.lm./a Sr./a Regidor/a del Districte
1715;CIRCULAR BICICLETA ARRENDADA GRUPS DE 9 CARRER MENYS DE 10MT;CIRCULAR BICICLETA ALQUILADA GRUPOS DE 9 CALLE MENOS DE 10MT;Circular en bicicleta grups superiors a 9 persones, en carrers d'amplada inferior als 10 metres,  quan les bicicletes provinguin d'arrendament per persona fisica o juridica que exerceix una activitat de tipus turistic o d'oci amb anim de lucre;-;2019-01-08;9999-12-31;71.T 2;OCVV;100;M;0;Il.lm./a Sr./a Regidor/a del Districte
1716;CIRCULAR BICICLETA ARRENDADA GRUPS SUPERIOR A 15 PERSONES;CIRCULAR BICICLETA ALQUILADA GRUPOS SUPERIORES A 15 PERSONAS;Circular en bicicleta grups superiors a 15 persones, quan les bicicletes provinguin d'arrendament per persona fisica o juridica que exerceix una activitat de tipus turistic o d'oci amb anim de lucre;-;2019-01-08;9999-12-31;71.T 2;OCVV;100;M;0;Il.lm./a Sr./a Regidor/a del Districte
1717;PARAR O ESTACIONAR VEHICLE MOTOR A CARRILS/VIES BICI;PARAR O ESTACIONAR VEHICULO MOTOR EN CARRILS/VIAS BICI;Parar, o estacionar un vehicle als carrils bici, vies ciclistes.;Parar, o estacionar un vehiculo a los carriles bici, vias ciclistas;2022-03-22;9999-12-31;76. D;LSV;200;E;0;Il.lm./a Sr./a Regidor/a del Districte
1718;CIRCULAR VEHICLE MOTOR POSANT EN PERILL AL CONDUCTOR CICLE;CIRCULAR VEHICULO MOTOR PONIENDO EN PELIGRO CONDUCTOR CICLO;Circular un vehicle fent maniobres que impliquen posar en perill la integritat del conductor dels cicles i bicicletes.;-;2016-01-31;9999-12-31;76.M;LSV;200;M;0;Il.lm./a Sr./a Regidor/a del Districte
1719;CIRCULAR VEHICLE MOTOR ASSETJANT CONDUCTOR BICICLETA;CIRCULAR VEHICULO MOTOR ACOSANDO CONDUCTOR BICICLETA;Circular un vehicle realitzant maniobres assetjament a bicicleta  (distancies de seguretat, llums, claxon o altres, constitueixen un intent de modificar la trajectoria/marxa dins del carril de circulacio, o impliquen un risc;-;2016-01-31;9999-12-31;76.Ç?;LSV;200;M;0;Il.lm./a Sr./a Regidor/a del Districte
1720;CIRCULAR MOTOCICLETA O CICLOMOTOR A ZONES RESERVADES BICI;CIRCULAR MOTOCICLETA O CICLOMOTOR EN ZONAS RESERVADAS BICI;Circular pel carril bici i/o vies ciclistes amb motocicleta o ciclomotor;-;2019-01-08;9999-12-31;71.T 2;OCVV;100;M;0;Il.lm./a Sr./a Regidor/a del Districte
1721;CIRCULAR PER VORERA VMP O CICLE MES 2R TIPUS A/B/C1;CIRCULAR POR ACERA VMP O CICLO MAS 2R TIPO A/B/C1;Circular per la vorera amb un vehicle de mobilitat personal (VMP) o cicle de mes de dues rodes del tipus A, B o C1;-;2017-09-19;9999-12-31;71.T 3;OCVV;100;M;0;Il.lm./a Sr./a Regidor/a del Districte
1722;Circular VMP A/B per calcada vies/zones prohib;Circular VMP A/B por calzada vias/zonas prohib;Circular amb un vehicle de mobilitat personal (VMP) del tipus A o B per la calcada per vies o zones prohibides;Circular con un vehiculo de movlidad personal (VMP) del tipus A o B por la calzda por vias o zonas prohibidas;2017-09-19;9999-12-31;71.T 3.2d;OCVV;500;M;0;Il.lm./a Sr./a Regidor/a del Districte
1723;CIRCULAR PER PARC PUBLIC CICLE MES 2R TIPUS C1;CIRCULAR POR PARQ PUBLIC CICLO MAS 2R TIPO C1;Circular amb un cicle de mes de dues rodes del tipus C1 pels parcs publics;Circular con un ciclo de mas de dos ruedas del tipo C1 por los parques publicos;2019-07-18;9999-12-31;71.T 3.2d;OCVV;500;M;0;Il.lm./a Sr./a Regidor/a del Districte
1724;TRANSP VEHIC. MOB. PERS. NOMBRE PERSONS SUP AUTORI;TRANSP VEHI. MOV. PERS. NUMERO PERSON SUP AUTORI;Transportar en un vehicle de mobilitat personal (VMP) un nombre de persones superior al de places autoritzades;Transportar en un vehiculo de movilidad personal (VMP) un numero de personas superior a la de plazas autorizadas;2020-01-13;9999-12-31;9. 1;RGC;100;M;0;Il.lm./a Sr./a Regidor/a del Districte
1725;CIRCULAR CICLE MES 2R ENTRE 22H I 7H PER VORERA MENYS 4.75M;CIRCULAR CICLO MAS 2R ENTRE 22H I 7H POR ACERAA MENOS 4.75M;Circular amb un cicle de mes de dues rodes del tipus C2, entre les 22 i les 7 hores per una vorera, andana o passeig on l'amplada sigui inferior a 4,75 metres i 3 metres d'espai lliure;Circular amb un cicle de mes de dues rodes del tipus C2, entre les 22 i les 7 hores per una vorera, andana o passeig on l'amplada sigui inferior a 4,75 metres i 3 metres d'espai lliure;2017-07-24;9999-12-31;71.T 3;OCVV;100;M;0;Il.lm./a Sr./a Regidor/a del Districte
1730;Circular VMP/cicle mes 2r un menor de 16 anys;Circular VMP/ciclo mas 2r un menor de 16 anos;Circular un menor de 16 anys amb un vehicle de mobilitat personal (VMP) o cicle de mes de dues rodes;Circular un menor de 16 anos con un vehiculo de movilidad personal (VMP) o ciclo de mas de dos ruedas;2017-07-01;9999-12-31;71.T 3.1b;OCVV;200;M;0;Il.lm./a Sr./a Regidor/a del Districte
1731;Circula cicle mes 2r menor 18 anys transportant persones;Circular ciclo mas 2r menor 18 anos transportan personas;Circular un menor de 18 anys, transportant persones, amb un cicle de mes de dues rodes;Circular un menor de 18 anos, transportando personas, con un ciclo de mas de dos ruedas;2017-07-01;9999-12-31;71.T 3.1b;OCVV;200;M;0;Il.lm./a Sr./a Regidor/a del Districte
1732;Circular VMP/cicle mes 2r de forma temeraria;Citcular VMP/ciclo mas 2r de forma temeraria;Circular amb un vehicle de mobilitat personal (VMP) o amb el cicle de mes de dues rodes de forma temeraria;Circular con una vehiculo de movilidad personal (VMP) o ciclo de mas de dos ruedas de manera temeraria;2017-07-01;9999-12-31;71.T 3.2b;OCVV;500;M;0;Il.lm./a Sr./a Regidor/a del Districte
1733;Circular VMP/cicle mes 2r no respect la preferencia vianants;Circular VMP/ciclo mas 2r no respeta la preferencia peatones;Circular amb un vehicle de mobilitat personal (VMP) o cicle de mes de dues rodes, sense respectar la preferencia dels vianants;Circular con una vehiculo de movilidad personal (VMP) o ciclo de mas de dos ruedas, sin respetar la preferencia de los peatones;2017-07-01;9999-12-31;71.T 3;OCVV;100;M;0;Il.lm./a Sr./a Regidor/a del Districte
1734;Circular VMP/cicle mes 2r sense distancia 1m amb vianants;Circular VMP/ciclo mas 2r sin distancia 1m con viandantes;Circular amb un vehicle de mobilitat personal (VMP) o cicle de mes de dues rodes, sense mantenir una distancia de separacio minima d'un metre respecte de les persones vianants;Circular con una vehiculo de movilidad personal (VMP) o ciclo de mas de dos ruedas, sin mantenrr una distancia de separacion minima de un metro respecto de los peatones;2017-07-01;9999-12-31;71.T 3;OCVV;100;M;0;Il.lm./a Sr./a Regidor/a del Districte
1735;Circular VMP/cicle mes 2r no adequant la velocitat pas viana;Circular VMP/ciclo mas 2r no adecua la velocidad paso peaton;Circular amb un vehicle de mobilitat personal (VMP) o cicle de mes de dues rodes, sense adequar la velocitat al pas de les persones vianants;Circular con una vehiculo de movilidad personal (VMP) o ciclo de mas de dos ruedas, sin adecuar la velocidad al paso de los peatones;2017-07-01;9999-12-31;71.T 3;OCVV;100;M;0;Il.lm./a Sr./a Regidor/a del Districte
1736;Circular VMP/cicle mes 2r fent maniobres insegures;Circular VMP/ciclo mas 2r haciendo maniobras inseguras;Circular amb un vehicle de mobilitat personal (VMP) o cicle de mes de dues rodes, realitzant maniobres que afecten negativament la seguretat;Circular con una vehiculo de movilidad personal (VMP) o ciclo de mas de dos ruedas, realitzando maniobras que afectan negativamente la seguridad;2017-06-01;9999-12-31;71.T 3;OCVV;100;M;0;Il.lm./a Sr./a Regidor/a del Districte
1737;Circular VMP/cicle mes 2r sense manten 1m respecte les facan;Circular VMP/cicl mas 2r sin mantener 1m respecto fachada;Circular amb un vehicle de mobilitat personal (VMP) o cicle de mes de dues rodes, sense mantenir un metre de distancia minima respecte de la linia de facanes.;Circular con una vehiculo de movilidad personal (VMP) o ciclo de mas de dos ruedas, sin mantener un metro de distancia minima respecto de la linea de fachadas;2017-07-01;9999-12-31;71.T 3;OCVV;100;M;0;Il.lm./a Sr./a Regidor/a del Districte
1738;Circular VMP/cicle mes 2r amb aglomeracio de vianants;Circular VMP/ciclo mas 2r con aglomeracion de viandantes;Circular veh mob pers (VMP)/cicle mes dues rodes, en esp reserv vianants, sense suspend circul moments alta intensit o aglomer circul person, o quan no resulti possible mant un metre distanc, o circular linia recta durant cinc metr de manera contin;Circular veh mob pers (VMP)/cicle mes dues rodes, en esp reserv vianants, sense suspend circul moments d.alta intensit o aglomer circul person, o quan no resulti possible mant un metre distanc, o circular linia recta durant cinc metr de manera contin;2017-07-01;9999-12-31;71.T 3;OCVV;100;M;0;Il.lm./a Sr./a Regidor/a del Districte
1740;Circular VMP/cicle mes 2r sense timbre/llum/elements reflect;Circular VMP/cicle mas 2r sin timbre/luz/elementos reflectan;Circular amb un vehicle de mobilitat personal (VMP - excepte dels de tipus A) o cicle de mes de dues rodes, sense dur un timbre, llums i elements reflectants degudament homologats;Circular con una vehiculo de movilidad personal (VMP- excepto del de tipo A) o ciclo de mas de dos ruedas, sin llevar un timbre, luces y elementos reflectantes debidamente homologados;2017-07-01;9999-12-31;71.T 3;OCVV;100;M;0;Il.lm./a Sr./a Regidor/a del Districte
1741;Circular cicle mes 2r C2 a vorera/andana/passeig de -4,7;Circular ciclo mas 2r C2 en acera/anden /paseo de -4,7 m;Circular amb un cicle de mes de dues rodes del tipus C2, per les voreres, andanes i passeigs d'amplada inferior a 4,75m;Circular con un ciclo de mas de dos ruedas del tipo C2, por las aceras, andenes y paseos de anchura inferior a 4,75m;2017-07-01;9999-12-31;71.T 3.2d;OCVV;500;M;0;Il.lm./a Sr./a Regidor/a del Districte
1742;VMP/cicle mes 2r A/C2 platafor unica vianant amb veloc inad;VMP/ciclo mas 2r A/C2 platafor unica peaton con veloc inadec;Circular amb un vehicle de mobilitat personal (VMP) del tipus A o cicle de mes de dues rodes del tipus C2 per plataforma unica de vianants amb velocitat inadequada;Circular con un vehiculo de movilidad personal (VMP) del tipo A o ciclo de mas de dos ruedas del tipo C2 por plataforma unica de peatones con velocidad inadecuada;2017-07-01;9999-12-31;71.T 3.1a;OCVV;200;M;0;Il.lm./a Sr./a Regidor/a del Districte
1743;VMP/cicle mes 2r  A/B/C1/C2 sense respectar passos de vianan;VMP/ciclo mas 2r  A/B/C1/C2 sin respetar paso peatones;Circular amb un vehicle de mobilitat personal (VMP) del tipus A o B o cicle de mes de dues rodes del tipus C1 i C2 sense reduir la velocitat en els passos de vianants o passar un cop han estat vistos pels vehicles de la calcada;Circular con un vehiculo de movilidad personal (VMP) del tipo A o B o ciclo de mas de dos ruedas del tipo C1 iC2 sin reducir la velocidad en los pasos de peatones o pasar una vez han sido  vistos por los vehiculos de la calzada;2017-07-01;9999-12-31;71.T 3;OCVV;100;M;0;Il.lm./a Sr./a Regidor/a del Districte
1744;Circul VMP/cicle mes 2r A/B/C1/C2 platafor unica veloc inade;Circul VMP/ciclo mas 2r A/B/C1/C2 platafor unica veloc inade;Circular amb un vehicle de mobilitat personal (VMP) del tipus A, B o cicle de mes de dues rodes del tipus C1 i C2 per una via de plataforma unica amb velocitat inadequada;circular con un vehiculo de movilidad personal (VMP) del tipo A o B o ciclo de mas de dos ruedas del tipo C1 i C2 por una via de plataforma unica con velocidad inadecuada;2017-07-01;9999-12-31;71.T 3.1a;OCVV;200;M;0;Il.lm./a Sr./a Regidor/a del Districte
1745;VMP/cicle mes 2r C1/C2 per plataforma unica en sentit contra;VMP/ciclo mas 2r C1/C2 por plataforma unica sentido contra;Circular amb un cicle de mes de dues rodes del tipus C1 o C2 per una via de plataforma unica en el sentit contrari al senyalitzat;Circular con un ciclo de mas de dos ruedas del tipo C1 o C2 por una via de plataforma unica en el sentido contario al senalizado;2017-07-01;9999-12-31;71.T 3;OCVV;100;M;0;Il.lm./a Sr./a Regidor/a del Districte
1746;VMP/cicle mes 2r B/C1/C2 per carrilbici no segreg veloc inad;VMP/cicle mas 2r B/C1/C2 por carrilbici no segreg veloc ina;Circular amb un vehicle de mobilitat personal (VMP) de tipus B o cicle de mes de dues rodes del tipus C1 o C2 per un carril bici no segregat de espai de vianants amb velocitat inadequada;Circular con un vehiculo de movilidad personal (VMP) de tipo B o ciclo de mas de dos ruedas del tipo C1 o C2 por un carril bici no segregado del espacio de los peatones con velocidad inadecuada;2017-07-01;9999-12-31;71.T 3.1a;OCVV;200;M;0;Il.lm./a Sr./a Regidor/a del Districte
1747;VMP/cicle mes 2r A/B/C1/C2 per carril bici segreg veloc inad;VMP/ciclo mas 2r A/B/C1/C2 por carril bici segreg veloc inad;Circular amb un vehicle de mobilitat personal (VMP) del tipus A o B o cicle de mes de dues rodes del tipus C1 o C2 per un carril bici segregat de espai dels vianants amb velocitat inadequada;Circular con un vehiculo de movilidad personal (VMP) de tipo A o B o ciclo de mas de dos ruedas del tipo C1 o C2 por un carril bici segregado del espacio de los peatones con velocidad inadecuada;2017-07-01;9999-12-31;71.T 3.1a;OCVV;200;M;0;Il.lm./a Sr./a Regidor/a del Districte
1748;Circul VMP/cicle mes 2r A/B/C1/C2 calcad zona 30 veloc inad;Circul VMP/ciclo mas 2r A/B/C1/C2 calzada zona 30 veloc inad;Circular amb un vehicle de mobilitat personal (VMP) del tipus A o B o cicle de mes de dues rodes del tipus C1 o C2 per calcada zona 30 amb velocitat inadequada;Circular con un vehiculo de movilidad personal (VMP) del tipo A o B o ciclo de mas de dos ruedas del tipo C1 o C2 por calzada zona 30 con velocidad inadecuada;2017-07-01;9999-12-31;71.T 3.1a;OCVV;200;M;0;Il.lm./a Sr./a Regidor/a del Districte
1749;VMP A calcada zona30 carril bici en sentit cont;VMP A calzada zona30 carril bici en sentid cont;Circular amb un vehicle de mobilitat personal (VMP) del tipus  A per calcada zona 30 pel carril bici en el sentit contrari de la circulacio;Circular con un vehiculo de movilidad personal (VMP) del tipo  A por calzada zona 30 por el carril bici en el sentido contario de la circulacio;2017-07-01;9999-12-31;71.T 3;OCVV;100;M;0;Il.lm./a Sr./a Regidor/a del Districte
1750;VMP/cicle mes 2r B/C1/C2 calcada zona30/c bici sentit contra;VMP/ciclo mas 2r B/C1/C2 calzada zona30/c bici sentid contra;Circular amb un vehicle de mobilitat personal (VMP) del tipus B o cicle de mes de dues rodes del tipus C1 o C2 per calcada zona 30 o pel carril bici en el sentit contrari de la circulacio;Circular con un vehiculo de movilidad personal (VMP) del tipo B o ciclo de mas de dos ruedas del tipo C1 o C2 por calzada zona 30 o por el carril bici en el sentido contario de la circulacio;2017-07-01;9999-12-31;71.T 3;OCVV;100;M;0;Il.lm./a Sr./a Regidor/a del Districte
1751;Circular cicle mes 2r C1/C2 per calcada vies/zona prohib;Circular ciclo mas 2r C1/C2 por calzada vias/zona prohib;Circular amb un cicle de mes de dues rodes del tipus C1 o C2 per calcada pervies o zones prohibides;Circular con un ciclo de mas de dos ruedas del tipo C1 o C2 por calzada por vias o zonas prohibidas;2017-07-01;9999-12-31;71.T 3.2d;OCVV;500;M;0;Il.lm./a Sr./a Regidor/a del Districte
1752;Circul cicle mes 2r C1/C2 per zona prohibida veloc inade;Circul ciclo mas 2r C1/C2 por zona prohibida veloc inade;Circular amb un cicle de mes de dues rodes del tipus C1 o C2 per la calcada per vies amb velocitat inadequada;Circular con un ciclo de mas de dos ruedas del tipo C1 o C2 por la calzada con velocidad inadecuada;2017-07-01;9999-12-31;71.T 3.1a;OCVV;200;M;0;Il.lm./a Sr./a Regidor/a del Districte
1753;Cicle mes 2r C1/C2 per zones prohibides en sentit contra;Ciclo mas 2r C1/C2 por zona prohibida en sentido contra;Circular amb un cicle de mes de dues rodes del tipus C1 o C2 per la calcada per vies o zones prohibides en el sentit contrari de la senyalitzacio;Circular con un ciclo de mas de dos ruedas del tipo C1 o C2 por la calzada por vias o zones prohibides en el sentido contario de la senalizacion;2017-09-26;9999-12-31;71.T 3.2d;OCVV;500;M;0;Il.lm./a Sr./a Regidor/a del Districte
1754;Circul VMP/cicle mes 2r A/B/C2 parcs publics veloc inad;Circul VMP/ciclo mas 2r A/B/C2 parque publico veloc inad;Circular amb un vehicle de mobilitat personal (VMP) del tipus A o B o cicle de mes de dues rodes del tipus C2 pels parcs publics, no seguint les vies ciclistes i itineraris si existeiex amb velocidad inadequada;Circular con un vehiculo de movilidad personal (VMP) del tipo A o B o ciclo de mas de dos ruedas del tipo C2 por los parques publicos, no siguiendo las vias ciclistas y itinerarios si existen con velocidad inadecuada;2017-07-01;9999-12-31;71.T 3.1a;OCVV;200;M;0;Il.lm./a Sr./a Regidor/a del Districte
1755;Circular VMP/cicle mes 2r A/B/C2 a zones verdes de parcs pub;Circular VMP/ciclo mas 2r A/B/C2 zonas verdes de parques pub;Circular amb un vehicle de mobilitat personal (VMP) del tipus A o B o cicle de mes de dues rodes del tipus C2 pels parcs publics sobre les zones verdes;Circular con un vehiculo de movilidad personal (VMP) del tipo A o B o ciclo de mas de dos ruedas del tipo C2 por los parques publicos sobre las zonas verdes;2017-07-01;9999-12-31;71.T 3.2d;OCVV;500;M;0;Il.lm./a Sr./a Regidor/a del Districte
1756;Bicicleta/VMP/cicle mes 2r comercial no identificat;Bicicleta/VMP/ciclo mas 2r comercial no identificado;Bicicleta o vehicle de mobilitat personal (VMP) o cicle de mes de dues rodes us activitat economica sense estar identificats;Bicicleta o vehiculo de movilidad personal (VMP) o ciclo de mas de dos ruedas de uso de actividad econonima sin estar identificados;2017-07-01;9999-12-31;71.T 3.1c;OCVV;200;E;0;Il.lm./a Sr./a Regidor/a del Districte
1757;Bicicleta/VMP/cicle mes 2r comercial no inscrit en registre;Bicicleta/VMP/ciclo mas 2r comercial no inscrito en registre;Bicicleta, Vehicle de mobilitat personal (VMP) o cicle de mes de dues rodes us activitat economica sense estar inscrits en el registre que correspongui (en cas de que ho disposi la normativa aplicable);Bicicleta, Vehiculo de movilidad personal (VMP) o ciclo de mas de dos ruedas de uso de actividad econonima sin estar incrito en el registro que corresponga (en el caso de que lo disponga la normativa aplicable);2017-07-01;9999-12-31;71.T 3.1c;OCVV;200;E;0;Il.lm./a Sr./a Regidor/a del Districte
1758;No contractar per/ jurid VMP/CIC lloguer assegur resp civil;No contratar per/jurid VMP/CI alquiler seguro respons civil;No contractar, pers fisica/juridica titulars, (VMP/cicle mes 2 rodes) assegur resp civil terceres person, dels passatg vehic i cobrir indem caracter subsid pels danys/perjud derivats us veh/cicles usuaris als quals cedeixin/lloguin, quan sigui obligatori;No contractar, pers fisica/juridica titulars, (VMP/ciclo mas 2 ruedas) assegur resp civil terceres person, dels passatg vehic i cobrir indem caracter subsid pels danys/perjud derivats us veh/cicles usuaris als quals cedeixin/lloguin, quan sigui obligatori;2017-07-01;9999-12-31;71.T 3.2f;OCVV;500;E;0;Il.lm./a Sr./a Regidor/a del Districte
1760;Circul VMP comercial A/B el guia i mes de 2 person;Circul VMP comerc A/B el guia i mas de 2 person;Circular  amb un vehicle de mobilitat personal (VMP) d'us d'activitat economica del tipus A o B amb mes de 2 persones a mes del guia;Circular con un vehiculo de movilidad personal (VMP) de uso de actividad econonima del tipo A o B con mas de 2 personas a mas del guia;2017-07-01;9999-12-31;71.T 3.1d;OCVV;200;E;0;Il.lm./a Sr./a Regidor/a del Districte
1761;VMP/cicle mes 2r comercial A/B mes 2 person no respectan 14T;VMP/ciclo mas 2r comercial A/B mas 2 person no respecan 14T;(Grups turistics) Circular amb un vehicle de mobilitat personal (VMP) d'us d'activitat economica del tipus A o B amb un maxim de 2 persones i el guia sense respectar els usos i condicions circulacio establertes a l'art 14 ter de l'ordenanca;(grupos turisticos) Circular con un vehiculo movilidad personal (VMP) uso actividad econonima del tipo A o B con maximo de 2 personas y el guia sin respetar los usos y condiciones de circulacion establecidas en el art 14 ter de la ordenanza;2017-07-01;9999-12-31;71.T 3.1d;OCVV;200;E;0;Il.lm./a Sr./a Regidor/a del Districte
1762;Circular mes d'un cicle de mes 2r comercial C1;Circular mas de un ciclo de mas 2r comercial C1;Circular amb un cicle de mes de dues rodes d'us d'activitat economica del tipus C1 amb mes d'un vehicle per sortida;Circular con un ciclo de mas de dos ruedas de uso de actividad econonima del tipo C1 con mas de un vehiculo por salida;2017-07-01;9999-12-31;71.T 3.1d;OCVV;200;E;0;Il.lm./a Sr./a Regidor/a del Districte
1763;Circular cicle mes 2r comercial C1 no respect art 14T;Circular ciclo mas 2r comercial C1 no respeta art 14T;Circular amb un cicle de mes de dues rodes d'us d'activitat econonima tipus C1 amb maxim d'un vehicle per sortida sense respectar els usos i condicions circulaciomes establerts art 14 ter de l'ordenanca;Circular con ciclo de mas dos ruedas uso de actividad econonima del tipo C1 con un maximo de un vehiculo por salida sin respetar los usos y condiciones de circulacion establecidas en el art 14 ter de la ordenanza;2017-07-01;9999-12-31;71.T 3.1d;OCVV;200;E;0;Il.lm./a Sr./a Regidor/a del Districte
1764;Circul VMP comercial A/B mes 6 person i el guia;Circul VMP comercial A/B mas 6 person y el guia;(Grups turistics) Circular amb un vehicle de mobilitat personal (VMP) d'us d'activitat economica del tipus A o B amb mes de 6 persones i el guia;(Grupos turisticos) Circular con un vehiculo de movilidad personal (VMP) de uso de actividad econonima del tipo A o B con mas de 6 personas y el guia;2017-07-01;9999-12-31;71.T 3.1d;OCVV;200;E;0;Il.lm./a Sr./a Regidor/a del Districte
1765;Circular VMP comercial A/B fora rutes marcades;Circular VMP comercial A/B fuera rutas marcadas;(Grups turistics) Circular amb un vehicle de mobilitat personal (VMP) d'us d'activitat economica del tipus A o B amb un maxim de 6 persones i el guia per fora de les rutes marcades;(Grupos turisticos) Circular con un vehiculo de movilidad personal (VMP) de uso de actividad economica del tipo A o B con mas de 6 personas y el guia por fuera de las rutas marcadas;2017-07-01;9999-12-31;71.T 3.1d;OCVV;200;E;0;Il.lm./a Sr./a Regidor/a del Districte
1766;VMP cial A/B mes 6persones no respect  art 14T;VMP cial A/B mas 6personas no respeta art 14T;(Grups turistics) Circular amb un vehicle de mobilitat personal (VMP) d'us d'activitat economica del tipus A o B amb un maxim de 6 persones i el guia sense respectar les condicions de circulacio establertes a l'article 14 ter de l'ordenanca;(Grupos turisticos) Circular con un vehiculo de movilidad personal (VMP) de uso de actividad econonima del tipo A o B con mas de 6 personas y el guia sin respetar las condiciones de circulacion establecidas en el art 14 ter de la ordenanza;2017-07-01;9999-12-31;71.T 3.1d;OCVV;200;E;0;Il.lm./a Sr./a Regidor/a del Districte
1767;Circul grup VMP comerc A/B sense distancia 50m;Circul grup VMP comerc A/B sin distancia 50m;(Grups turistics) Circular en grup amb un vehicle de mobilitat personal (VMP) d'us d'activitat economica del tipus A o B sense mantenir una distancia entre els grups de mes de 50 metres;(Grupos turisticos) Circular en grupo un vehiculo de movilidad personal (VMP) de uso de actividad econonima del tipo A o B sin mantener una distancia entre los grupos de mas de 50 metros;2017-07-01;9999-12-31;71.T 3.1d;OCVV;200;E;0;Il.lm./a Sr./a Regidor/a del Districte
1768;Circular cicle mes 2r comercial C1 sense distancia 50m;Circular ciclo mas 2r comercial C1 sin  distancia 50m;Circular amb un cicle de mes de dues rodes d'us d'activitat economica del tipus C1 sense mantenir una distancia entre cada vehicle del mateix tipus de mes de 50 metres;Circular con un ciclo de mas de dos ruedas de uso de actividad econonima del tipo C1  sin mantener una distancia entre cada vehiculo del mismo tipo de mas de 50 metros;2017-07-01;9999-12-31;71.T 3.1d;OCVV;200;E;0;Il.lm./a Sr./a Regidor/a del Districte
1769;No vetllar usuaris VMP/cicle mes 2r tinguin habilitat minima;No vigilar usuarios VMP/ciclo mas 2r tenga habilidad minima;No vetllat empresa organitzadora que els usuaris dels vehicles de mobilitat personal (VMP) o cicle de mes de dues rodes disposin un nivell habilitat minim que garanteixi la seva seguretat i la de la resta usuaris de la via publica;No verificar la empresa organizadora que los usuarios de los vehiculos de movildad personal (VMP) o ciclo de mas de dos ruedas dispongan de un nivel de habilidad minima que garantice su seguridad y la del resto de usuarios de la via publica;2017-07-01;9999-12-31;71.T 3.1d;OCVV;200;E;0;Il.lm./a Sr./a Regidor/a del Districte
1770;No informar usuaris VMP/cicle mes 2r rutes/condicions circul;No informar usuario VMP/ciclo mas 2r rutas/condicion circul;No informar empresa organitzadora als usuaris dels  vehicles de mobilitat personal (VMP) o cicle de mes de dues rodes de les rutes autoritzades i les condicions de circulacio;No informar la empresa organizadora a los usuarios de los vehiculos de movilidad personal (VMP) o ciclo de mas de dos ruedas de las rutas autorizadas y las condiciones de circulacion;2017-07-01;9999-12-31;71.T 3.1d;OCVV;200;E;0;Il.lm./a Sr./a Regidor/a del Districte
1771;Estacion llocs no habilitats cicle mes 2r comercialsC1C2;Estaciona lugar no autorizad ciclo mas 2r comercial C1C2;Estacionar un cicle de mes de dues rodes d'us d'activitat economica del tipus C1 o C2 fora dels espais habilitats a l'efecte;Estacionar un ciclo de mas de dos ruedas de uso de actividad econonima del tipo C1 o C2 fuera de los espacios habilitados a su efecto;2017-07-01;9999-12-31;71.T 3;OCVV;100;E;0;Il.lm./a Sr./a Regidor/a del Districte
1772;Lligar VMP comercial A/B a element urba;Atar VMP comercial A/B a elemento urbano;Lligar vehicle mobilitat personal (VMP) d'us d'activitat economica tipus A o B als arbres, semafors, bancs, contenidors, papereres,  marquesines de transport i elements de mobiliari urba quan dificulti dest/funcionalitat 'element;Lligar vehicle mobilitat personal (VMP) d'us d'activitat economica tipus A o B als arbres, semafors, bancs, contenidors, papereres,  marquesines de transport i elements de mobiliari urba quan dificulti dest/funcionalitat 'element;2017-07-01;9999-12-31;71.T 3;OCVV;100;E;0;Il.lm./a Sr./a Regidor/a del Districte
1773;Aparcar VMP A/B a reserva d'estaciona;Aparcar VMP cial A/B en reserva de estacionamie;Estacionar vehicle mobil personal (VMP) us activitat economica tipus A o B davant zones o reserves estacionament persones mobilitat reduida/diversitat funcional, de carrega/descarrega  calcada o servei public, durant hores reserva;Estacionar vehicle mobil personal (VMP) us activitat economica tipus A o B davant zones on reserves d'estacionament persones mobilitat reduida, de carrega/descarrega  calcada o servei public, durant hores reserva;2017-07-01;9999-12-31;71.T 3;OCVV;100;E;0;Il.lm./a Sr./a Regidor/a del Districte
1774;Estacionar VMP comercial A/B a llocs reservats;Estacionar VMP comercial A/B lugar reservado;Estacionar vehicle mobilitat personal (VMP) d'us d'activitat economica tipus A o B en llocs reservats altres persones usuaries o serveis i a zones servei Bicing;Estacionar vehicle mobilitat personal (VMP) d'us d'activitat econonima tipus A o B en llocs reservats altres persones usuaries o serveis i a zones servei Bicing;2017-07-01;9999-12-31;71.T 3;OCVV;100;E;0;Il.lm./a Sr./a Regidor/a del Districte
1775;Aparcar VMP comercial A/B impedint el pas viana;Aparcar VMP cial A/B impidiendo el paso peatone;Estacionar vehicle mobilitat personal (VMP) d'us d'activitat economica tipus A o B a voreres quan s'impedeixi pas vianants;Estacionar Estacionar vehiculo movilidad personal (VMP) de uso de actividad economica tipo A o B en aceras cuando se impide el paso de peatones;2017-07-01;9999-12-31;71.T 3;OCVV;100;E;0;Il.lm./a Sr./a Regidor/a del Districte
1776;Circular VMP/cicle mes 2r amb perill pels vianants;Circular VMP/ciclo mas 2r con peligro para peatones;Circular amb un vehicle de mobilitat personal (VMP) o amb el cicle de mes de dues rodes posant en perill la seguretat de vianants;Circular con una vehiculo de movilidad personal (VMP) o ciclo de mas de dos ruedas poniendo en peligro la seguridad de peatones;2017-07-01;9999-12-31;71.T 3.2c;OCVV;500;E;0;Il.lm./a Sr./a Regidor/a del Districte
1777;Llogar a menor 16 anys VMP/cicle mes 2 rodes;Alquilar a menor 16 anos VMP/ciclo mas 2 ruedas;Llogar a  un menor de 16 anys un vehicle de mobilitat personal (VMP) o cicle de mes de dues rodes;Alquiler a  un menor de 16 anos un vehiculo de movilidad personal (VMP) o ciclo de mas de dos ruedas;2017-09-20;9999-12-31;71.T 3.1d;OCVV;200;E;0;Il.lm./a Sr./a Regidor/a del Districte
1778;Llogar vehicle VMP activ econ sense guia;Alquilar vehicul VMP activ econ sin guia;(Grups turistics) Llogar un vehicle de mobilitat personal (VMP) d'us d'activitat economica sense guia;(Grupos turisticos) Alquilar un vehiculo de movilidad personal (VMP) de uso de actividad economica sin guia;2017-09-20;9999-12-31;71.T 3.1d;OCVV;200;E;0;Il.lm./a Sr./a Regidor/a del Districte
1779;CIRCULAR VMP ACT ECON SENSE GUIA;CIRCULAR VMP ACT ECON SIN GUIA;(Grups turistics) Circular amb un vehicle de mobilitat personal (VMP) d'us d'activitat economica sense guia;(Grupos turisticos) Circular con un vehiculo de movilidad personal (VMP) de uso de actividad economica sin guia;2017-09-20;9999-12-31;71.T 3.1d;OCVV;200;E;0;Il.lm./a Sr./a Regidor/a del Districte
1780;CIRCUL VMP/CICLE MES 2R A,B,C1 ACTIV ECON FORA RECORR;CIRCULAR VMP/CICLO MES 2R A,B,C1 ACTIV ECON FUERA RECORR;(Grups turistics) Circular amb vehicle mobilitat personal (VMP) tipus A o B o cicle mes dues rodes tipus C1 d'us d'activitat economica des de el punt de lloguer fins a l'inici recorregut autoritzat o circulin fora itineraris autoritz Districte;(Grupos turisticos) Circular vehiculo movilidad personal (VMP) tipus A o B o ciclo mas dos ruedas tipus C1 de uso de actividad economica des de el punto de alquiler hasta inicio del recorrido autorizado o circulen fuera itiner autoriz Districte;2017-09-20;9999-12-31;71.T 3.1d;OCVV;200;E;0;Il.lm./a Sr./a Regidor/a del Districte
1781;Cicle mes 2r comercial incomplit requisit/pedaleig assis;Cicle mas 2r comercial incump requisit/pedaleo asis;Circular amb un cicle de mes de dues rodes d'us d'activitat economica incomplint els requisits exigits per normativa d'aplicacio (pedaleig assistit assimilable a vehicle a motor);Circular con un ciclo de mas de dos ruedas de uso de actividad economica incumpliendo los requisitos exigidos por normativa de aplicacion (pedaleo asistido asimilable a vehiculo a motor);2021-04-23;9999-12-31;71.T 3.1d;OCVV;200;M;0;Il.lm./a Sr./a Regidor/a del Districte
1782;Cicle mes 2r comercial incomplit requisit/potencia super;Ciclo mas 2r comercial incumpl requisit/potencia super;Circular amb un cicle de mes de dues rodes d'us d'activitat economica incomplint els requisits exigits per normativa d'aplicacio (potencia superior a l'establerta per normativa, assimilable a vehicle a motor);Circular con un ciclo de mas de dos ruedas de uso de actividadt economica incumpliendo los requisitos exigidos por normativa de aplicacion (potencia superior establecida por normativa, asimilable a vehiculo a motor);2021-04-23;9999-12-31;71.T 3.1d;OCVV;200;M;0;Il.lm./a Sr./a Regidor/a del Districte
1785;Transport escolar/menors mancant autoritzacio municipal;Transport escolar/menors mancant autoritzacio municipal;Transport escolar o de menors que discorri integrament dins el terme municipal de Barcelona mancant l'autoritzacio municipal de transport regular d'us especial;Transporte escolar o de menores que discurran integramente dentro del termino municipal de Barcelona sin la autorizacion municipal de transporte regular de uso especial;2017-06-01;9999-12-31;72. 2 a;OCVV;4002;E;0;Il.lm./a Sr./a Regidor/a del Districte
1787;Transport escolar/menors sense ajuda de major edat idoni;Transporte escolar/menores sin  ayuda de mayor edad idoneo;Realitzar transport escolar i de menors que discorri integrament dins del terme municipal de Barcelona, sense l'assistencia al vehicle d'acompanyant major d'edat idoni quan sigui exigible;Realizar transporte escolar y de menores que discurran integramente dentro del termino municipal de Barcelona, sin la asstencia en el vehiculo de acompanante mayor de edad idoneo cuando sea exigible;2017-07-01;9999-12-31;72. 2 b;OCVV;1002;E;0;Il.lm./a Sr./a Regidor/a del Districte
1788;Conductor/acompanyant transp esc/menors sense certif penals;Conductor/acompanante transp esc/menores sin certif penales;Realitzar transport escolar/menors amb conductor i/o acompanyant que no disposi certificat assenyalat article 13.5 Llei Organica 1/1996 Proteccio Juridica Menor, modificacio parcial Codi Civil i Llei Enjudiciament Civil, o norma que substitueixi;Realizar transport escolar/menors amb conductor i/o acompanyant que no disposi certificat assenyalat article 13.5 Llei Organica 1/1996 Proteccio Juridica Menor, modificacio parcial Codi Civil i Llei d.Enjudiciament Civil, o norma que substitueixi;2017-07-01;9999-12-31;72. 2 c;OCVV;1002;E;0;Il.lm./a Sr./a Regidor/a del Districte
1789;Falsejar sollicitud autoritzacio transport especial/menors;Falsear solicitud autoritzacion transporte especial/menores;Falsejar dades sol.licitud autoritzacio especifica transport escolar i menors concedida per Ajuntament requerides per obtencio de la mateixa;Falsejar dades sol.licitud d'.autoritzacio especifica transport escolar i menors concedida per Ajuntament requerides per obtencio de la mateixa;2017-07-01;9999-12-31;72. 2 d;OCVV;3000;E;0;Il.lm./a Sr./a Regidor/a del Districte
1791;Transport escolar incomplint condicions de autoritzacio;Transporte escolar incumpliendo condiciones de autoritzacion;Prestacio del servei de transport escolar incomplint les condicions establertes en l'autoritzacio, relatives a l'origen i destinacio, parades;Prestacion del servicio de transporte escolar incumpliendo las condiciones establecidas en la autorizacion, relativas al origen y destino, paradas;2017-07-01;9999-12-31;72. 3 a;OCVV;300;E;0;Il.lm./a Sr./a Regidor/a del Districte
1792;Transport escolar/menors sense dur autoritzacio concedida;Transporte escolar/menores sin llevar autorizacion concedida;Prestacio del servei de transport escolar o de menors integra dins del terme municipal de Barcelona sense dur a bord del vehicle l'autoritzacio especifica concedida per l'Ajuntament;Prestacion del servicio de transporte escolar o de menores integro dentro del termino municipal de Barcelona sin llevar a bordo del vehiculo la autorizacion especifica concedida por el Ayuntamiento;2017-07-01;9999-12-31;72. 3 b;OCVV;300;E;0;Il.lm./a Sr./a Regidor/a del Districte
1793;ESTACIONAR LLOCS NO HABILITATS CICLE 2R C1 O C2;ESTACIONAR LUGAR NO AUTORIZADO CICLO 2R C1 O C2;Estacionar un cicle de mes de dues rodes del tipus C1 o C2 fora dels espais habilitats a l'efecte;Estacionar un ciclo de mas de dos ruedas del tipo C1 o C2 fuera de los espacios habilitados al efecto;2019-01-08;9999-12-31;71.T 3;OCVV;100;E;0;Il.lm./a Sr./a Regidor/a del Districte
1794;LLIGAR VMP TIPUS A/B A ARBRES O ELEM URBA;ATAR VMP TIPOS A/B A ARBOL O ELEM URBANO;Lligar vehicle mobilitat personal (VMP) del tipus A o B als arbres, semafors, bancs, contenidors, papereres,  marquesines de transport i elements de mobiliari urba quan dificulti desti/funcionalitat element;Atar vehiculo de movilidad personal (VMP) del tipo A o B en los arboles, semaforos, bancos, contenedores, papeleras,  marquesinas de transporte y elementos de mobiliario urbano cuando dificulte destino/funcionalidad elemento;2019-01-08;9999-12-31;73.T 3;OCVV;100;E;0;Il.lm./a Sr./a Regidor/a del Districte
1795;ESTACIONAR VMP TIPO A/B A RESERVA ESTACIONAMENT;APARCAR VMP TIPO A/B A RESERVA ESTACIONAMENTO;Estacionar vehicle mobil personal (VMP) del tipus A o B davant zones o reserves estacionament persones mobilitat reduida/diversitat funcional, de carrega/descarrega  calcada o servei public, durant hores reserva;Estacionar vehicle mobil personal (VMP)del tipus A o B davant zones o reserves estacionament persones mobilitat reduida/diversitat funcional, de carrega/descarrega  calcada o servei public, durant hores reserva;2019-01-08;9999-12-31;71.T 3;OCVV;100;E;0;Il.lm./a Sr./a Regidor/a del Districte
1796;ESTACIONAR VMP TIPUS A/B A LLOCS RESERVATS;ESTACIONAR VMP TIPO A/B LUGAR RESERVADO;Estacionar vehicle mobilitat personal (VMP)del tipus A o B en llocs reservats altres persones usuaries o serveis i a zones servei Bicing;Estacionar vehicle mobilitat personal (VMP)del tipus A o B en llocs reservats altres persones usuaries o serveis i a zones servei Bicing;2019-01-08;9999-12-31;71.T 3;OCVV;100;E;0;Il.lm./a Sr./a Regidor/a del Districte
1797;ESTACIONAR VMP TIPUS A/B IMPEDINT EL PAS VIANA;ESTACIONAR VMP TIPO A/B IMPEDIENDO PASO PEATON;Estacionar vehicle mobilitat personal (VMP) del tipus A o B a voreres quan s'impedeixi pas vianants;Estacionar vehicle mobilitat personal (VMP) del tipus A o B a voreres quan s'impedeixi pas vianants;2019-01-08;9999-12-31;71.T 3;OCVV;100;E;0;Il.lm./a Sr./a Regidor/a del Districte
1798;CIRCULAR VEHICLE MOBILITAT PERSONAL PER TUNEL URBA;CIRCULAR VEHICULO MOVILIDAD PERSONAL POR TUNEL URBANO;Circular amb un vehicle de mobilitat personal (VMP) per un tunel urba;Circular con un vehiculo de movilidad personal (VMP) por un tunel urbano;2021-01-14;9999-12-31;38;RGC;200;M;0;Il.lm./a Sr./a Regidor/a del Districte
1801;CIRC VIA URBANA VEHIC MATERIES PERILLOSE;CIRC VIA URBANA VEHIC MATERIAS PELIGROSAS;Circular un vehicle en regim de transport de mercaderies perilloses per una via urbana en transit;Circular un vehiculo en regimen de transporte de mercancias peligrosas por una via urbana en transito;2017-06-16;9999-12-31;71. 4 b;OCVV;500;M;0;Il.lm./a Sr./a Regidor/a del Districte
1802;ESTAC VEHICLE MATERIES PERILL VIA URBANA;ESTAC VEHICULO  MATERIAS PELIGR VIA URBANA;Estacionar un vehicle en regim de transport de mercaderies perilloses a les vies publiques del terme municipal de Barcelona;Estacionar un vehiculo en regimen de transporte de mercancias peligrosas en las vias publicas del termino municipal de Barcelona;2017-06-16;9999-12-31;71. 4 c;OCVV;500;M;0;Il.lm./a Sr./a Regidor/a del Districte
1806;TRANSP MATERIES PERILL VIA NO AUTORITZADA;TRANSP MATERIAS PELIGR VIA NO AUTORIZADA;Circular un vehicle en regim de transport de mercaderies perilloses per una via no autoritzada amb origen o desti al nucli urba a la zona portuaria descrita a Annex I de l'ordenanca;Circular un vehiculo en regimen de transporte de mercancias peligrosas por una via no autorizada con origen o destino al nucleo urbano a la zona portuaria descrita en el Annex I de la ordenanza;2017-06-16;9999-12-31;71. 5 b;OCVV;200;M;0;Il.lm./a Sr./a Regidor/a del Districte
1807;NO INFORMAR IMMOBILITZACIO VEHICLE;NO INFORMAR INMOVILIZACION VEHICULO;No informar de la immobilitzacio del vehicle, o no adoptar mesures de seguretat i proteccio en cas d'incident, averia o incident: (excepte en cas de impossibilitat) sense risc imminent o perdua de mercaderia;No informar de la immobilitzacio del vehicle, o no adoptar mesures de seguretat i proteccio en cas d.incident, averia o incident: (excepte en cas d.impossibilitat) sense risc imminent o perdua de mercaderia;2017-07-01;9999-12-31;71. 5 c;OCVV;200;M;0;Il.lm./a Sr./a Regidor/a del Districte
1808;No respectar restriccions vehicle mercaderies perilloses;No respetar restricciones vehiculo mercaderias peligrosas;Circular un vehicle en regim de transport de mercaderies perilloses no respectant les restriccions a la circulacio per rao de calendari;Circular un vehiculo en regimen de transporte de mercancias peligrosas no respetando las restricciones a la circulacion per razon de calendario;2017-07-01;9999-12-31;71. 5 a;OCVV;200;M;0;Il.lm./a Sr./a Regidor/a del Districte
1809;Circular vehicle mercaderies perilloses per un tunel;Circular vehiculo mercaderias peligrosas por un tunel;Circular un vehicle en regim de transport de mercaderies perilloses en un tram de via definida o senyalitzada com a tunel;Circular un vehiculo en regimen de transporte de mercancias peligrosas en un tramo de via definida o senalizada como tunel;2017-07-01;9999-12-31;71. 5 a;OCVV;200;M;0;Il.lm./a Sr./a Regidor/a del Districte
1810;Fer operacions carrega/desc amb interrupcions/lentament;Operaciones de carga/desc con interrupciones o lentamente;Realitzar les persones transportistes i/o recepcionistes les operacions de carrega i descarrega amb interrupcions i/o sense rapidesa;Realizar las personas transportistas y/o recepcionistas las operaciones de carga y descarga con interrupciones y/o sin rapidez;2017-07-01;9999-12-31;71. 5 a;OCVV;200;M;0;Il.lm./a Sr./a Regidor/a del Districte
1820;Vehicle mercaderies incompleix restriccions circulacio;Vehiculo mercaderias incumple restricciones circulacion;Circular un vehicle de transport de mercaderies incomplint les restriccions temporals a la circulacio imposades pels senyals i per les autoritats o pels seus agents;Circular un vehicle de transport de mercaderies incomplint les restriccions temporals a la circulacio imposades pels senyals i per les autoritats o pels seus agents;2017-07-01;9999-12-31;71. B4;OCVV;200;M;0;Il.lm./a Sr./a Regidor/a del Districte
1821;Circular vehicle mercaderis sense autoritzacio especial;Circular vehiculo mercaderias sin autorizacion especial;Circular un vehicle de transport de mercaderies sense haver obtingut la corresponent autoritzacio especial que empari el vehicle per poder circular en els itineraris i terminis subjectes a restriccio;Circular un vehicle de transport de mercaderies sense haver obtingut la corresponent autoritzacio especial que empari el vehicle per poder circular en els itineraris i terminis subjectes a restriccio;2017-07-01;9999-12-31;71. B5;OCVV;500;M;0;Il.lm./a Sr./a Regidor/a del Districte
1822;Vehicle MMA mes 7.5tm zones nivell restriccio espec 1 carril;Vehiculo MMA mas7.5tm zonas nivel restriccion espec 1 carril;Circular un vehicle de transport de mercaderies per les vies de les zones amb nivell de restriccio especial, un sols carril de circulacio, amb MMA sigui superior a 7,5 tones i la seva llargaria sigui superior a 7 metres;Circular un vehicle de transport de mercaderies per les vies de les zones amb nivell de restriccio especial, d.un sols carril de circulacio, amb MMA sigui superior a 7,5 tones i la seva llargaria sigui superior a 7 metres;2017-07-01;9999-12-31;71. B5;OCVV;500;M;0;Il.lm./a Sr./a Regidor/a del Districte
1823;Vehicle MMA mes 12t i mes 10m a vies amb 1 carril de 5-23h;Vehiculo MMA mas 12t y mas 10m en vias con 1 carril de 5-23h;Circular un vehicle de transport de mercaderies per les vies amb un carril de circulacio amb MMA superior a 12 tones i de llargaria superior 10 metres entre les 5 a les 23 hores;Circular un vehicle de transport de mercaderies per les vies amb un carril de circulacio amb MMA superior a 12 tones i de llargaria superior 10 metres entre les 5 a les 23 hores;2017-07-01;9999-12-31;71. B5;OCVV;500;M;0;Il.lm./a Sr./a Regidor/a del Districte
1824;Vehicle MMA mas 18t i mas 12m a vies amb 1 carril de 23-5h;Vehiculo MMA mas 18t y mas 12m en vias con 1 carril de 23-5h;Circular un vehicle de transport de mercaderies per les vies amb un carril de circulacio amb MMA superior a 18 tones i de llargaria superior 12 metres entre les 23 i les 5 hores;Circular un vehicle de transport de mercaderies per les vies amb un carril de circulacio amb MMA superior a 18 tones i de llargaria superior 12 metres entre les 23 i les 5 hores;2017-07-01;9999-12-31;71. B5;OCVV;500;M;0;Il.lm./a Sr./a Regidor/a del Districte
1826;Vehicle MMA mes 44t i mes 16,5m vies 2 o mes carrils 23-5h;Vehiculo MMA mas 44t y mas 16,5m vias 2 o mas carriles 23-5h;Circular un vehicle de transport de mercaderies per les vies amb dos o mes carrils de circulacio o per la Ronda del Litoral amb MMA superior a 18 tones i de llargaria superior 12 metres entre les 5 a les 23 hores;Circular un vehicle de transport de mercaderies per les vies amb dos o mes carrils de circulacio o per la Ronda del Litoral amb MMA superior a 18 tones i de llargaria superior 12 metres entre les 5 a les 23 hores;2017-07-01;9999-12-31;71. B5;OCVV;500;M;0;Il.lm./a Sr./a Regidor/a del Districte
1827;Circular vehicle MMA mes 18t i mes 12 m per Rda de Dalt;Circular vehiculo MMA mas 18t y mas 12m por Rda de Dalt;Circular vehicle transport mercaderies mercaderies vies amb dos o mes carrils circulacio o Ronda Litoral amb MMA superior  44 tones i llargaria superior 16,5 metres per vies amb dos o mes carrils circulacio o per Ronda Litoral entre les 23 i les 5 hores;Circular vehicle transport mercaderies mercaderies vies amb dos o mes carrils circulacio o Ronda Litoral amb MMA superior  44 tones i llargaria superior 16,5 metres per vies amb dos o mes carrils circulacio o per Ronda Litoral entre les 23 i les 5 hores;2017-07-01;9999-12-31;71. B5;OCVV;500;M;0;Il.lm./a Sr./a Regidor/a del Districte
1828;Circular vehicle mercaderies per R Dalt amb mes de 18T o 12m;A;Circular un vehicle de transport de mercaderies per la Ronda de Dalt amb MMA superior a 18 tones o de llargaria superior 12 metres;Circular un vehicle de transport de mercaderies per la Ronda de Dalt amb MMA superior a 18 tones o de llargaria superior 12 metres;2017-06-01;9999-12-31;71. B5;OCVV;500;M;0;Il.lm./a Sr./a Regidor/a del Districte
1835;CIRC VEHIC PES/MESURES ESPEC SENSE AUTOR;CIRC VEHIC PESO/MEDIDAS ESPEC SIN AUTORI;Circular per les vies publiques de la ciutat vehicles de pes o mesures especials sense l'autoritzacio municipal.;Circular per las vias publicas de la ciudad vehiculos de peso o medidas especiales sin la autoritzacion municipal.;2017-09-27;9999-12-31;71. b5;OCVV;500;M;0;Il.lm./a Sr./a Regidor/a del Districte
1836;INCOMPLIR NORM PERMIS MUNIC TRANSP ESPEC;INCUMPLIR NORM PERMIS MUNIC TRANSP ESPEC;Incomplir normes o condicions establertes en el permis municipal per al transport especial.;Incomplir normes o condicions establertes en el permis municipal per al transport especial.;2017-09-27;9999-12-31;71. b4;OCVV;200;M;0;Il.lm./a Sr./a Regidor/a del Districte
2340;SENYALITZAR GUAL SENSE LLICENCIA;SENALIZAR VADO SIN LICENCIA;Senyalitzacio d'un gual sense haver-ne obtingut la llicencia.;-;2002-01-01;9999-12-31;73.1 A;OCVV;150;E;0;Il.lm./a Sr./a Regidor/a del Districte
2341;COLOCAR RAMPA O SIMILAR PER ACCES VEHICL;COLOCAR RAMPA O SIMILAR PARA ACCESO VEHI;Col.locar rampes o elements equivalents per facilitar l'acces de vehicles als immobles per sobre de la vorera.;-;2002-01-01;9999-12-31;73.1 A;OCVV;60;E;0;Il.lm./a Sr./a Regidor/a del Districte
2342;SENYALITZACIO GUAL INEXISTENT/MAL ESTAT;SENALIZACION VADO INEXISTENTE/MAL ESTADO;Falta de senyalitzacio del gual o falta de manteniment dels senyals.;-;2003-05-21;9999-12-31;73.1 A;OCVV;90;E;0;Il.lm./a Sr./a Regidor/a del Districte
2343;ENTR/SORT VEHIC A IMMOBLE PER VORERA;ENTR/SALIDA VEHIC A INMUEBLE POR ACERA;Entrar en un immoble o sortir-ne amb un vehicle per sobre de la vorera sense llicencia.;-;2002-01-01;9999-12-31;73.1 A;OCVV;60;M;0;Il.lm./a Sr./a Regidor/a del Districte
2344;US DE GUAL DIFERENT DE L'AUTORITZAT;USO DE VADO DIFERENTE AL AUTORIZADO;Utilitzar el gual per a un us diferent de l'autoritzat.;-;2002-01-01;9999-12-31;43;OCVV;60;E;0;Il.lm./a Sr./a Regidor/a del Districte
2345;NO EFECTUAR CANVI DE NOM DE GUAL;NO EFECTUAR CAMBIO DE NOMBRE DE VADO;No fer el canvi de nom;-;2002-01-01;9999-12-31;49;OCVV;60;E;0;Il.lm./a Sr./a Regidor/a del Districte
2346;SENYALITZACIO HORITZONTAL GUAL INADEQUAD;SENALIZACION HORIZONTAL VADO INADECUADA;Senyalitzacio horitzontal indeguda;-;2003-05-21;9999-12-31;73.1 A;OCVV;90;E;0;Il.lm./a Sr./a Regidor/a del Districte
2347;SENYALITZACIO VERTICAL GUAL INADEQUADA;SENALIZACION VERTICAL VADO INADECUADA;Senyalitzacio vertical indeguda;-;2003-05-21;9999-12-31;73.1 A;OCVV;90;E;0;Il.lm./a Sr./a Regidor/a del Districte
2349;CONSTRUIR GUAL NO AJUSTAT A LLICENCIA;CONSTRUIR VADO NO AJUSTADO A LICENCIA;Construir el gual sense ajustar-se a les caracteristiques de la llicencia;-;2002-01-01;9999-12-31;73.1 C;OCVV;150;E;0;Il.lm./a Sr./a Regidor/a del Districte
2350;MAL ESTAT DE CONSERVACIO DE GUAL;MAL ESTADO DE CONSERVACION DE VADO;Mal estat de conservacio del gual.;-;2003-05-21;9999-12-31;73.1 B;OCVV;90;E;0;Il.lm./a Sr./a Regidor/a del Districte
3240;CIRCULAR SENSE AUTORT ESPEC VEH TR CARREGA IND SUPERANT DIM;CIRCULAR SIN AUTORT ESPEC VEH TR CARGA IND SUPERAND DIM;Circular sense autoritzacio especial amb el vehicle resenyat que transporta carrega indivisible les dimensions la qual, inclosa la carrega, excedeixen dels limits reglamentaris;-;2017-06-01;9999-12-31;13. 2;RGC;500;M;0;Il.lm./a Sr./a Regidor/a del Districte
3250;NO PORTAR INSTAL PROTEC CARREGA EN VEH TRANSP PERSON/CARREGA;NO LLEVAR INSTAL PROTEC CARGA EN VEH TRANSP PERSON/CARGA;No portar instal.lada la proteccio reglamentaria de la carrega en un vehicle autoritzat per transportar simultaniament persones i carrega;No portar instal.lada la proteccio reglamentaria de la carrega en un vehicle autoritzat per transportar simultaniament persones i carrega;2017-07-28;9999-12-31;10;RGC;200;M;0;Il.lm./a Sr./a Regidor/a del Districte
3251;CIRCULAR VEH INCOMPLINT CONDICIONS ESTABL AUTORITZ ESPECIAL;CIRCULAR VEH INCUMPLIENDOCONDICIONS ESTABL AUTORITZ ESPECIAL;Circular amb el vehicle ressenyat incomplint les condicions establertes en l'autoritzacio especial;Circular amb el vehicle ressenyat incomplint les condicions establertes en l'autoritzacio especial;2017-07-28;9999-12-31;13;RGC;500;M;0;Il.lm./a Sr./a Regidor/a del Districte
3252;CONDUIR AMB VEH CRISTAL NO PERMET VISIBI PER COLOC LLAM/ADHE;CONDUCIR VEH CRISTAL NO PERMIT VISIBI PER COLOC LAM/ADHE;Circular amb un vehicle la superficie de cristall del qual no permet al seu conductor la visibilitat diafana sobre tota la via per la col.locacio de lamines o adhesius;Circular amb un vehicle la superficie de cristall del qual no permet al seu conductor la visibilitat diafana sobre tota la via per la col.locacio de lamines o adhesius;2017-07-28;9999-12-31;19;RGC;200;M;0;Il.lm./a Sr./a Regidor/a del Districte
3253;CIRCULAR VEH PROV LAMINES/CORTIN SENSE DUR 2 MIRALLS RETR EX;CIRCULAR VEH PROV LAMINES/CORTIN SIN  LLEV2 ESP RETR EX;Circular amb un vehicle proveit de cortinetes contra el sol en les finestres posteriors sense dur els dos miralls retrovisors exteriors reglamentaris;-;2017-07-28;9999-12-31;19;RGC;200;M;0;Il.lm./a Sr./a Regidor/a del Districte
3254;CIRCULAR VEH PROV LLAMIN ADHES VIDRES SENE HOMOL VIDRE/LLAM;CIRCULAR VEH PROV LLMIN ADHES CRISTAL SIN HOMOL VIDRIO/LAM;Circular amb un vehicle proveit de lamines adhesives en els vidres sense tenir homologat el vidre amb la lamina incorporada;-;2017-07-28;9999-12-31;19;RGC;200;M;0;Il.lm./a Sr./a Regidor/a del Districte
3255;COLLOCAR VEH VIDRES INTATS/ACOLORITS NO HOMOLOGAT;COLOCAR VEH VIDRIOS INTATS/CON COLOR NO HOMOLOGAT;Col.locar en el vehicle vidres tintats o acolorits no homologats;-;2017-07-28;9999-12-31;19;RGC;200;M;0;Il.lm./a Sr./a Regidor/a del Districte
3257;INSTALLAR APARELLS EMIS LLUM/SENYAL ACUST ESPEC SENSE AUT;INSTALAR APARAT EMIS LUZ/SENAL ACUST ESPEC SIN AUT;Instal.lar aparells emissors de llum i senyals acustics especials sense l'autoritzacio corresponent;-;2017-07-28;9999-12-31;67;RGC;200;M;0;Il.lm./a Sr./a Regidor/a del Districte
3258;NO TENER INSTAL UN VEH ESPEC SENYALIT LUMIN CORRESP;NO TENER INSTAL UN VEH ESPEC SENALIT LUMIN CORRESP;No tenir instal.lada, un vehicle especial, la senyalitzacio lluminosa corresponent;-;2017-07-28;9999-12-31;71;RGC;200;M;0;Il.lm./a Sr./a Regidor/a del Districte
3280;TAXA ALCOH SUP 0.15 MG/L-SENS PERMIS COND;TASA ALCOH SUP O.15 MG/L-SIN PERMISO COND;Conduir un vehicle. Taxa d'alcohol en aire expirat superior a 0,15 mg/l i sense tenir el permis / la llicencia de conduir;-;1900-01-03;9999-12-31;20. 1;RGC;500;M;0;Il.lm./a Sr./a Regidor/a del Districte
3281;TASA ALCOHOL CONDUCTOR MES DE 0.15 MG/L;TASA ALCOHOL CONDUCTOR MAS DE 0.15 MG/L;Conduir un vehicle. Taxa alcohol en aire expirat superior a 0,15 mg/l, conductor professional, servei public, mercaderies perilloses, transports especials, novells...;-;2016-01-31;9999-12-31;20. 1;RGC;500;M;4;Il.lm./a Sr./a  Regidor/a de Mobilitat
3282;REINCIDIR EN CONDUCCIO AMB TAXA ALCOHOL SUPERIOR A 0.15MG/L;REINCIDIR EN CONDUCCION CON TASA ALCOHOL SUPERIOR A 0.15MG/L;Conductor reincident. Conduir un vehicle. Taxa d'alcohol en aire expirat superior a 0,15 mg/l, conductor professional, servei public, mercaderies perilloses, transports especials, novells;-;2016-01-31;9999-12-31;20. 1;RGC;1000;M;4;Il.lm./a Sr./a  Regidor/a de Mobilitat
3283;CONDUIR BICI/VMP/CICLE AMB TAXA ALCOHOL SUP 0.25 MG/L;CONDUCIR BICI/VMP/CICLO AMB TAXA ALCOHOL SUP 0.25 MG/L;Conduir una BICI/VMP/CICLE. Taxa d'alcohol en aire expirat superior a 0,25 mg/l;-;2017-07-01;9999-12-31;20. 1;RGC;500;M;0;Il.lm./a Sr./a Regidor/a del Districte
3284;TAXA ALCOHOL CONDUCTOR MES DE O.25 MG/L;TASA ALCOHOL CONDUCTOR MAS DE 0.25 MG/L;Conduir un vehicle. Taxa d'alcohol en aire expirat superior a 0,25 mg/l;-;2016-01-31;9999-12-31;20. 1;RGC;500;M;4;Il.lm./a Sr./a  Regidor/a de Mobilitat
3285;REINCIDIR EN CONDUCCIO AMB TAXA ALCOHOL SUPERIOR A 0.25MG/L;REINCIDIR EN CONDUCCION CON TASA ALCOHOL SUPERIOR A 0.25MG/L;Conductor reincident. Conduir un vehicle. Taxa d'alcohol en aire expirat superior a 0,25 mg/l;-;2016-01-31;9999-12-31;20. 1;RGC;1000;M;4;Il.lm./a Sr./a  Regidor/a de Mobilitat
3286;TAXA ALCOHOL SUP 0.30 MG/L SENSE PERMIS/LLICENCIA CONDUIR;TASA ALCOHOL SUP 0.30 MG/L SIN PERMISO/LICENCIA CONDUCIR;Conduir un vehicle. Taxa d'alcohol en aire expirat superior a 0,30 mg/l i sense tenir el permis / la llicencia de conduir;-;1900-01-03;9999-12-31;20. 1;RGC;1000;M;0;Il.lm./a Sr./a Regidor/a del Districte
3287;TAXA ALCOHOL CONDUCTOR SUPERIOR A 0.30 MG/L;TASA ALCOHOL CONDUCTOR SUPERIOR A 0.30 MG/L;Conduir un vehicle. Taxa d'alcohol en aire expirat superior a 0,30 mg/l, conductor professional, servei public, mercaderies perilloses, transports especials, novells...;-;2016-01-31;9999-12-31;20. 1;RGC;1000;M;6;Il.lm./a Sr./a  Regidor/a de Mobilitat
3288;REINCIDIR EN CONDUCCIO AMB TAXA ALCOHOL SUPERIOR A 0.30MG/L;REINCIDIR EN CONDUCCION CON TASA ALCOHOL SUPERIOR A 0.30MG/L;Conductor reincident. Conduir un vehicle. Taxa d'alcohol en aire expirat superior a 0,30 mg/l, conductor professional, servei public, mercaderies perilloses, transports especials, novells;-;2016-01-31;9999-12-31;20. 1;RGC;1000;M;6;Il.lm./a Sr./a  Regidor/a de Mobilitat
3289;CONDUIR BICI/VMP/CICLE TAXA ALCOH AIRE EXPIR SUP 0.50 MG/L;CONDUCIR BICI/VMP/CICLO TAXA ALCOH AIRE EXP SUP 0.50 MG/L;Conduir un bicicleta/vehicle mobilitat personal (VMP). Taxa d'alcohol en aire expirat superior a 0,50 mg/l;-;2017-07-01;9999-12-31;20. 1;RGC;1000;M;0;Il.lm./a Sr./a Regidor/a del Districte
3290;TAXA ALCOHOL CONDUCTOR MES DE 0.50 MG/L;TASA ALCOHOL CONDUCTOR MAS DE 0.50 MG/L;Conduir un vehicle. Taxa d'alcohol en aire expirat superior a 0,50 mg/l;-;2016-01-31;9999-12-31;20. 1;RGC;1000;M;6;Il.lm./a Sr./a  Regidor/a de Mobilitat
3291;REINCIDIR EN CONDUCCIO AMB TAXA ALCOHOL SUPERIOR A 0.50MG/L;REINCIDIR EN CONDUCCION CON TASA ALCOHOL SUPERIOR A 0.50MG/L;Conductor reincident. Conduir un vehicle. Taxa d'alcohol en aire expirat superior a 0,50 mg/l;-;2016-01-31;9999-12-31;20. 1;RGC;1000;M;6;Il.lm./a Sr./a  Regidor/a de Mobilitat
3292;NEGATIVA A PROVES DETECC. ALCOHOLICACOND. SENSE PERMIS/LLIC;NEGATIVA A PRUEBAS DETEC. ALCOHOLICA COND. SIN PERMISO/LICEN;No sotmetre's a les proves de deteccio alcoholica, el conductor d'un vehicle, sense tenir el permis / la llicencia de conduir.;-;1900-01-03;9999-12-31;21. 1;RGC;1000;M;0;Il.lm./a Sr./a Regidor/a del Districte
3293;NEGATIVA A PROVA DETECCIO ALCOHOLICA EL CONDUCTOR VEHICLE;NEGATIVA A PRUEBA DETECCION ALCOHOLICA EL CONDUCTOR VEHICUL;No sotmetre's a les proves de deteccio alcoholica, el conductor d'un vehicle;-;2022-03-21;9999-12-31;21. 1;RGC;1000;M;6;Il.lm./a Sr./a  Regidor/a de Mobilitat
3294;NEGATIVA A PROVES ALCOHOL CONDUCTOR BICI/VMP/CICLE;NEGATIVA A PRUEBAS  ALCOHOL CONDUCTOR BICI/VMP/CICLO;No sotmetre's, el conductor d'una bicicleta/vehicle mobilitat personal (VMP) a les proves de deteccio alcoholica;-;2017-07-01;9999-12-31;21. 1;RGC;1000;M;0;Il.lm./a Sr./a Regidor/a del Districte
3295;NEGATIVA PROVA ALCOHOL IMPLICAT ACCIDENT O COMES INFRACCIO;NEGATIVA PRUEBA ALCOHOL IMPLICADO ACCIDENTE O INFRACCION;No sotmetre's a les proves per a la deteccio alcoholica si s'esta implicat en accident de transit o comes una infraccio (vianants, etc.);-;2016-01-31;9999-12-31;14. 2;LSV;1000;M;0;Il.lm./a Sr./a Regidor/a del Districte
3296;CONDUIR VEHICLE AMB PRESENCIA A L'ORGANISME DE DROGUES;CONDUCIR VEHICULO CON PRESENCIA EN EL ORGANISMO DE DROGAS;Conduir un vehicle amb presencia de drogues a l'organisme;-;2016-01-31;9999-12-31;14. 1;LSV;1000;M;6;Il.lm./a Sr./a  Primer Tinent/a d'Alcaldia.
3297;CONDUIR VEHICLE AMB PRESENCIA DE DROGUES SENSE PERMIS/LLICEN;CONDUCIR VEHICULO CON PRESENCIA DE DROGAS SIN PERMISO/LICENC;Conduir un vehicle, sense tenir el permis / la llicencia de conduir, amb presencia de drogues a l'organisme;-;2016-01-31;9999-12-31;14. 1;LSV;1000;M;0;Il.lm./a Sr./a Regidor/a del Districte
3298;CONDUIR BICI/VMP/CICLE AMB PRESENCIA DROGUES A L'ORGANISME;CONDUCIR BICI/VMP/CICLO CON PRESENCIA DROGAS EN ORGANISMO;Conduir una BICI/VMP/CICLE amb presencia de drogues a l'organisme;-;2017-07-01;9999-12-31;14. 1;LSV;1000;M;0;Il.lm./a Sr./a Regidor/a del Districte
3299;NEGATIVA A PROVA DETECC.DROGUES A L'ORGANISME CONDUC.VEHICLE;NEGATIVA A PRUEBA DETECC.DROGAS EN EL ORG.CONDUCTOR VEHICULO;No sotmetre's, el conductor un vehicle  a les proves per a la deteccio de drogues a organisme;-;2016-01-31;9999-12-31;14. 2;LSV;1000;M;6;Il.lm./a Sr./a  Primer Tinent/a d'Alcaldia.
3300;NEGATIVA DETECCIO DROGUES CONDUCTOR SENSE PERMIS/LLICENCIA;NEGATIVA DETECCION DROGAS CONDUCTOR SIN PERMISO/LICENCIA CON;No sotmetre's, el conductor d'un vehicle, sense tenir el permis / la llicencia de conduir,  a les proves per a la deteccio de drogues a l'organisme;-;2016-01-31;9999-12-31;14. 2;LSV;1000;M;0;Il.lm./a Sr./a Regidor/a del Districte
3301;NEGATIVA PROVA DETECCIO DROGUES ORGAN. BICI/VMP/CICLE;NEGATIVA PRUEBA DETEC.DROGAS EN ORGAN. BICI/VMP/CICLO;No sotmetre's, el conductor d'una BICI/VMP/CICLE, a les proves per a la deteccio de drogues a l'organisme;-;2017-07-31;9999-12-31;14. 2;LSV;1000;M;0;Il.lm./a Sr./a Regidor/a del Districte
3306;NEGATIVA DETECCIO DROGUES IMPLICAT ACCIDENT O COMES INFRACCI;NEGATIVA DETECCION DROGAS IMPLICADO ACCIDENTE O INFRACCION;No sotmetre's a les proves per a la deteccio de drogues , si s'esta implicat en accident de transit o comes una infraccio  (vianants,  etc.);-;2016-01-31;9999-12-31;14. 2;LSV;1000;M;0;Il.lm./a Sr./a Regidor/a del Districte
3307;INCOMPLIR NORMES US ALCOHOLIMETRE ANTIENGEGADA;INCUMPLIIR NORMAS USO ALCOHOLIMETRO ANTIARRANQUE;Incomplir les normes sobre us dels alcoholimetres antiengegada (manipulacio o manca us);"Incumplir las normas sobre el uso de los alcoholimetros \\""\""\""antiarranque\""\""\""\"" (manipulacion o falta de unos)""";2022-03-16;9999-12-31;77. W;LSV;500;M;0;Il.lm./a Sr./a Regidor/a del Districte
3388;CONDUCTOR MENOR TAXA ALCOHOL FINS 0,15 MG/L SENSE PERMIS;CONDUCTOR MENOR TAXA ALCOHOL HASTA 0,15 MG/L SIN PERMISO;Conduir un menor edat un vehicle. Taxa d'alcohol en aire expirat superior a 0,0 mg/l, fins a 0,15 mg/l sense tenir el permis / llicencia de conduir;Conducir un menor edad un vehiculo. Tasa alcohol en aire expirado superior a 0,0 mg/l, hasta 0,15 mg/l sin tener permiso /licencia de conducir;2022-03-21;9999-12-31;14. 1;LSV;500;M;0;Il.lm./a Sr./a Regidor/a del Districte
3389;CONDUCTOR MENOR NOVELL TAXA ALCOHOL FINS 0,15 MG/L;CONDUCTOR MENOR NOVEL TAXA ALCOHOL HASTA 0,15 MG/L;Conduir un menor edat un vehicle. Taxa alcohol en aire expirat superior a 0,0 mg/l, fins a 0,15 mg/l conductor novell;Conducir un menor edad un vehiculo. Tasa alcohol en aire expirado superior a 0,0 mg/l, hasta 0,15 mg/l conductor novel;2022-03-21;9999-12-31;14. 1;LSV;500;M;0;Il.lm./a Sr./a Regidor/a del Districte
3390;CONDUCTOR MENOR NOVELL REINCIDENT TAXA ALCOHOL FINS 0,15 MG/;CONDUCTOR MENOR NOVEL REINCIDENTE TAXA ALCOHOL HASTA 0,15 MG;Conductor reincident. Conduir un menor edat un vehicle. Taxa alcohol en aire expirat superior a 0,0 mg/l, fins a 0,15 mg/l conductor novell;Conductor reincidente. Conducir un menor edad un vehiculo. Tasa alcohol en aire expirado superior a 0,0 mg/l, hasta 0,15 mg/l conductor novel;2022-03-21;9999-12-31;14. 1;LSV;1000;M;0;Il.lm./a Sr./a Regidor/a del Districte
3391;CONDUCTOR MENOR TAXA ALCOHOL FINS 0,25 MG/L SENSE PERMIS;CONDUCTOR MENOR TAXA ALCOHOL HASTA 0,25 MG/L SIN PERMISO;Conduir un menor edat un vehicle. Taxa alcohol en aire expirat superior a 0,0 mg/l, fins a 0,25 mg/l;Conducir un menor edad un vehiculo. Tasa alcohol en aire expirado superior a 0,0 mg/l, hasta 0,25 mg/l;2022-03-21;9999-12-31;14. 1;LSV;500;M;0;Il.lm./a Sr./a Regidor/a del Districte
3392;CONDUCTOR MENOR REINCIDENT TAXA ALCOHOL FINS 0,25 MG/L SENSE;CONDUCTOR MENOR REINCIDENTE TAXA ALCOHOL HASTA 0,25 MG/L SIN;Conductor reincident. Conduir un menor edat un vehicle. Taxa alcohol en aire expirat superior a 0,0 mg/l, fins a 0,25 mg/l;Conductor reincidente. Conducir un menor edad un vehiculo. Tasa alcohol en aire expirado superior a 0,0 mg/l, hasta 0,25 mg/l;2022-03-21;9999-12-31;14. 1;LSV;1000;M;0;Il.lm./a Sr./a Regidor/a del Districte
3393;CONDUCT MENOR CICLE/VMP/CICLE 2RODES, TAXA ALCOHOL FINS 0,25;CONDUC MENOR CICLO/ MAS 2 RUEDA/VMP, TAXA ALCOHOL HASTA 0,25;Conduir un menor edat una bicicleta / vehicle de mobilitat personal (VMP) / cicle de mes de dues rodes. Taxa alcohol en aire expirat superior a 0,0 mg/l, fins a 0,25 mg/l;Conducir un menor edad una bicicleta / vehiculo de movildad personal (VMP) / ciclo de mas de dos ruedas. Tasa alcohol en aire expirado superior a 0,0 mg/l, hasta 0,25 mg/l;2022-03-21;9999-12-31;14. 1;LSV;500;M;0;Il.lm./a Sr./a Regidor/a del Districte
